building native Bend benchmark executables (compact primary API)
  compile benchmarks/compact/dec.bend -> bend-dec: attempt 0, peak 2.65 GB, exit 0
  compile benchmarks/compact/dec.bend -> bend-dec.c: attempt 0, peak 3.17 GB, exit 0
  compile benchmarks/compact/enc.bend -> bend-enc: attempt 0, peak 2.41 GB, exit 0
  compile benchmarks/compact/enc.bend -> bend-enc.c: attempt 0, peak 3.39 GB, exit 0
  compile benchmarks/compact/root.bend -> bend-root: attempt 0, peak 2.71 GB, exit 0
  compile benchmarks/compact/root.bend -> bend-root.c: attempt 0, peak 3.52 GB, exit 0
building native Go reference executable
AggregateAndProof.deserialize                    small-fixture    x524288   bend        549.3 ns  ref      134.8 ns       4.1x
AggregateAndProof.serialize                      small-fixture    x5000000  bend         48.2 ns  ref       47.2 ns       1.0x
AggregateAndProof.hash_tree_root                 small-fixture    x32768    bend      13061.5 ns  ref     2521.5 ns       5.2x
AggregateAndProof.deserialize                    medium-fixture   x524288   bend        560.8 ns  ref      149.9 ns       3.7x
AggregateAndProof.serialize                      medium-fixture   x5000000  bend         50.2 ns  ref       48.9 ns       1.0x
AggregateAndProof.hash_tree_root                 medium-fixture   x40960    bend      10376.0 ns  ref     1924.1 ns       5.4x
AggregateAndProof.deserialize                    large-fixture    x524288   bend        587.5 ns  ref      137.4 ns       4.3x
AggregateAndProof.serialize                      large-fixture    x5000000  bend         52.8 ns  ref       50.2 ns       1.1x
AggregateAndProof.hash_tree_root                 large-fixture    x32768    bend      13458.3 ns  ref     2577.6 ns       5.2x
Attestation.deserialize                          small-fixture    x1572864  bend        263.2 ns  ref      103.7 ns       2.5x
Attestation.serialize                            small-fixture    x5000000  bend         23.8 ns  ref       34.6 ns       0.7x
Attestation.hash_tree_root                       small-fixture    x49152    bend       8931.5 ns  ref     1181.4 ns       7.6x
Attestation.deserialize                          medium-fixture   x1048576  bend        257.5 ns  ref      102.4 ns       2.5x
Attestation.serialize                            medium-fixture   x5000000  bend         27.4 ns  ref       39.7 ns       0.7x
Attestation.hash_tree_root                       medium-fixture   x40960    bend       9887.7 ns  ref     2000.1 ns       4.9x
Attestation.deserialize                          large-fixture    x1572864  bend        271.5 ns  ref      106.6 ns       2.5x
Attestation.serialize                            large-fixture    x5000000  bend         25.4 ns  ref       35.5 ns       0.7x
Attestation.hash_tree_root                       large-fixture    x49152    bend      10396.3 ns  ref     2154.4 ns       4.8x
AttestationData.deserialize                      small-fixture    x5000000  bend          6.8 ns  ref       51.3 ns       0.1x
AttestationData.serialize                        small-fixture    x5000000  bend         17.2 ns  ref       26.4 ns       0.7x
AttestationData.hash_tree_root                   small-fixture    x114688   bend       3949.8 ns  ref      735.1 ns       5.4x
AttestationData.deserialize                      medium-fixture   x5000000  bend          6.6 ns  ref       50.8 ns       0.1x
AttestationData.serialize                        medium-fixture   x5000000  bend         17.4 ns  ref       25.9 ns       0.7x
AttestationData.hash_tree_root                   medium-fixture   x106496   bend       3990.8 ns  ref      771.3 ns       5.2x
AttestationData.deserialize                      large-fixture    x5000000  bend          7.2 ns  ref       50.9 ns       0.1x
AttestationData.serialize                        large-fixture    x5000000  bend         17.2 ns  ref       25.8 ns       0.7x
AttestationData.hash_tree_root                   large-fixture    x114688   bend       4002.2 ns  ref      748.1 ns       5.3x
AttesterSlashing.deserialize                     small-fixture    x524288   bend        671.4 ns  ref      229.4 ns       2.9x
AttesterSlashing.serialize                       small-fixture    x5000000  bend         52.6 ns  ref       68.5 ns       0.8x
AttesterSlashing.hash_tree_root                  small-fixture    x16384    bend      25390.6 ns  ref     5255.8 ns       4.8x
AttesterSlashing.deserialize                     medium-fixture   x524288   bend        669.5 ns  ref      232.7 ns       2.9x
AttesterSlashing.serialize                       medium-fixture   x4718592  bend         94.5 ns  ref       76.6 ns       1.2x
AttesterSlashing.hash_tree_root                  medium-fixture   x16384    bend      25695.8 ns  ref     5294.8 ns       4.9x
AttesterSlashing.deserialize                     large-fixture    x524288   bend        663.8 ns  ref      238.9 ns       2.8x
AttesterSlashing.serialize                       large-fixture    x4718592  bend         96.4 ns  ref       89.8 ns       1.1x
AttesterSlashing.hash_tree_root                  large-fixture    x16384    bend      26001.0 ns  ref     5446.9 ns       4.8x
BLSPubkey.deserialize                            zero             x5000000  bend          5.2 ns  ref       36.0 ns       0.1x
BLSPubkey.serialize                              zero             x5000000  bend         12.4 ns  ref       17.6 ns       0.7x
BLSPubkey.hash_tree_root                         zero             x1048576  bend        418.7 ns  ref      284.5 ns       1.5x
BLSPubkey.deserialize                            random           x5000000  bend          5.2 ns  ref       36.4 ns       0.1x
BLSPubkey.serialize                              random           x5000000  bend         12.0 ns  ref       18.3 ns       0.7x
BLSPubkey.hash_tree_root                         random           x1048576  bend        424.4 ns  ref      284.6 ns       1.5x
BLSPubkey.deserialize                            saturated        x5000000  bend          5.2 ns  ref       37.4 ns       0.1x
BLSPubkey.serialize                              saturated        x5000000  bend         12.2 ns  ref       17.9 ns       0.7x
BLSPubkey.hash_tree_root                         saturated        x1048576  bend        428.2 ns  ref      285.9 ns       1.5x
BLSSignature.deserialize                         zero             x5000000  bend          5.4 ns  ref       41.8 ns       0.1x
BLSSignature.serialize                           zero             x5000000  bend         17.2 ns  ref       21.3 ns       0.8x
BLSSignature.hash_tree_root                      zero             x253952   bend       1078.9 ns  ref      469.1 ns       2.3x
BLSSignature.deserialize                         random           x5000000  bend          5.4 ns  ref       41.7 ns       0.1x
BLSSignature.serialize                           random           x5000000  bend         17.4 ns  ref       22.3 ns       0.8x
BLSSignature.hash_tree_root                      random           x409600   bend       1074.2 ns  ref      462.6 ns       2.3x
BLSSignature.deserialize                         saturated        x5000000  bend          5.2 ns  ref       40.9 ns       0.1x
BLSSignature.serialize                           saturated        x5000000  bend         17.6 ns  ref       21.2 ns       0.8x
BLSSignature.hash_tree_root                      saturated        x409600   bend       1064.5 ns  ref      467.1 ns       2.3x
BLSToExecutionChange.deserialize                 small-fixture    x5000000  bend          6.8 ns  ref       19.3 ns       0.4x
BLSToExecutionChange.serialize                   small-fixture    x5000000  bend         17.2 ns  ref       21.1 ns       0.8x
BLSToExecutionChange.hash_tree_root              small-fixture    x253952   bend       1882.2 ns  ref      394.6 ns       4.8x
BLSToExecutionChange.deserialize                 medium-fixture   x5000000  bend          7.4 ns  ref       20.3 ns       0.4x
BLSToExecutionChange.serialize                   medium-fixture   x5000000  bend         18.4 ns  ref       23.1 ns       0.8x
BLSToExecutionChange.hash_tree_root              medium-fixture   x221184   bend       1822.0 ns  ref      396.0 ns       4.6x
BLSToExecutionChange.deserialize                 large-fixture    x5000000  bend          6.8 ns  ref       19.4 ns       0.4x
BLSToExecutionChange.serialize                   large-fixture    x5000000  bend         17.4 ns  ref       21.9 ns       0.8x
BLSToExecutionChange.hash_tree_root              large-fixture    x253952   bend       1862.6 ns  ref      391.6 ns       4.8x
BeaconBlock.deserialize                          small-fixture    x114688   bend       4324.8 ns  ref     3318.7 ns       1.3x
BeaconBlock.serialize                            small-fixture    x204800   bend       1323.2 ns  ref      975.2 ns       1.4x
BeaconBlock.hash_tree_root                       small-fixture    x1408     bend     336647.7 ns  ref    68968.9 ns       4.9x
BeaconBlock.deserialize                          medium-fixture   x106496   bend       4892.2 ns  ref    10427.3 ns       0.5x
BeaconBlock.serialize                            medium-fixture   x180224   bend       2596.8 ns  ref     1541.0 ns       1.7x
BeaconBlock.hash_tree_root                       medium-fixture   x1024     bend     462890.6 ns  ref   100177.4 ns       4.6x
BeaconBlock.deserialize                          large-fixture    x49152    bend       5594.9 ns  ref    11917.1 ns       0.5x
BeaconBlock.serialize                            large-fixture    x180224   bend       2308.2 ns  ref     1495.2 ns       1.5x
BeaconBlock.hash_tree_root                       large-fixture    x1152     bend     398437.5 ns  ref    81234.6 ns       4.9x
BeaconBlockBody.deserialize                      small-fixture    x114688   bend       4359.7 ns  ref     4745.2 ns       0.9x
BeaconBlockBody.serialize                        small-fixture    x409600   bend       1142.6 ns  ref      876.0 ns       1.3x
BeaconBlockBody.hash_tree_root                   small-fixture    x1408     bend     289062.5 ns  ref    61138.8 ns       4.7x
BeaconBlockBody.deserialize                      medium-fixture   x102400   bend       2714.8 ns  ref     7509.2 ns       0.4x
BeaconBlockBody.serialize                        medium-fixture   x204800   bend       2338.9 ns  ref     1367.3 ns       1.7x
BeaconBlockBody.hash_tree_root                   medium-fixture   x1152     bend     394965.3 ns  ref    84736.3 ns       4.7x
BeaconBlockBody.deserialize                      large-fixture    x90112    bend       5204.6 ns  ref    10483.8 ns       0.5x
BeaconBlockBody.serialize                        large-fixture    x204800   bend       2299.8 ns  ref     1700.0 ns       1.4x
BeaconBlockBody.hash_tree_root                   large-fixture    x896      bend     465401.8 ns  ref    99363.0 ns       4.7x
BeaconBlockHeader.deserialize                    small-fixture    x5000000  bend          6.4 ns  ref       19.2 ns       0.3x
BeaconBlockHeader.serialize                      small-fixture    x5000000  bend         18.4 ns  ref       25.1 ns       0.7x
BeaconBlockHeader.hash_tree_root                 small-fixture    x163840   bend       2526.9 ns  ref      509.3 ns       5.0x
BeaconBlockHeader.deserialize                    medium-fixture   x5000000  bend          5.8 ns  ref       18.2 ns       0.3x
BeaconBlockHeader.serialize                      medium-fixture   x5000000  bend         16.2 ns  ref       22.5 ns       0.7x
BeaconBlockHeader.hash_tree_root                 medium-fixture   x180224   bend       2441.4 ns  ref      494.1 ns       4.9x
BeaconBlockHeader.deserialize                    large-fixture    x5000000  bend          6.0 ns  ref       19.3 ns       0.3x
BeaconBlockHeader.serialize                      large-fixture    x5000000  bend         16.0 ns  ref       21.7 ns       0.7x
BeaconBlockHeader.hash_tree_root                 large-fixture    x180224   bend       2424.8 ns  ref      492.9 ns       4.9x
BeaconState.deserialize                          small-fixture    x180224   bend       2868.7 ns  ref   215379.1 ns       0.0x
BeaconState.serialize                            small-fixture    x1536     bend     290364.6 ns  ref   198191.4 ns       1.5x
BeaconState.hash_tree_root                       small-fixture    x18       bend   25777777.8 ns  ref  7454850.5 ns       3.5x
BeaconState.deserialize                          medium-fixture   x114688   bend       5161.8 ns  ref   258286.7 ns       0.0x
BeaconState.serialize                            medium-fixture   x1280     bend     367968.8 ns  ref   244008.0 ns       1.5x
BeaconState.hash_tree_root                       medium-fixture   x14       bend   30428571.4 ns  ref  8733881.1 ns       3.5x
BeaconState.deserialize                          large-fixture    x106496   bend       4920.4 ns  ref   250468.7 ns       0.0x
BeaconState.serialize                            large-fixture    x1280     bend     325781.2 ns  ref   219856.7 ns       1.5x
BeaconState.hash_tree_root                       large-fixture    x16       bend   29187500.0 ns  ref  8299183.6 ns       3.5x
Blob.deserialize                                 zero             x5000000  bend          5.6 ns  ref     6708.9 ns       0.0x
Blob.serialize                                   zero             x40960    bend      10253.9 ns  ref     5068.6 ns       2.0x
Blob.hash_tree_root                              zero             x256      bend    1332031.2 ns  ref   338111.3 ns       3.9x
Blob.deserialize                                 random           x5000000  bend          5.6 ns  ref     6712.0 ns       0.0x
Blob.serialize                                   random           x40960    bend      10253.9 ns  ref     5086.3 ns       2.0x
Blob.hash_tree_root                              random           x256      bend    1328125.0 ns  ref   333008.6 ns       4.0x
Blob.deserialize                                 saturated        x5000000  bend          5.2 ns  ref     6562.7 ns       0.0x
Blob.serialize                                   saturated        x49152    bend       9928.4 ns  ref     4950.2 ns       2.0x
Blob.hash_tree_root                              saturated        x256      bend    1308593.8 ns  ref   331399.5 ns       3.9x
BlobIdentifier.deserialize                       small-fixture    x5000000  bend          6.4 ns  ref       16.3 ns       0.4x
BlobIdentifier.serialize                         small-fixture    x5000000  bend         11.6 ns  ref       18.5 ns       0.6x
BlobIdentifier.hash_tree_root                    small-fixture    x524288   bend        719.1 ns  ref      131.7 ns       5.5x
BlobIdentifier.deserialize                       medium-fixture   x5000000  bend          7.0 ns  ref       17.5 ns       0.4x
BlobIdentifier.serialize                         medium-fixture   x5000000  bend         12.6 ns  ref       20.1 ns       0.6x
BlobIdentifier.hash_tree_root                    medium-fixture   x524288   bend        682.8 ns  ref      117.3 ns       5.8x
BlobIdentifier.deserialize                       large-fixture    x5000000  bend          5.8 ns  ref       14.0 ns       0.4x
BlobIdentifier.serialize                         large-fixture    x5000000  bend         10.0 ns  ref       15.9 ns       0.6x
BlobIdentifier.hash_tree_root                    large-fixture    x524288   bend        618.0 ns  ref      115.2 ns       5.4x
BlobIndex.deserialize                            zero             x5000000  bend          4.6 ns  ref       29.8 ns       0.2x
BlobIndex.serialize                              zero             x5000000  bend          7.8 ns  ref       10.4 ns       0.7x
BlobIndex.hash_tree_root                         zero             x5000000  bend         49.4 ns  ref      159.2 ns       0.3x
BlobIndex.deserialize                            random           x5000000  bend          4.4 ns  ref       28.3 ns       0.2x
BlobIndex.serialize                              random           x5000000  bend          7.4 ns  ref        9.8 ns       0.8x
BlobIndex.hash_tree_root                         random           x5000000  bend         47.6 ns  ref      157.4 ns       0.3x
BlobIndex.deserialize                            saturated        x5000000  bend          4.6 ns  ref       27.9 ns       0.2x
BlobIndex.serialize                              saturated        x5000000  bend          7.2 ns  ref        9.9 ns       0.7x
BlobIndex.hash_tree_root                         saturated        x5000000  bend         47.8 ns  ref      157.9 ns       0.3x
BlobSidecar.deserialize                          small-fixture    x5000000  bend          5.8 ns  ref     6232.7 ns       0.0x
BlobSidecar.serialize                            small-fixture    x12288    bend      20914.7 ns  ref     5412.0 ns       3.9x
BlobSidecar.hash_tree_root                       small-fixture    x256      bend    1371093.8 ns  ref   333554.5 ns       4.1x
BlobSidecar.deserialize                          medium-fixture   x5000000  bend          6.8 ns  ref     5976.4 ns       0.0x
BlobSidecar.serialize                            medium-fixture   x16384    bend      21545.4 ns  ref     5701.8 ns       3.8x
BlobSidecar.hash_tree_root                       medium-fixture   x256      bend    1437500.0 ns  ref   352974.3 ns       4.1x
BlobSidecar.deserialize                          large-fixture    x5000000  bend          7.0 ns  ref     6524.9 ns       0.0x
BlobSidecar.serialize                            large-fixture    x16384    bend      21240.2 ns  ref     5654.3 ns       3.8x
BlobSidecar.hash_tree_root                       large-fixture    x256      bend    1402343.8 ns  ref   342720.2 ns       4.1x
Bytes1.deserialize                               zero             x5000000  bend          5.2 ns  ref       31.3 ns       0.2x
Bytes1.serialize                                 zero             x5000000  bend          8.2 ns  ref       10.5 ns       0.8x
Bytes1.hash_tree_root                            zero             x5000000  bend         55.6 ns  ref      182.1 ns       0.3x
Bytes1.deserialize                               random           x5000000  bend          5.6 ns  ref       32.0 ns       0.2x
Bytes1.serialize                                 random           x5000000  bend          8.6 ns  ref       10.6 ns       0.8x
Bytes1.hash_tree_root                            random           x5000000  bend         60.0 ns  ref      189.7 ns       0.3x
Bytes1.deserialize                               saturated        x5000000  bend          5.8 ns  ref       33.9 ns       0.2x
Bytes1.serialize                                 saturated        x5000000  bend          8.8 ns  ref       10.7 ns       0.8x
Bytes1.hash_tree_root                            saturated        x5000000  bend         56.6 ns  ref      188.0 ns       0.3x
Bytes20.deserialize                              zero             x5000000  bend          5.6 ns  ref       37.2 ns       0.2x
Bytes20.serialize                                zero             x5000000  bend          9.8 ns  ref       17.3 ns       0.6x
Bytes20.hash_tree_root                           zero             x5000000  bend         54.6 ns  ref      197.0 ns       0.3x
Bytes20.deserialize                              random           x5000000  bend          5.6 ns  ref       36.8 ns       0.2x
Bytes20.serialize                                random           x5000000  bend          9.6 ns  ref       17.2 ns       0.6x
Bytes20.hash_tree_root                           random           x5000000  bend         53.2 ns  ref      187.8 ns       0.3x
Bytes20.deserialize                              saturated        x5000000  bend          5.4 ns  ref       37.3 ns       0.1x
Bytes20.serialize                                saturated        x5000000  bend          9.8 ns  ref       17.4 ns       0.6x
Bytes20.hash_tree_root                           saturated        x4980736  bend         54.6 ns  ref      186.1 ns       0.3x
Bytes32.deserialize                              zero             x5000000  bend          5.6 ns  ref       37.8 ns       0.1x
Bytes32.serialize                                zero             x5000000  bend          9.8 ns  ref       17.5 ns       0.6x
Bytes32.hash_tree_root                           zero             x5000000  bend         48.6 ns  ref      159.0 ns       0.3x
Bytes32.deserialize                              random           x5000000  bend          5.6 ns  ref       37.4 ns       0.1x
Bytes32.serialize                                random           x5000000  bend          9.8 ns  ref       17.5 ns       0.6x
Bytes32.hash_tree_root                           random           x5000000  bend         46.8 ns  ref      155.9 ns       0.3x
Bytes32.deserialize                              saturated        x5000000  bend          5.6 ns  ref       37.3 ns       0.2x
Bytes32.serialize                                saturated        x5000000  bend          9.4 ns  ref       16.5 ns       0.6x
Bytes32.hash_tree_root                           saturated        x5000000  bend         49.4 ns  ref      160.2 ns       0.3x
Bytes4.deserialize                               zero             x5000000  bend          5.4 ns  ref       33.8 ns       0.2x
Bytes4.serialize                                 zero             x5000000  bend          8.0 ns  ref       11.1 ns       0.7x
Bytes4.hash_tree_root                            zero             x4980736  bend         52.8 ns  ref      185.0 ns       0.3x
Bytes4.deserialize                               random           x5000000  bend          5.6 ns  ref       33.8 ns       0.2x
Bytes4.serialize                                 random           x5000000  bend          8.2 ns  ref       11.1 ns       0.7x
Bytes4.hash_tree_root                            random           x4980736  bend         54.6 ns  ref      177.5 ns       0.3x
Bytes4.deserialize                               saturated        x5000000  bend          5.6 ns  ref       33.7 ns       0.2x
Bytes4.serialize                                 saturated        x5000000  bend          8.2 ns  ref       10.9 ns       0.8x
Bytes4.hash_tree_root                            saturated        x5000000  bend         53.6 ns  ref      179.6 ns       0.3x
Bytes48.deserialize                              zero             x5000000  bend          5.6 ns  ref       40.1 ns       0.1x
Bytes48.serialize                                zero             x5000000  bend         12.8 ns  ref       18.7 ns       0.7x
Bytes48.hash_tree_root                           zero             x1048576  bend        434.9 ns  ref      289.1 ns       1.5x
Bytes48.deserialize                              random           x5000000  bend          5.6 ns  ref       38.8 ns       0.1x
Bytes48.serialize                                random           x5000000  bend         12.6 ns  ref       18.3 ns       0.7x
Bytes48.hash_tree_root                           random           x1048576  bend        389.1 ns  ref      256.0 ns       1.5x
Bytes48.deserialize                              saturated        x5000000  bend          4.4 ns  ref       30.6 ns       0.1x
Bytes48.serialize                                saturated        x5000000  bend         10.4 ns  ref       15.5 ns       0.7x
Bytes48.hash_tree_root                           saturated        x1048576  bend        371.9 ns  ref      247.0 ns       1.5x
Bytes8.deserialize                               zero             x5000000  bend          5.0 ns  ref       29.8 ns       0.2x
Bytes8.serialize                                 zero             x5000000  bend          7.8 ns  ref       10.4 ns       0.7x
Bytes8.hash_tree_root                            zero             x5000000  bend         49.8 ns  ref      164.6 ns       0.3x
Bytes8.deserialize                               random           x5000000  bend          5.0 ns  ref       29.9 ns       0.2x
Bytes8.serialize                                 random           x5000000  bend          7.4 ns  ref       10.0 ns       0.7x
Bytes8.hash_tree_root                            random           x4980736  bend         50.0 ns  ref      167.5 ns       0.3x
Bytes8.deserialize                               saturated        x5000000  bend          5.2 ns  ref       30.9 ns       0.2x
Bytes8.serialize                                 saturated        x5000000  bend          8.4 ns  ref       11.4 ns       0.7x
Bytes8.hash_tree_root                            saturated        x5000000  bend         53.0 ns  ref      175.6 ns       0.3x
Bytes96.deserialize                              zero             x5000000  bend          5.4 ns  ref       41.3 ns       0.1x
Bytes96.serialize                                zero             x5000000  bend         17.4 ns  ref       21.6 ns       0.8x
Bytes96.hash_tree_root                           zero             x409600   bend       1120.6 ns  ref      470.3 ns       2.4x
Bytes96.deserialize                              random           x5000000  bend          5.2 ns  ref       41.5 ns       0.1x
Bytes96.serialize                                random           x5000000  bend         18.4 ns  ref       21.8 ns       0.8x
Bytes96.hash_tree_root                           random           x409600   bend       1106.0 ns  ref      470.6 ns       2.4x
Bytes96.deserialize                              saturated        x5000000  bend          5.2 ns  ref       40.0 ns       0.1x
Bytes96.serialize                                saturated        x5000000  bend         17.2 ns  ref       22.2 ns       0.8x
Bytes96.hash_tree_root                           saturated        x409600   bend       1054.7 ns  ref      452.5 ns       2.3x
Cell.deserialize                                 zero             x5000000  bend          5.0 ns  ref      197.8 ns       0.0x
Cell.serialize                                   zero             x2621440  bend        170.1 ns  ref      171.1 ns       1.0x
Cell.hash_tree_root                              zero             x16384    bend      21057.1 ns  ref     5584.4 ns       3.8x
Cell.deserialize                                 random           x5000000  bend          5.2 ns  ref      203.3 ns       0.0x
Cell.serialize                                   random           x2621440  bend        170.9 ns  ref      170.1 ns       1.0x
Cell.hash_tree_root                              random           x16384    bend      20568.8 ns  ref     5547.7 ns       3.7x
Cell.deserialize                                 saturated        x5000000  bend          5.0 ns  ref      195.9 ns       0.0x
Cell.serialize                                   saturated        x2621440  bend        166.7 ns  ref      171.5 ns       1.0x
Cell.hash_tree_root                              saturated        x24576    bend      20182.3 ns  ref     5438.2 ns       3.7x
CellIndex.deserialize                            zero             x5000000  bend          4.8 ns  ref       30.1 ns       0.2x
CellIndex.serialize                              zero             x5000000  bend          7.6 ns  ref       10.5 ns       0.7x
CellIndex.hash_tree_root                         zero             x4980736  bend         49.6 ns  ref      171.4 ns       0.3x
CellIndex.deserialize                            random           x5000000  bend          4.8 ns  ref       30.1 ns       0.2x
CellIndex.serialize                              random           x5000000  bend          8.0 ns  ref       10.7 ns       0.7x
CellIndex.hash_tree_root                         random           x5000000  bend         51.0 ns  ref      171.7 ns       0.3x
CellIndex.deserialize                            saturated        x5000000  bend          4.6 ns  ref       30.2 ns       0.2x
CellIndex.serialize                              saturated        x5000000  bend          7.6 ns  ref       10.6 ns       0.7x
CellIndex.hash_tree_root                         saturated        x5000000  bend         50.6 ns  ref      168.5 ns       0.3x
Checkpoint.deserialize                           small-fixture    x5000000  bend          6.4 ns  ref       16.2 ns       0.4x
Checkpoint.serialize                             small-fixture    x5000000  bend         11.4 ns  ref       18.3 ns       0.6x
Checkpoint.hash_tree_root                        small-fixture    x524288   bend        659.9 ns  ref      122.2 ns       5.4x
Checkpoint.deserialize                           medium-fixture   x5000000  bend          6.4 ns  ref       15.8 ns       0.4x
Checkpoint.serialize                             medium-fixture   x5000000  bend         11.2 ns  ref       18.4 ns       0.6x
Checkpoint.hash_tree_root                        medium-fixture   x524288   bend        661.8 ns  ref      123.4 ns       5.4x
Checkpoint.deserialize                           large-fixture    x5000000  bend          6.4 ns  ref       15.5 ns       0.4x
Checkpoint.serialize                             large-fixture    x5000000  bend         11.4 ns  ref       17.9 ns       0.6x
Checkpoint.hash_tree_root                        large-fixture    x524288   bend        663.8 ns  ref      123.2 ns       5.4x
ColumnIndex.deserialize                          zero             x5000000  bend          4.8 ns  ref       30.0 ns       0.2x
ColumnIndex.serialize                            zero             x5000000  bend          7.8 ns  ref       10.2 ns       0.8x
ColumnIndex.hash_tree_root                       zero             x4980736  bend         50.8 ns  ref      172.9 ns       0.3x
ColumnIndex.deserialize                          random           x5000000  bend          5.0 ns  ref       30.3 ns       0.2x
ColumnIndex.serialize                            random           x5000000  bend          7.6 ns  ref       10.7 ns       0.7x
ColumnIndex.hash_tree_root                       random           x5000000  bend         51.2 ns  ref      172.8 ns       0.3x
ColumnIndex.deserialize                          saturated        x5000000  bend          4.8 ns  ref       30.6 ns       0.2x
ColumnIndex.serialize                            saturated        x5000000  bend          7.8 ns  ref       10.5 ns       0.7x
ColumnIndex.hash_tree_root                       saturated        x5000000  bend         50.4 ns  ref      168.5 ns       0.3x
CommitmentIndex.deserialize                      zero             x5000000  bend          4.8 ns  ref       30.4 ns       0.2x
CommitmentIndex.serialize                        zero             x5000000  bend          7.8 ns  ref       11.1 ns       0.7x
CommitmentIndex.hash_tree_root                   zero             x5000000  bend         52.2 ns  ref      171.7 ns       0.3x
CommitmentIndex.deserialize                      random           x5000000  bend          4.8 ns  ref       30.0 ns       0.2x
CommitmentIndex.serialize                        random           x5000000  bend          8.0 ns  ref       10.4 ns       0.8x
CommitmentIndex.hash_tree_root                   random           x5000000  bend         51.8 ns  ref      171.1 ns       0.3x
CommitmentIndex.deserialize                      saturated        x5000000  bend          4.8 ns  ref       31.0 ns       0.2x
CommitmentIndex.serialize                        saturated        x5000000  bend          8.0 ns  ref       10.5 ns       0.8x
CommitmentIndex.hash_tree_root                   saturated        x5000000  bend         51.0 ns  ref      172.4 ns       0.3x
CommitteeIndex.deserialize                       zero             x5000000  bend          4.8 ns  ref       30.6 ns       0.2x
CommitteeIndex.serialize                         zero             x5000000  bend          7.8 ns  ref       10.6 ns       0.7x
CommitteeIndex.hash_tree_root                    zero             x5000000  bend         52.0 ns  ref      177.3 ns       0.3x
CommitteeIndex.deserialize                       random           x5000000  bend          4.8 ns  ref       30.3 ns       0.2x
CommitteeIndex.serialize                         random           x5000000  bend          7.6 ns  ref       10.6 ns       0.7x
CommitteeIndex.hash_tree_root                    random           x4980736  bend         50.8 ns  ref      172.7 ns       0.3x
CommitteeIndex.deserialize                       saturated        x5000000  bend          4.6 ns  ref       30.5 ns       0.2x
CommitteeIndex.serialize                         saturated        x5000000  bend          8.0 ns  ref       10.4 ns       0.8x
CommitteeIndex.hash_tree_root                    saturated        x4980736  bend         51.2 ns  ref      176.5 ns       0.3x
ConsolidationRequest.deserialize                 small-fixture    x5000000  bend          6.6 ns  ref       21.1 ns       0.3x
ConsolidationRequest.serialize                   small-fixture    x5000000  bend         16.6 ns  ref       22.9 ns       0.7x
ConsolidationRequest.hash_tree_root              small-fixture    x221184   bend       2106.8 ns  ref      473.8 ns       4.4x
ConsolidationRequest.deserialize                 medium-fixture   x5000000  bend          6.4 ns  ref       21.1 ns       0.3x
ConsolidationRequest.serialize                   medium-fixture   x5000000  bend         16.6 ns  ref       23.7 ns       0.7x
ConsolidationRequest.hash_tree_root              medium-fixture   x221184   bend       2097.8 ns  ref      468.9 ns       4.5x
ConsolidationRequest.deserialize                 large-fixture    x5000000  bend          6.4 ns  ref       19.7 ns       0.3x
ConsolidationRequest.serialize                   large-fixture    x5000000  bend         16.2 ns  ref       23.6 ns       0.7x
ConsolidationRequest.hash_tree_root              large-fixture    x221184   bend       2106.8 ns  ref      469.5 ns       4.5x
ContributionAndProof.deserialize                 small-fixture    x5000000  bend          6.8 ns  ref       74.9 ns       0.1x
ContributionAndProof.serialize                   small-fixture    x5000000  bend         50.2 ns  ref       37.8 ns       1.3x
ContributionAndProof.hash_tree_root              small-fixture    x73728    bend       6144.2 ns  ref     1309.3 ns       4.7x
ContributionAndProof.deserialize                 medium-fixture   x5000000  bend          6.8 ns  ref       73.4 ns       0.1x
ContributionAndProof.serialize                   medium-fixture   x5000000  bend         51.6 ns  ref       37.2 ns       1.4x
ContributionAndProof.hash_tree_root              medium-fixture   x73728    bend       6524.0 ns  ref     1394.1 ns       4.7x
ContributionAndProof.deserialize                 large-fixture    x5000000  bend          6.8 ns  ref       77.8 ns       0.1x
ContributionAndProof.serialize                   large-fixture    x5000000  bend         53.0 ns  ref       37.7 ns       1.4x
ContributionAndProof.hash_tree_root              large-fixture    x65536    bend       5920.4 ns  ref     1287.3 ns       4.6x
CurrentSyncCommitteeBranch.deserialize           zero             x5000000  bend          5.8 ns  ref       46.2 ns       0.1x
CurrentSyncCommitteeBranch.serialize             zero             x5000000  bend         27.2 ns  ref       26.1 ns       1.0x
CurrentSyncCommitteeBranch.hash_tree_root        zero             x180224   bend       2374.8 ns  ref      701.6 ns       3.4x
CurrentSyncCommitteeBranch.deserialize           random           x5000000  bend          6.2 ns  ref       48.2 ns       0.1x
CurrentSyncCommitteeBranch.serialize             random           x5000000  bend         27.8 ns  ref       26.6 ns       1.0x
CurrentSyncCommitteeBranch.hash_tree_root        random           x180224   bend       2202.8 ns  ref      634.3 ns       3.5x
CurrentSyncCommitteeBranch.deserialize           saturated        x5000000  bend          5.0 ns  ref       41.3 ns       0.1x
CurrentSyncCommitteeBranch.serialize             saturated        x5000000  bend         24.8 ns  ref       24.8 ns       1.0x
CurrentSyncCommitteeBranch.hash_tree_root        saturated        x204800   bend       2168.0 ns  ref      643.3 ns       3.4x
CustodyIndex.deserialize                         zero             x5000000  bend          4.2 ns  ref       26.8 ns       0.2x
CustodyIndex.serialize                           zero             x5000000  bend          7.2 ns  ref        9.9 ns       0.7x
CustodyIndex.hash_tree_root                      zero             x5000000  bend         49.4 ns  ref      156.2 ns       0.3x
CustodyIndex.deserialize                         random           x5000000  bend          4.4 ns  ref       27.8 ns       0.2x
CustodyIndex.serialize                           random           x5000000  bend          7.4 ns  ref       10.0 ns       0.7x
CustodyIndex.hash_tree_root                      random           x5000000  bend         48.0 ns  ref      154.9 ns       0.3x
CustodyIndex.deserialize                         saturated        x5000000  bend          4.4 ns  ref       28.1 ns       0.2x
CustodyIndex.serialize                           saturated        x5000000  bend          7.4 ns  ref        9.6 ns       0.8x
CustodyIndex.hash_tree_root                      saturated        x5000000  bend         47.4 ns  ref      161.5 ns       0.3x
DataColumnSidecar.deserialize                    small-fixture    x2097152  bend        234.1 ns  ref      740.1 ns       0.3x
DataColumnSidecar.serialize                      small-fixture    x524288   bend        732.4 ns  ref      438.5 ns       1.7x
DataColumnSidecar.hash_tree_root                 small-fixture    x5248     bend      84984.8 ns  ref    20076.0 ns       4.2x
DataColumnSidecar.deserialize                    medium-fixture   x1572864  bend        269.6 ns  ref     1826.4 ns       0.1x
DataColumnSidecar.serialize                      medium-fixture   x204800   bend       2573.2 ns  ref      932.9 ns       2.8x
DataColumnSidecar.hash_tree_root                 medium-fixture   x2432     bend     185855.3 ns  ref    43768.9 ns       4.2x
DataColumnSidecar.deserialize                    large-fixture    x2097152  bend        241.8 ns  ref     1997.2 ns       0.1x
DataColumnSidecar.serialize                      large-fixture    x204800   bend       2207.0 ns  ref      998.8 ns       2.2x
DataColumnSidecar.hash_tree_root                 large-fixture    x2432     bend     208881.6 ns  ref    49514.4 ns       4.2x
DataColumnsByRootIdentifier.deserialize          small-fixture    x3145728  bend        154.8 ns  ref       40.6 ns       3.8x
DataColumnsByRootIdentifier.serialize            small-fixture    x5000000  bend         11.4 ns  ref       19.1 ns       0.6x
DataColumnsByRootIdentifier.hash_tree_root       small-fixture    x335872   bend       1351.7 ns  ref      212.4 ns       6.4x
DataColumnsByRootIdentifier.deserialize          medium-fixture   x3145728  bend        154.8 ns  ref       59.6 ns       2.6x
DataColumnsByRootIdentifier.serialize            medium-fixture   x5000000  bend         11.8 ns  ref       21.0 ns       0.6x
DataColumnsByRootIdentifier.hash_tree_root       medium-fixture   x163840   bend       2862.5 ns  ref      602.1 ns       4.8x
DataColumnsByRootIdentifier.deserialize          large-fixture    x3145728  bend        156.4 ns  ref       62.4 ns       2.5x
DataColumnsByRootIdentifier.serialize            large-fixture    x5000000  bend         16.2 ns  ref       25.6 ns       0.6x
DataColumnsByRootIdentifier.hash_tree_root       large-fixture    x139264   bend       3209.7 ns  ref      613.3 ns       5.2x
Deposit.deserialize                              small-fixture    x5000000  bend          6.8 ns  ref      733.4 ns       0.0x
Deposit.serialize                                small-fixture    x2621440  bend        164.0 ns  ref      131.2 ns       1.3x
Deposit.hash_tree_root                           small-fixture    x24576    bend      15258.8 ns  ref     3529.9 ns       4.3x
Deposit.deserialize                              medium-fixture   x5000000  bend          6.0 ns  ref      702.7 ns       0.0x
Deposit.serialize                                medium-fixture   x2621440  bend        154.5 ns  ref      118.5 ns       1.3x
Deposit.hash_tree_root                           medium-fixture   x32768    bend      14129.6 ns  ref     3413.0 ns       4.1x
Deposit.deserialize                              large-fixture    x5000000  bend          6.2 ns  ref      717.2 ns       0.0x
Deposit.serialize                                large-fixture    x2621440  bend        153.7 ns  ref      112.7 ns       1.4x
Deposit.hash_tree_root                           large-fixture    x32768    bend      14129.6 ns  ref     3463.9 ns       4.1x
DepositData.deserialize                          small-fixture    x5000000  bend          5.8 ns  ref       42.8 ns       0.1x
DepositData.serialize                            small-fixture    x5000000  bend         25.8 ns  ref       26.6 ns       1.0x
DepositData.hash_tree_root                       small-fixture    x90112    bend       2663.4 ns  ref      583.4 ns       4.6x
DepositData.deserialize                          medium-fixture   x5000000  bend          7.4 ns  ref       52.5 ns       0.1x
DepositData.serialize                            medium-fixture   x5000000  bend         29.8 ns  ref       31.5 ns       0.9x
DepositData.hash_tree_root                       medium-fixture   x77824    bend       3135.3 ns  ref      682.8 ns       4.6x
DepositData.deserialize                          large-fixture    x5000000  bend          7.2 ns  ref       53.5 ns       0.1x
DepositData.serialize                            large-fixture    x5000000  bend         29.6 ns  ref       31.5 ns       0.9x
DepositData.hash_tree_root                       large-fixture    x139264   bend       3130.7 ns  ref      682.0 ns       4.6x
DepositMessage.deserialize                       small-fixture    x5000000  bend          7.4 ns  ref       43.1 ns       0.2x
DepositMessage.serialize                         small-fixture    x5000000  bend         18.4 ns  ref       23.6 ns       0.8x
DepositMessage.hash_tree_root                    small-fixture    x143360   bend       1918.2 ns  ref      410.6 ns       4.7x
DepositMessage.deserialize                       medium-fixture   x5000000  bend          6.8 ns  ref       40.6 ns       0.2x
DepositMessage.serialize                         medium-fixture   x5000000  bend         17.8 ns  ref       23.5 ns       0.8x
DepositMessage.hash_tree_root                    medium-fixture   x253952   bend       1913.7 ns  ref      409.6 ns       4.7x
DepositMessage.deserialize                       large-fixture    x5000000  bend          7.0 ns  ref       42.5 ns       0.2x
DepositMessage.serialize                         large-fixture    x5000000  bend         18.2 ns  ref       24.0 ns       0.8x
DepositMessage.hash_tree_root                    large-fixture    x253952   bend       1901.9 ns  ref      404.7 ns       4.7x
DepositRequest.deserialize                       small-fixture    x5000000  bend          6.8 ns  ref       51.2 ns       0.1x
DepositRequest.serialize                         small-fixture    x5000000  bend         29.0 ns  ref       30.8 ns       0.9x
DepositRequest.hash_tree_root                    small-fixture    x106496   bend       4291.2 ns  ref      929.3 ns       4.6x
DepositRequest.deserialize                       medium-fixture   x5000000  bend          6.8 ns  ref       46.3 ns       0.1x
DepositRequest.serialize                         medium-fixture   x5000000  bend         24.6 ns  ref       25.8 ns       1.0x
DepositRequest.hash_tree_root                    medium-fixture   x122880   bend       3613.3 ns  ref      787.4 ns       4.6x
DepositRequest.deserialize                       large-fixture    x5000000  bend          7.4 ns  ref       52.4 ns       0.1x
DepositRequest.serialize                         large-fixture    x5000000  bend         27.8 ns  ref       30.3 ns       0.9x
DepositRequest.hash_tree_root                    large-fixture    x106496   bend       4094.1 ns  ref      888.6 ns       4.6x
Domain.deserialize                               zero             x5000000  bend          5.4 ns  ref       35.5 ns       0.2x
Domain.serialize                                 zero             x5000000  bend          9.6 ns  ref       17.0 ns       0.6x
Domain.hash_tree_root                            zero             x5000000  bend         49.0 ns  ref      161.5 ns       0.3x
Domain.deserialize                               random           x5000000  bend          5.4 ns  ref       36.3 ns       0.1x
Domain.serialize                                 random           x5000000  bend          9.2 ns  ref       17.4 ns       0.5x
Domain.hash_tree_root                            random           x5000000  bend         46.4 ns  ref      156.8 ns       0.3x
Domain.deserialize                               saturated        x5000000  bend          5.2 ns  ref       36.4 ns       0.1x
Domain.serialize                                 saturated        x5000000  bend          9.4 ns  ref       17.4 ns       0.5x
Domain.hash_tree_root                            saturated        x5000000  bend         46.4 ns  ref      159.2 ns       0.3x
DomainType.deserialize                           zero             x5000000  bend          5.2 ns  ref       32.7 ns       0.2x
DomainType.serialize                             zero             x5000000  bend          8.2 ns  ref       11.1 ns       0.7x
DomainType.hash_tree_root                        zero             x5000000  bend         53.2 ns  ref      173.1 ns       0.3x
DomainType.deserialize                           random           x5000000  bend          5.2 ns  ref       31.4 ns       0.2x
DomainType.serialize                             random           x5000000  bend          7.8 ns  ref       10.4 ns       0.7x
DomainType.hash_tree_root                        random           x5000000  bend         51.0 ns  ref      165.0 ns       0.3x
DomainType.deserialize                           saturated        x5000000  bend          5.2 ns  ref       31.7 ns       0.2x
DomainType.serialize                             saturated        x5000000  bend          7.8 ns  ref       10.2 ns       0.8x
DomainType.hash_tree_root                        saturated        x4980736  bend         51.2 ns  ref      171.5 ns       0.3x
Epoch.deserialize                                zero             x5000000  bend          4.8 ns  ref       30.4 ns       0.2x
Epoch.serialize                                  zero             x5000000  bend          7.8 ns  ref       10.9 ns       0.7x
Epoch.hash_tree_root                             zero             x4980736  bend         51.8 ns  ref      176.3 ns       0.3x
Epoch.deserialize                                random           x5000000  bend          4.8 ns  ref       30.2 ns       0.2x
Epoch.serialize                                  random           x5000000  bend          8.0 ns  ref       10.7 ns       0.7x
Epoch.hash_tree_root                             random           x5000000  bend         52.4 ns  ref      172.7 ns       0.3x
Epoch.deserialize                                saturated        x5000000  bend          4.8 ns  ref       30.3 ns       0.2x
Epoch.serialize                                  saturated        x5000000  bend          8.0 ns  ref       10.7 ns       0.7x
Epoch.hash_tree_root                             saturated        x5000000  bend         52.8 ns  ref      174.2 ns       0.3x
Eth1Block.deserialize                            small-fixture    x5000000  bend          7.2 ns  ref       40.5 ns       0.2x
Eth1Block.serialize                              small-fixture    x5000000  bend         12.8 ns  ref       22.2 ns       0.6x
Eth1Block.hash_tree_root                         small-fixture    x286720   bend       1454.4 ns  ref      292.1 ns       5.0x
Eth1Block.deserialize                            medium-fixture   x5000000  bend          6.0 ns  ref       32.8 ns       0.2x
Eth1Block.serialize                              medium-fixture   x5000000  bend         10.4 ns  ref       17.5 ns       0.6x
Eth1Block.hash_tree_root                         medium-fixture   x335872   bend       1280.2 ns  ref      258.1 ns       5.0x
Eth1Block.deserialize                            large-fixture    x5000000  bend          5.8 ns  ref       31.2 ns       0.2x
Eth1Block.serialize                              large-fixture    x5000000  bend         10.6 ns  ref       17.4 ns       0.6x
Eth1Block.hash_tree_root                         large-fixture    x204800   bend       1289.1 ns  ref      258.8 ns       5.0x
Eth1Data.deserialize                             small-fixture    x5000000  bend          5.8 ns  ref       46.4 ns       0.1x
Eth1Data.serialize                               small-fixture    x5000000  bend         15.6 ns  ref       20.7 ns       0.8x
Eth1Data.hash_tree_root                          small-fixture    x335872   bend       1295.1 ns  ref      263.8 ns       4.9x
Eth1Data.deserialize                             medium-fixture   x5000000  bend          6.2 ns  ref       47.5 ns       0.1x
Eth1Data.serialize                               medium-fixture   x5000000  bend         16.0 ns  ref       20.6 ns       0.8x
Eth1Data.hash_tree_root                          medium-fixture   x335872   bend       1304.1 ns  ref      277.4 ns       4.7x
Eth1Data.deserialize                             large-fixture    x5000000  bend          7.0 ns  ref       56.3 ns       0.1x
Eth1Data.serialize                               large-fixture    x5000000  bend         17.2 ns  ref       22.4 ns       0.8x
Eth1Data.hash_tree_root                          large-fixture    x167936   bend       1482.7 ns  ref      293.7 ns       5.0x
Ether.deserialize                                zero             x5000000  bend          5.0 ns  ref       30.2 ns       0.2x
Ether.serialize                                  zero             x5000000  bend          8.0 ns  ref       10.6 ns       0.8x
Ether.hash_tree_root                             zero             x5000000  bend         54.0 ns  ref      175.2 ns       0.3x
Ether.deserialize                                random           x5000000  bend          5.2 ns  ref       32.9 ns       0.2x
Ether.serialize                                  random           x5000000  bend          8.6 ns  ref       11.5 ns       0.7x
Ether.hash_tree_root                             random           x5000000  bend         56.8 ns  ref      184.0 ns       0.3x
Ether.deserialize                                saturated        x5000000  bend          5.0 ns  ref       32.0 ns       0.2x
Ether.serialize                                  saturated        x5000000  bend          8.6 ns  ref       11.2 ns       0.8x
Ether.hash_tree_root                             saturated        x5000000  bend         56.0 ns  ref      182.4 ns       0.3x
ExecutionAddress.deserialize                     zero             x5000000  bend          5.4 ns  ref       37.9 ns       0.1x
ExecutionAddress.serialize                       zero             x5000000  bend          9.8 ns  ref       17.5 ns       0.6x
ExecutionAddress.hash_tree_root                  zero             x5000000  bend         56.0 ns  ref      189.8 ns       0.3x
ExecutionAddress.deserialize                     random           x5000000  bend          5.6 ns  ref       37.6 ns       0.1x
ExecutionAddress.serialize                       random           x5000000  bend          9.8 ns  ref       17.9 ns       0.5x
ExecutionAddress.hash_tree_root                  random           x5000000  bend         54.4 ns  ref      187.2 ns       0.3x
ExecutionAddress.deserialize                     saturated        x5000000  bend          5.4 ns  ref       37.5 ns       0.1x
ExecutionAddress.serialize                       saturated        x5000000  bend          9.2 ns  ref       17.0 ns       0.5x
ExecutionAddress.hash_tree_root                  saturated        x5000000  bend         55.8 ns  ref      193.9 ns       0.3x
ExecutionBranch.deserialize                      zero             x5000000  bend          6.2 ns  ref       44.3 ns       0.1x
ExecutionBranch.serialize                        zero             x5000000  bend         18.6 ns  ref       23.0 ns       0.8x
ExecutionBranch.hash_tree_root                   zero             x409600   bend       1008.3 ns  ref      411.8 ns       2.4x
ExecutionBranch.deserialize                      random           x5000000  bend          5.0 ns  ref       36.4 ns       0.1x
ExecutionBranch.serialize                        random           x5000000  bend         15.4 ns  ref       19.5 ns       0.8x
ExecutionBranch.hash_tree_root                   random           x253952   bend       1067.1 ns  ref      440.6 ns       2.4x
ExecutionBranch.deserialize                      saturated        x5000000  bend          5.8 ns  ref       40.8 ns       0.1x
ExecutionBranch.serialize                        saturated        x5000000  bend         17.2 ns  ref       22.3 ns       0.8x
ExecutionBranch.hash_tree_root                   saturated        x409600   bend       1206.1 ns  ref      510.2 ns       2.4x
ExecutionPayload.deserialize                     small-fixture    x524288   bend        726.7 ns  ref      380.1 ns       1.9x
ExecutionPayload.serialize                       small-fixture    x2621440  bend        170.1 ns  ref      198.5 ns       0.9x
ExecutionPayload.hash_tree_root                  small-fixture    x7936     bend      59853.8 ns  ref    13297.7 ns       4.5x
ExecutionPayload.deserialize                     medium-fixture   x524288   bend        787.7 ns  ref      548.0 ns       1.4x
ExecutionPayload.serialize                       medium-fixture   x1048576  bend        328.1 ns  ref      273.5 ns       1.2x
ExecutionPayload.hash_tree_root                  medium-fixture   x3200     bend      84375.0 ns  ref    18167.6 ns       4.6x
ExecutionPayload.deserialize                     large-fixture    x253952   bend       1059.3 ns  ref      695.0 ns       1.5x
ExecutionPayload.serialize                       large-fixture    x1048576  bend        325.2 ns  ref      372.0 ns       0.9x
ExecutionPayload.hash_tree_root                  large-fixture    x3456     bend     128472.2 ns  ref    30242.5 ns       4.2x
ExecutionPayloadHeader.deserialize               small-fixture    x3145728  bend        166.3 ns  ref      108.9 ns       1.5x
ExecutionPayloadHeader.serialize                 small-fixture    x4194304  bend         98.5 ns  ref       85.7 ns       1.1x
ExecutionPayloadHeader.hash_tree_root            small-fixture    x32768    bend      12085.0 ns  ref     2405.0 ns       5.0x
ExecutionPayloadHeader.deserialize               medium-fixture   x3145728  bend        167.5 ns  ref      115.2 ns       1.5x
ExecutionPayloadHeader.serialize                 medium-fixture   x4718592  bend         92.4 ns  ref       80.8 ns       1.1x
ExecutionPayloadHeader.hash_tree_root            medium-fixture   x32768    bend      12268.1 ns  ref     2408.3 ns       5.1x
ExecutionPayloadHeader.deserialize               large-fixture    x2621440  bend        170.5 ns  ref      120.6 ns       1.4x
ExecutionPayloadHeader.serialize                 large-fixture    x4718592  bend         92.6 ns  ref       79.5 ns       1.2x
ExecutionPayloadHeader.hash_tree_root            large-fixture    x40960    bend      10717.8 ns  ref     2133.5 ns       5.0x
ExecutionRequests.deserialize                    small-fixture    x2097152  bend        237.5 ns  ref      141.5 ns       1.7x
ExecutionRequests.serialize                      small-fixture    x5000000  bend         46.6 ns  ref       46.6 ns       1.0x
ExecutionRequests.hash_tree_root                 small-fixture    x32768    bend      13946.5 ns  ref     2979.0 ns       4.7x
ExecutionRequests.deserialize                    medium-fixture   x2097152  bend        237.0 ns  ref      276.9 ns       0.9x
ExecutionRequests.serialize                      medium-fixture   x5000000  bend         86.2 ns  ref       98.9 ns       0.9x
ExecutionRequests.hash_tree_root                 medium-fixture   x16384    bend      26916.5 ns  ref     5416.6 ns       5.0x
ExecutionRequests.deserialize                    large-fixture    x2097152  bend        235.6 ns  ref      449.9 ns       0.5x
ExecutionRequests.serialize                      large-fixture    x2621440  bend        164.4 ns  ref      164.0 ns       1.0x
ExecutionRequests.hash_tree_root                 large-fixture    x8192     bend      44921.9 ns  ref     9247.8 ns       4.9x
FinalityBranch.deserialize                       zero             x5000000  bend          5.8 ns  ref       48.2 ns       0.1x
FinalityBranch.serialize                         zero             x5000000  bend         26.8 ns  ref       29.4 ns       0.9x
FinalityBranch.hash_tree_root                    zero             x102400   bend       2587.9 ns  ref      854.4 ns       3.0x
FinalityBranch.deserialize                       random           x5000000  bend          5.8 ns  ref       50.2 ns       0.1x
FinalityBranch.serialize                         random           x5000000  bend         27.4 ns  ref       29.2 ns       0.9x
FinalityBranch.hash_tree_root                    random           x180224   bend       2374.8 ns  ref      789.7 ns       3.0x
FinalityBranch.deserialize                       saturated        x5000000  bend          5.8 ns  ref       49.6 ns       0.1x
FinalityBranch.serialize                         saturated        x5000000  bend         26.0 ns  ref       29.8 ns       0.9x
FinalityBranch.hash_tree_root                    saturated        x204800   bend       2319.3 ns  ref      774.0 ns       3.0x
Fork.deserialize                                 small-fixture    x5000000  bend          6.4 ns  ref       13.2 ns       0.5x
Fork.serialize                                   small-fixture    x5000000  bend          7.8 ns  ref       17.4 ns       0.4x
Fork.hash_tree_root                              small-fixture    x286720   bend       1419.5 ns  ref      285.1 ns       5.0x
Fork.deserialize                                 medium-fixture   x5000000  bend          6.4 ns  ref       13.4 ns       0.5x
Fork.serialize                                   medium-fixture   x5000000  bend          7.8 ns  ref       17.0 ns       0.5x
Fork.hash_tree_root                              medium-fixture   x167936   bend       1458.9 ns  ref      294.0 ns       5.0x
Fork.deserialize                                 large-fixture    x5000000  bend          6.4 ns  ref       13.2 ns       0.5x
Fork.serialize                                   large-fixture    x5000000  bend          7.6 ns  ref       16.5 ns       0.5x
Fork.hash_tree_root                              large-fixture    x335872   bend       1444.0 ns  ref      285.2 ns       5.1x
ForkData.deserialize                             small-fixture    x5000000  bend          6.4 ns  ref       15.6 ns       0.4x
ForkData.serialize                               small-fixture    x5000000  bend         11.4 ns  ref       18.0 ns       0.6x
ForkData.hash_tree_root                          small-fixture    x524288   bend        650.4 ns  ref      123.5 ns       5.3x
ForkData.deserialize                             medium-fixture   x5000000  bend          6.8 ns  ref       16.6 ns       0.4x
ForkData.serialize                               medium-fixture   x5000000  bend         11.6 ns  ref       18.2 ns       0.6x
ForkData.hash_tree_root                          medium-fixture   x524288   bend        648.5 ns  ref      122.0 ns       5.3x
ForkData.deserialize                             large-fixture    x5000000  bend          6.8 ns  ref       16.7 ns       0.4x
ForkData.serialize                               large-fixture    x5000000  bend         11.8 ns  ref       18.8 ns       0.6x
ForkData.hash_tree_root                          large-fixture    x524288   bend        642.8 ns  ref      122.6 ns       5.2x
ForkDigest.deserialize                           zero             x5000000  bend          4.8 ns  ref       30.0 ns       0.2x
ForkDigest.serialize                             zero             x5000000  bend          7.6 ns  ref       10.1 ns       0.8x
ForkDigest.hash_tree_root                        zero             x5000000  bend         51.2 ns  ref      173.5 ns       0.3x
ForkDigest.deserialize                           random           x5000000  bend          4.8 ns  ref       30.0 ns       0.2x
ForkDigest.serialize                             random           x5000000  bend          7.4 ns  ref       10.2 ns       0.7x
ForkDigest.hash_tree_root                        random           x5000000  bend         49.4 ns  ref      167.9 ns       0.3x
ForkDigest.deserialize                           saturated        x5000000  bend          5.2 ns  ref       31.4 ns       0.2x
ForkDigest.serialize                             saturated        x5000000  bend          8.0 ns  ref       10.3 ns       0.8x
ForkDigest.hash_tree_root                        saturated        x5000000  bend         50.2 ns  ref      157.5 ns       0.3x
G1Point.deserialize                              zero             x5000000  bend          5.0 ns  ref       35.2 ns       0.1x
G1Point.serialize                                zero             x5000000  bend         11.0 ns  ref       16.2 ns       0.7x
G1Point.hash_tree_root                           zero             x1048576  bend        406.3 ns  ref      267.7 ns       1.5x
G1Point.deserialize                              random           x5000000  bend          5.0 ns  ref       34.7 ns       0.1x
G1Point.serialize                                random           x5000000  bend         11.2 ns  ref       16.7 ns       0.7x
G1Point.hash_tree_root                           random           x1048576  bend        405.3 ns  ref      270.0 ns       1.5x
G1Point.deserialize                              saturated        x5000000  bend          5.2 ns  ref       35.6 ns       0.1x
G1Point.serialize                                saturated        x5000000  bend         11.6 ns  ref       17.2 ns       0.7x
G1Point.hash_tree_root                           saturated        x1048576  bend        403.4 ns  ref      268.9 ns       1.5x
G2Point.deserialize                              zero             x5000000  bend          5.2 ns  ref       38.8 ns       0.1x
G2Point.serialize                                zero             x5000000  bend         17.2 ns  ref       21.0 ns       0.8x
G2Point.hash_tree_root                           zero             x253952   bend       1055.3 ns  ref      439.3 ns       2.4x
G2Point.deserialize                              random           x5000000  bend          5.2 ns  ref       39.3 ns       0.1x
G2Point.serialize                                random           x5000000  bend         17.2 ns  ref       21.5 ns       0.8x
G2Point.hash_tree_root                           random           x409600   bend       1069.3 ns  ref      458.2 ns       2.3x
G2Point.deserialize                              saturated        x5000000  bend          5.6 ns  ref       42.7 ns       0.1x
G2Point.serialize                                saturated        x5000000  bend         17.2 ns  ref       21.7 ns       0.8x
G2Point.hash_tree_root                           saturated        x409600   bend       1057.1 ns  ref      445.5 ns       2.4x
Gwei.deserialize                                 zero             x5000000  bend          4.6 ns  ref       29.7 ns       0.2x
Gwei.serialize                                   zero             x5000000  bend          7.8 ns  ref       10.8 ns       0.7x
Gwei.hash_tree_root                              zero             x5000000  bend         51.4 ns  ref      174.5 ns       0.3x
Gwei.deserialize                                 random           x5000000  bend          4.8 ns  ref       30.3 ns       0.2x
Gwei.serialize                                   random           x5000000  bend          8.4 ns  ref       11.1 ns       0.8x
Gwei.hash_tree_root                              random           x5000000  bend         53.4 ns  ref      174.0 ns       0.3x
Gwei.deserialize                                 saturated        x5000000  bend          4.8 ns  ref       30.3 ns       0.2x
Gwei.serialize                                   saturated        x5000000  bend          7.8 ns  ref       10.4 ns       0.8x
Gwei.hash_tree_root                              saturated        x5000000  bend         51.0 ns  ref      165.1 ns       0.3x
Hash32.deserialize                               zero             x5000000  bend          5.2 ns  ref       35.0 ns       0.1x
Hash32.serialize                                 zero             x5000000  bend          9.0 ns  ref       16.1 ns       0.6x
Hash32.hash_tree_root                            zero             x5000000  bend         44.6 ns  ref      151.4 ns       0.3x
Hash32.deserialize                               random           x5000000  bend          5.0 ns  ref       34.6 ns       0.1x
Hash32.serialize                                 random           x5000000  bend          9.2 ns  ref       16.3 ns       0.6x
Hash32.hash_tree_root                            random           x5000000  bend         45.4 ns  ref      153.3 ns       0.3x
Hash32.deserialize                               saturated        x5000000  bend          5.0 ns  ref       34.6 ns       0.1x
Hash32.serialize                                 saturated        x5000000  bend          9.0 ns  ref       15.8 ns       0.6x
Hash32.hash_tree_root                            saturated        x5000000  bend         45.4 ns  ref      153.5 ns       0.3x
HistoricalBatch.deserialize                      small-fixture    x5000000  bend          6.8 ns  ref   374452.1 ns       0.0x
HistoricalBatch.serialize                        small-fixture    x8192     bend      38818.4 ns  ref    75058.4 ns       0.5x
HistoricalBatch.hash_tree_root                   small-fixture    x82       bend    5121951.2 ns  ref  1327292.3 ns       3.9x
HistoricalBatch.deserialize                      medium-fixture   x5000000  bend          6.8 ns  ref   377097.8 ns       0.0x
HistoricalBatch.serialize                        medium-fixture   x8192     bend      37963.9 ns  ref    76462.3 ns       0.5x
HistoricalBatch.hash_tree_root                   medium-fixture   x82       bend    5146341.5 ns  ref  1325094.1 ns       3.9x
HistoricalBatch.deserialize                      large-fixture    x5000000  bend          6.8 ns  ref   375477.8 ns       0.0x
HistoricalBatch.serialize                        large-fixture    x8192     bend      39917.0 ns  ref    78156.2 ns       0.5x
HistoricalBatch.hash_tree_root                   large-fixture    x82       bend    5097561.0 ns  ref  1316178.9 ns       3.9x
HistoricalSummary.deserialize                    small-fixture    x5000000  bend          6.2 ns  ref       16.3 ns       0.4x
HistoricalSummary.serialize                      small-fixture    x5000000  bend         11.8 ns  ref       19.2 ns       0.6x
HistoricalSummary.hash_tree_root                 small-fixture    x524288   bend        654.2 ns  ref      124.5 ns       5.3x
HistoricalSummary.deserialize                    medium-fixture   x5000000  bend          6.4 ns  ref       17.0 ns       0.4x
HistoricalSummary.serialize                      medium-fixture   x5000000  bend         11.4 ns  ref       18.7 ns       0.6x
HistoricalSummary.hash_tree_root                 medium-fixture   x524288   bend        642.8 ns  ref      120.7 ns       5.3x
HistoricalSummary.deserialize                    large-fixture    x5000000  bend          6.4 ns  ref       16.3 ns       0.4x
HistoricalSummary.serialize                      large-fixture    x5000000  bend         11.2 ns  ref       18.7 ns       0.6x
HistoricalSummary.hash_tree_root                 large-fixture    x524288   bend        631.3 ns  ref      119.0 ns       5.3x
IndexedAttestation.deserialize                   small-fixture    x3145728  bend        151.0 ns  ref       93.7 ns       1.6x
IndexedAttestation.serialize                     small-fixture    x5000000  bend         25.2 ns  ref       35.1 ns       0.7x
IndexedAttestation.hash_tree_root                small-fixture    x40960    bend      10864.3 ns  ref     2331.1 ns       4.7x
IndexedAttestation.deserialize                   medium-fixture   x3670016  bend        161.3 ns  ref      109.5 ns       1.5x
IndexedAttestation.serialize                     medium-fixture   x5000000  bend         51.2 ns  ref       42.7 ns       1.2x
IndexedAttestation.hash_tree_root                medium-fixture   x20480    bend      11474.6 ns  ref     2423.4 ns       4.7x
IndexedAttestation.deserialize                   large-fixture    x3145728  bend        152.0 ns  ref      104.4 ns       1.5x
IndexedAttestation.serialize                     large-fixture    x5000000  bend         49.2 ns  ref       43.4 ns       1.1x
IndexedAttestation.hash_tree_root                large-fixture    x32768    bend      12054.4 ns  ref     2646.1 ns       4.6x
KZGCommitment.deserialize                        zero             x5000000  bend          5.2 ns  ref       36.2 ns       0.1x
KZGCommitment.serialize                          zero             x5000000  bend         11.8 ns  ref       17.1 ns       0.7x
KZGCommitment.hash_tree_root                     zero             x1048576  bend        401.5 ns  ref      264.2 ns       1.5x
KZGCommitment.deserialize                        random           x5000000  bend          5.0 ns  ref       36.0 ns       0.1x
KZGCommitment.serialize                          random           x5000000  bend         11.6 ns  ref       17.1 ns       0.7x
KZGCommitment.hash_tree_root                     random           x1048576  bend        414.8 ns  ref      284.0 ns       1.5x
KZGCommitment.deserialize                        saturated        x5000000  bend          5.2 ns  ref       36.2 ns       0.1x
KZGCommitment.serialize                          saturated        x5000000  bend         11.8 ns  ref       17.5 ns       0.7x
KZGCommitment.hash_tree_root                     saturated        x1048576  bend        433.9 ns  ref      290.4 ns       1.5x
KZGProof.deserialize                             zero             x5000000  bend          5.6 ns  ref       38.5 ns       0.1x
KZGProof.serialize                               zero             x5000000  bend         12.6 ns  ref       18.5 ns       0.7x
KZGProof.hash_tree_root                          zero             x1048576  bend        442.5 ns  ref      294.9 ns       1.5x
KZGProof.deserialize                             random           x5000000  bend          5.6 ns  ref       39.2 ns       0.1x
KZGProof.serialize                               random           x5000000  bend         12.6 ns  ref       19.0 ns       0.7x
KZGProof.hash_tree_root                          random           x1048576  bend        434.9 ns  ref      291.5 ns       1.5x
KZGProof.deserialize                             saturated        x5000000  bend          5.4 ns  ref       38.9 ns       0.1x
KZGProof.serialize                               saturated        x5000000  bend         12.6 ns  ref       18.5 ns       0.7x
KZGProof.hash_tree_root                          saturated        x1048576  bend        431.1 ns  ref      288.4 ns       1.5x
LightClientBootstrap.deserialize                 small-fixture    x524288   bend        658.0 ns  ref    10715.0 ns       0.1x
LightClientBootstrap.serialize                   small-fixture    x102400   bend       2421.9 ns  ref     2119.9 ns       1.1x
LightClientBootstrap.hash_tree_root              small-fixture    x1152     bend     411458.3 ns  ref    92193.1 ns       4.5x
LightClientBootstrap.deserialize                 medium-fixture   x524288   bend        663.8 ns  ref    10735.1 ns       0.1x
LightClientBootstrap.serialize                   medium-fixture   x180224   bend       2580.1 ns  ref     2238.5 ns       1.2x
LightClientBootstrap.hash_tree_root              medium-fixture   x1024     bend     413085.9 ns  ref    91531.9 ns       4.5x
LightClientBootstrap.deserialize                 large-fixture    x524288   bend        661.8 ns  ref    10656.2 ns       0.1x
LightClientBootstrap.serialize                   large-fixture    x180224   bend       2053.0 ns  ref     1785.9 ns       1.1x
LightClientBootstrap.hash_tree_root              large-fixture    x1280     bend     351562.5 ns  ref    78122.1 ns       4.5x
LightClientFinalityUpdate.deserialize            small-fixture    x507904   bend       1403.8 ns  ref     1386.9 ns       1.0x
LightClientFinalityUpdate.serialize              small-fixture    x1048576  bend        376.7 ns  ref      244.8 ns       1.5x
LightClientFinalityUpdate.hash_tree_root         small-fixture    x8192     bend      46508.8 ns  ref     8927.0 ns       5.2x
LightClientFinalityUpdate.deserialize            medium-fixture   x409600   bend       1276.9 ns  ref     1241.7 ns       1.0x
LightClientFinalityUpdate.serialize              medium-fixture   x1048576  bend        431.1 ns  ref      246.2 ns       1.8x
LightClientFinalityUpdate.hash_tree_root         medium-fixture   x8192     bend      48461.9 ns  ref     9019.9 ns       5.4x
LightClientFinalityUpdate.deserialize            large-fixture    x409600   bend       1301.3 ns  ref     1324.4 ns       1.0x
LightClientFinalityUpdate.serialize              large-fixture    x1048576  bend        420.6 ns  ref      299.5 ns       1.4x
LightClientFinalityUpdate.hash_tree_root         large-fixture    x6400     bend      57500.0 ns  ref    10510.9 ns       5.5x
LightClientHeader.deserialize                    small-fixture    x524288   bend        581.7 ns  ref      637.5 ns       0.9x
LightClientHeader.serialize                      small-fixture    x3670016  bend        129.4 ns  ref      129.2 ns       1.0x
LightClientHeader.hash_tree_root                 small-fixture    x16384    bend      24902.3 ns  ref     4779.7 ns       5.2x
LightClientHeader.deserialize                    medium-fixture   x524288   bend        585.6 ns  ref      593.3 ns       1.0x
LightClientHeader.serialize                      medium-fixture   x3670016  bend        131.1 ns  ref      139.1 ns       0.9x
LightClientHeader.hash_tree_root                 medium-fixture   x12288    bend      20670.6 ns  ref     4670.5 ns       4.4x
LightClientHeader.deserialize                    large-fixture    x524288   bend        555.0 ns  ref      767.8 ns       0.7x
LightClientHeader.serialize                      large-fixture    x3145728  bend        117.0 ns  ref      128.2 ns       0.9x
LightClientHeader.hash_tree_root                 large-fixture    x12288    bend      24007.2 ns  ref     4490.8 ns       5.3x
LightClientOptimisticUpdate.deserialize          small-fixture    x507904   bend        791.5 ns  ref      675.0 ns       1.2x
LightClientOptimisticUpdate.serialize            small-fixture    x3670016  bend        132.4 ns  ref      155.6 ns       0.9x
LightClientOptimisticUpdate.hash_tree_root       small-fixture    x8192     bend      29541.0 ns  ref     5766.0 ns       5.1x
LightClientOptimisticUpdate.deserialize          medium-fixture   x524288   bend        940.3 ns  ref      835.6 ns       1.1x
LightClientOptimisticUpdate.serialize            medium-fixture   x3670016  bend        126.7 ns  ref      159.7 ns       0.8x
LightClientOptimisticUpdate.hash_tree_root       medium-fixture   x8192     bend      30273.4 ns  ref     5773.4 ns       5.2x
LightClientOptimisticUpdate.deserialize          large-fixture    x524288   bend        970.8 ns  ref      836.8 ns       1.2x
LightClientOptimisticUpdate.serialize            large-fixture    x1048576  bend        248.0 ns  ref      182.0 ns       1.4x
LightClientOptimisticUpdate.hash_tree_root       large-fixture    x16384    bend      30639.6 ns  ref     5647.3 ns       5.4x
LightClientUpdate.deserialize                    small-fixture    x167936   bend       1631.6 ns  ref    15531.1 ns       0.1x
LightClientUpdate.serialize                      small-fixture    x61440    bend       3385.4 ns  ref     3228.5 ns       1.0x
LightClientUpdate.hash_tree_root                 small-fixture    x768      bend     593750.0 ns  ref   121410.1 ns       4.9x
LightClientUpdate.deserialize                    medium-fixture   x204800   bend       1523.4 ns  ref    17788.8 ns       0.1x
LightClientUpdate.serialize                      medium-fixture   x131072   bend       3486.6 ns  ref     3385.3 ns       1.0x
LightClientUpdate.hash_tree_root                 medium-fixture   x768      bend     528645.8 ns  ref   115251.3 ns       4.6x
LightClientUpdate.deserialize                    large-fixture    x335872   bend       1470.8 ns  ref    13903.8 ns       0.1x
LightClientUpdate.serialize                      large-fixture    x155648   bend       2878.3 ns  ref     2402.8 ns       1.2x
LightClientUpdate.hash_tree_root                 large-fixture    x896      bend     524553.6 ns  ref   116088.2 ns       4.5x
MatrixEntry.deserialize                          small-fixture    x5000000  bend         18.6 ns  ref      242.1 ns       0.1x
MatrixEntry.serialize                            small-fixture    x1048576  bend        379.6 ns  ref      200.6 ns       1.9x
MatrixEntry.hash_tree_root                       small-fixture    x16384    bend      26245.1 ns  ref     6275.4 ns       4.2x
MatrixEntry.deserialize                          medium-fixture   x5000000  bend         19.0 ns  ref      246.7 ns       0.1x
MatrixEntry.serialize                            medium-fixture   x1048576  bend        374.8 ns  ref      195.5 ns       1.9x
MatrixEntry.hash_tree_root                       medium-fixture   x16384    bend      25878.9 ns  ref     6220.1 ns       4.2x
MatrixEntry.deserialize                          large-fixture    x5000000  bend         18.4 ns  ref      246.1 ns       0.1x
MatrixEntry.serialize                            large-fixture    x1048576  bend        375.7 ns  ref      196.5 ns       1.9x
MatrixEntry.hash_tree_root                       large-fixture    x16384    bend      26184.1 ns  ref     6228.9 ns       4.2x
NextSyncCommitteeBranch.deserialize              zero             x5000000  bend          6.4 ns  ref       57.1 ns       0.1x
NextSyncCommitteeBranch.serialize                zero             x5000000  bend         32.4 ns  ref       31.0 ns       1.0x
NextSyncCommitteeBranch.hash_tree_root           zero             x155648   bend       3006.8 ns  ref      918.9 ns       3.3x
NextSyncCommitteeBranch.deserialize              random           x5000000  bend          7.0 ns  ref       63.5 ns       0.1x
NextSyncCommitteeBranch.serialize                random           x5000000  bend         32.8 ns  ref       36.0 ns       0.9x
NextSyncCommitteeBranch.hash_tree_root           random           x155648   bend       3038.9 ns  ref      916.6 ns       3.3x
NextSyncCommitteeBranch.deserialize              saturated        x5000000  bend          7.6 ns  ref       66.4 ns       0.1x
NextSyncCommitteeBranch.serialize                saturated        x5000000  bend         34.6 ns  ref       37.1 ns       0.9x
NextSyncCommitteeBranch.hash_tree_root           saturated        x77824    bend       3058.2 ns  ref      914.9 ns       3.3x
NodeID.deserialize                               zero             x5000000  bend          6.2 ns  ref       48.4 ns       0.1x
NodeID.serialize                                 zero             x5000000  bend         12.0 ns  ref       23.2 ns       0.5x
NodeID.hash_tree_root                            zero             x5000000  bend         56.4 ns  ref      204.6 ns       0.3x
NodeID.deserialize                               random           x5000000  bend          5.6 ns  ref       46.8 ns       0.1x
NodeID.serialize                                 random           x5000000  bend         11.2 ns  ref       22.1 ns       0.5x
NodeID.hash_tree_root                            random           x5000000  bend         59.8 ns  ref      206.5 ns       0.3x
NodeID.deserialize                               saturated        x5000000  bend          5.8 ns  ref       46.4 ns       0.1x
NodeID.serialize                                 saturated        x5000000  bend         11.4 ns  ref       21.9 ns       0.5x
NodeID.hash_tree_root                            saturated        x5000000  bend         57.8 ns  ref      205.0 ns       0.3x
ParticipationFlags.deserialize                   zero             x5000000  bend          6.2 ns  ref       39.6 ns       0.2x
ParticipationFlags.serialize                     zero             x5000000  bend         10.4 ns  ref       12.0 ns       0.9x
ParticipationFlags.hash_tree_root                zero             x5000000  bend         67.6 ns  ref      226.5 ns       0.3x
ParticipationFlags.deserialize                   random           x5000000  bend          5.8 ns  ref       42.6 ns       0.1x
ParticipationFlags.serialize                     random           x5000000  bend         10.4 ns  ref       12.2 ns       0.9x
ParticipationFlags.hash_tree_root                random           x5000000  bend         68.0 ns  ref      218.1 ns       0.3x
ParticipationFlags.deserialize                   saturated        x5000000  bend          5.8 ns  ref       40.2 ns       0.1x
ParticipationFlags.serialize                     saturated        x5000000  bend         10.2 ns  ref       12.9 ns       0.8x
ParticipationFlags.hash_tree_root                saturated        x5000000  bend         67.8 ns  ref      231.8 ns       0.3x
PayloadId.deserialize                            zero             x5000000  bend          6.8 ns  ref       48.7 ns       0.1x
PayloadId.serialize                              zero             x5000000  bend         10.6 ns  ref       13.0 ns       0.8x
PayloadId.hash_tree_root                         zero             x5000000  bend         66.2 ns  ref      226.9 ns       0.3x
PayloadId.deserialize                            random           x5000000  bend          7.4 ns  ref       38.4 ns       0.2x
PayloadId.serialize                              random           x5000000  bend         10.4 ns  ref       13.6 ns       0.8x
PayloadId.hash_tree_root                         random           x5000000  bend         68.0 ns  ref      230.2 ns       0.3x
PayloadId.deserialize                            saturated        x5000000  bend          6.2 ns  ref       41.7 ns       0.1x
PayloadId.serialize                              saturated        x5000000  bend         10.4 ns  ref       14.3 ns       0.7x
PayloadId.hash_tree_root                         saturated        x3932160  bend         66.6 ns  ref      231.5 ns       0.3x
PendingAttestation.deserialize                   small-fixture    x1048576  bend        356.7 ns  ref      112.0 ns       3.2x
PendingAttestation.serialize                     small-fixture    x5000000  bend         34.0 ns  ref       42.4 ns       0.8x
PendingAttestation.hash_tree_root                small-fixture    x49152    bend       8707.7 ns  ref     1543.3 ns       5.6x
PendingAttestation.deserialize                   medium-fixture   x1572864  bend        312.2 ns  ref       90.1 ns       3.5x
PendingAttestation.serialize                     medium-fixture   x5000000  bend         27.6 ns  ref       33.4 ns       0.8x
PendingAttestation.hash_tree_root                medium-fixture   x32768    bend       7354.7 ns  ref     1353.0 ns       5.4x
PendingAttestation.deserialize                   large-fixture    x1572864  bend        302.0 ns  ref       89.3 ns       3.4x
PendingAttestation.serialize                     large-fixture    x5000000  bend         27.6 ns  ref       33.6 ns       0.8x
PendingAttestation.hash_tree_root                large-fixture    x65536    bend       7232.7 ns  ref     1337.6 ns       5.4x
PendingConsolidation.deserialize                 small-fixture    x5000000  bend          6.6 ns  ref       14.0 ns       0.5x
PendingConsolidation.serialize                   small-fixture    x5000000  bend          8.0 ns  ref       16.4 ns       0.5x
PendingConsolidation.hash_tree_root              small-fixture    x524288   bend        724.8 ns  ref      133.2 ns       5.4x
PendingConsolidation.deserialize                 medium-fixture   x5000000  bend          6.8 ns  ref       14.0 ns       0.5x
PendingConsolidation.serialize                   medium-fixture   x5000000  bend          8.0 ns  ref       16.4 ns       0.5x
PendingConsolidation.hash_tree_root              medium-fixture   x524288   bend        684.7 ns  ref      124.6 ns       5.5x
PendingConsolidation.deserialize                 large-fixture    x5000000  bend          6.6 ns  ref       13.7 ns       0.5x
PendingConsolidation.serialize                   large-fixture    x5000000  bend          8.0 ns  ref       16.2 ns       0.5x
PendingConsolidation.hash_tree_root              large-fixture    x524288   bend        684.7 ns  ref      124.4 ns       5.5x
PendingDeposit.deserialize                       small-fixture    x5000000  bend          6.8 ns  ref       51.2 ns       0.1x
PendingDeposit.serialize                         small-fixture    x5000000  bend         27.6 ns  ref       29.3 ns       0.9x
PendingDeposit.hash_tree_root                    small-fixture    x106496   bend       3990.8 ns  ref      877.6 ns       4.5x
PendingDeposit.deserialize                       medium-fixture   x5000000  bend          6.8 ns  ref       51.1 ns       0.1x
PendingDeposit.serialize                         medium-fixture   x5000000  bend         27.6 ns  ref       31.2 ns       0.9x
PendingDeposit.hash_tree_root                    medium-fixture   x114688   bend       4037.0 ns  ref      882.8 ns       4.6x
PendingDeposit.deserialize                       large-fixture    x5000000  bend          6.8 ns  ref       50.6 ns       0.1x
PendingDeposit.serialize                         large-fixture    x5000000  bend         27.6 ns  ref       30.7 ns       0.9x
PendingDeposit.hash_tree_root                    large-fixture    x106496   bend       4047.1 ns  ref      882.7 ns       4.6x
PendingPartialWithdrawal.deserialize             small-fixture    x5000000  bend          6.6 ns  ref       15.8 ns       0.4x
PendingPartialWithdrawal.serialize               small-fixture    x5000000  bend          9.0 ns  ref       18.7 ns       0.5x
PendingPartialWithdrawal.hash_tree_root          small-fixture    x167936   bend       1447.0 ns  ref      293.3 ns       4.9x
PendingPartialWithdrawal.deserialize             medium-fixture   x5000000  bend          6.8 ns  ref       16.2 ns       0.4x
PendingPartialWithdrawal.serialize               medium-fixture   x5000000  bend          9.8 ns  ref       20.4 ns       0.5x
PendingPartialWithdrawal.hash_tree_root          medium-fixture   x286720   bend       1468.3 ns  ref      292.0 ns       5.0x
PendingPartialWithdrawal.deserialize             large-fixture    x5000000  bend          6.8 ns  ref       16.2 ns       0.4x
PendingPartialWithdrawal.serialize               large-fixture    x5000000  bend          9.2 ns  ref       19.2 ns       0.5x
PendingPartialWithdrawal.hash_tree_root          large-fixture    x286720   bend       1454.4 ns  ref      291.7 ns       5.0x
PowBlock.deserialize                             small-fixture    x5000000  bend          5.6 ns  ref       59.0 ns       0.1x
PowBlock.serialize                               small-fixture    x5000000  bend         13.6 ns  ref       18.3 ns       0.7x
PowBlock.hash_tree_root                          small-fixture    x409600   bend       1167.0 ns  ref      239.8 ns       4.9x
PowBlock.deserialize                             medium-fixture   x5000000  bend          5.2 ns  ref       55.7 ns       0.1x
PowBlock.serialize                               medium-fixture   x5000000  bend         13.2 ns  ref       17.6 ns       0.7x
PowBlock.hash_tree_root                          medium-fixture   x409600   bend       1167.0 ns  ref      240.0 ns       4.9x
PowBlock.deserialize                             large-fixture    x5000000  bend          5.2 ns  ref       55.9 ns       0.1x
PowBlock.serialize                               large-fixture    x5000000  bend         13.2 ns  ref       17.8 ns       0.7x
PowBlock.hash_tree_root                          large-fixture    x409600   bend       1167.0 ns  ref      240.3 ns       4.9x
ProposerSlashing.deserialize                     small-fixture    x5000000  bend          5.2 ns  ref       83.5 ns       0.1x
ProposerSlashing.serialize                       small-fixture    x5000000  bend         41.2 ns  ref       38.8 ns       1.1x
ProposerSlashing.hash_tree_root                  small-fixture    x65536    bend       7537.8 ns  ref     1513.1 ns       5.0x
ProposerSlashing.deserialize                     medium-fixture   x5000000  bend          5.2 ns  ref       82.9 ns       0.1x
ProposerSlashing.serialize                       medium-fixture   x5000000  bend         41.4 ns  ref       37.3 ns       1.1x
ProposerSlashing.hash_tree_root                  medium-fixture   x32768    bend       7568.4 ns  ref     1510.9 ns       5.0x
ProposerSlashing.deserialize                     large-fixture    x5000000  bend          5.2 ns  ref       84.0 ns       0.1x
ProposerSlashing.serialize                       large-fixture    x5000000  bend         41.2 ns  ref       37.8 ns       1.1x
ProposerSlashing.hash_tree_root                  large-fixture    x65536    bend       7553.1 ns  ref     1512.5 ns       5.0x
Root.deserialize                                 zero             x5000000  bend          4.0 ns  ref       27.0 ns       0.1x
Root.serialize                                   zero             x5000000  bend          7.0 ns  ref       12.3 ns       0.6x
Root.hash_tree_root                              zero             x5000000  bend         38.8 ns  ref      130.0 ns       0.3x
Root.deserialize                                 random           x5000000  bend          4.4 ns  ref       29.9 ns       0.1x
Root.serialize                                   random           x5000000  bend          7.6 ns  ref       14.1 ns       0.5x
Root.hash_tree_root                              random           x5000000  bend         38.0 ns  ref      128.5 ns       0.3x
Root.deserialize                                 saturated        x5000000  bend          4.2 ns  ref       29.3 ns       0.1x
Root.serialize                                   saturated        x5000000  bend          7.6 ns  ref       13.7 ns       0.6x
Root.hash_tree_root                              saturated        x5000000  bend         38.0 ns  ref      128.9 ns       0.3x
RowIndex.deserialize                             zero             x5000000  bend          4.2 ns  ref       25.3 ns       0.2x
RowIndex.serialize                               zero             x5000000  bend          6.4 ns  ref        8.9 ns       0.7x
RowIndex.hash_tree_root                          zero             x5000000  bend         44.2 ns  ref      140.9 ns       0.3x
RowIndex.deserialize                             random           x5000000  bend          4.0 ns  ref       25.4 ns       0.2x
RowIndex.serialize                               random           x5000000  bend          6.6 ns  ref        8.7 ns       0.8x
RowIndex.hash_tree_root                          random           x5000000  bend         43.4 ns  ref      137.6 ns       0.3x
RowIndex.deserialize                             saturated        x5000000  bend          4.0 ns  ref       25.1 ns       0.2x
RowIndex.serialize                               saturated        x5000000  bend          6.6 ns  ref        8.9 ns       0.7x
RowIndex.hash_tree_root                          saturated        x5000000  bend         43.0 ns  ref      137.8 ns       0.3x
SignedAggregateAndProof.deserialize              small-fixture    x524288   bend        686.6 ns  ref      141.7 ns       4.8x
SignedAggregateAndProof.serialize                small-fixture    x5000000  bend         42.8 ns  ref       51.0 ns       0.8x
SignedAggregateAndProof.hash_tree_root           small-fixture    x32768    bend      12298.6 ns  ref     2413.0 ns       5.1x
SignedAggregateAndProof.deserialize              medium-fixture   x524288   bend        646.6 ns  ref      133.8 ns       4.8x
SignedAggregateAndProof.serialize                medium-fixture   x5000000  bend         43.0 ns  ref       51.2 ns       0.8x
SignedAggregateAndProof.hash_tree_root           medium-fixture   x40960    bend       9863.3 ns  ref     1810.3 ns       5.4x
SignedAggregateAndProof.deserialize              large-fixture    x524288   bend        686.6 ns  ref      139.3 ns       4.9x
SignedAggregateAndProof.serialize                large-fixture    x5000000  bend         42.2 ns  ref       49.7 ns       0.8x
SignedAggregateAndProof.hash_tree_root           large-fixture    x32768    bend      12268.1 ns  ref     2415.4 ns       5.1x
SignedBLSToExecutionChange.deserialize           small-fixture    x5000000  bend          5.2 ns  ref       34.2 ns       0.2x
SignedBLSToExecutionChange.serialize             small-fixture    x5000000  bend         21.2 ns  ref       22.4 ns       0.9x
SignedBLSToExecutionChange.hash_tree_root        small-fixture    x163840   bend       2825.9 ns  ref      602.5 ns       4.7x
SignedBLSToExecutionChange.deserialize           medium-fixture   x5000000  bend          5.2 ns  ref       33.7 ns       0.2x
SignedBLSToExecutionChange.serialize             medium-fixture   x5000000  bend         21.2 ns  ref       22.1 ns       1.0x
SignedBLSToExecutionChange.hash_tree_root        medium-fixture   x163840   bend       2819.8 ns  ref      602.9 ns       4.7x
SignedBLSToExecutionChange.deserialize           large-fixture    x5000000  bend          5.2 ns  ref       33.6 ns       0.2x
SignedBLSToExecutionChange.serialize             large-fixture    x5000000  bend         21.2 ns  ref       22.9 ns       0.9x
SignedBLSToExecutionChange.hash_tree_root        large-fixture    x163840   bend       2819.8 ns  ref      602.7 ns       4.7x
SignedBeaconBlock.deserialize                    small-fixture    x139264   bend       3339.0 ns  ref     6976.1 ns       0.5x
SignedBeaconBlock.serialize                      small-fixture    x221184   bend       2075.2 ns  ref     1090.3 ns       1.9x
SignedBeaconBlock.hash_tree_root                 small-fixture    x1280     bend     262500.0 ns  ref    56508.9 ns       4.6x
SignedBeaconBlock.deserialize                    medium-fixture   x114688   bend       4185.3 ns  ref     7582.9 ns       0.6x
SignedBeaconBlock.serialize                      medium-fixture   x221184   bend       2075.2 ns  ref     1199.4 ns       1.7x
SignedBeaconBlock.hash_tree_root                 medium-fixture   x1408     bend     333096.6 ns  ref    69227.1 ns       4.8x
SignedBeaconBlock.deserialize                    large-fixture    x131072   bend       3692.6 ns  ref     9028.4 ns       0.4x
SignedBeaconBlock.serialize                      large-fixture    x204800   bend       2070.3 ns  ref     1587.9 ns       1.3x
SignedBeaconBlock.hash_tree_root                 large-fixture    x1152     bend     400173.6 ns  ref    84396.8 ns       4.7x
SignedBeaconBlockHeader.deserialize              small-fixture    x5000000  bend          5.0 ns  ref       35.7 ns       0.1x
SignedBeaconBlockHeader.serialize                small-fixture    x5000000  bend         21.2 ns  ref       23.7 ns       0.9x
SignedBeaconBlockHeader.hash_tree_root           small-fixture    x131072   bend       3524.8 ns  ref      728.8 ns       4.8x
SignedBeaconBlockHeader.deserialize              medium-fixture   x5000000  bend          5.2 ns  ref       35.4 ns       0.1x
SignedBeaconBlockHeader.serialize                medium-fixture   x5000000  bend         21.2 ns  ref       25.1 ns       0.8x
SignedBeaconBlockHeader.hash_tree_root           medium-fixture   x139264   bend       3532.9 ns  ref      729.1 ns       4.8x
SignedBeaconBlockHeader.deserialize              large-fixture    x5000000  bend          5.2 ns  ref       35.8 ns       0.1x
SignedBeaconBlockHeader.serialize                large-fixture    x5000000  bend         21.2 ns  ref       23.7 ns       0.9x
SignedBeaconBlockHeader.hash_tree_root           large-fixture    x131072   bend       3517.2 ns  ref      728.5 ns       4.8x
SignedContributionAndProof.deserialize           small-fixture    x5000000  bend          5.2 ns  ref       83.7 ns       0.1x
SignedContributionAndProof.serialize             small-fixture    x5000000  bend         41.2 ns  ref       37.1 ns       1.1x
SignedContributionAndProof.hash_tree_root        small-fixture    x73728    bend       6401.9 ns  ref     1359.4 ns       4.7x
SignedContributionAndProof.deserialize           medium-fixture   x5000000  bend          5.2 ns  ref       84.0 ns       0.1x
SignedContributionAndProof.serialize             medium-fixture   x5000000  bend         41.2 ns  ref       37.6 ns       1.1x
SignedContributionAndProof.hash_tree_root        medium-fixture   x73728    bend       6401.9 ns  ref     1358.8 ns       4.7x
SignedContributionAndProof.deserialize           large-fixture    x5000000  bend          5.2 ns  ref       84.7 ns       0.1x
SignedContributionAndProof.serialize             large-fixture    x5000000  bend         41.4 ns  ref       37.9 ns       1.1x
SignedContributionAndProof.hash_tree_root        large-fixture    x73728    bend       6388.3 ns  ref     1359.1 ns       4.7x
SignedVoluntaryExit.deserialize                  small-fixture    x5000000  bend          5.2 ns  ref       29.6 ns       0.2x
SignedVoluntaryExit.serialize                    small-fixture    x5000000  bend         13.2 ns  ref       18.5 ns       0.7x
SignedVoluntaryExit.hash_tree_root               small-fixture    x253952   bend       1898.0 ns  ref      391.1 ns       4.9x
SignedVoluntaryExit.deserialize                  medium-fixture   x5000000  bend          5.2 ns  ref       30.0 ns       0.2x
SignedVoluntaryExit.serialize                    medium-fixture   x5000000  bend         13.2 ns  ref       19.1 ns       0.7x
SignedVoluntaryExit.hash_tree_root               medium-fixture   x143360   bend       1897.3 ns  ref      391.5 ns       4.8x
SignedVoluntaryExit.deserialize                  large-fixture    x5000000  bend          5.2 ns  ref       29.6 ns       0.2x
SignedVoluntaryExit.serialize                    large-fixture    x5000000  bend         13.2 ns  ref       19.3 ns       0.7x
SignedVoluntaryExit.hash_tree_root               large-fixture    x253952   bend       1898.0 ns  ref      390.8 ns       4.9x
SigningData.deserialize                          small-fixture    x5000000  bend          5.2 ns  ref       13.4 ns       0.4x
SigningData.serialize                            small-fixture    x5000000  bend          9.0 ns  ref       14.9 ns       0.6x
SigningData.hash_tree_root                       small-fixture    x524288   bend        534.1 ns  ref      101.6 ns       5.3x
SigningData.deserialize                          medium-fixture   x5000000  bend          5.2 ns  ref       13.1 ns       0.4x
SigningData.serialize                            medium-fixture   x5000000  bend          8.8 ns  ref       14.7 ns       0.6x
SigningData.hash_tree_root                       medium-fixture   x524288   bend        534.1 ns  ref      101.6 ns       5.3x
SigningData.deserialize                          large-fixture    x5000000  bend          5.2 ns  ref       13.2 ns       0.4x
SigningData.serialize                            large-fixture    x5000000  bend          9.0 ns  ref       14.6 ns       0.6x
SigningData.hash_tree_root                       large-fixture    x524288   bend        534.1 ns  ref      101.5 ns       5.3x
SingleAttestation.deserialize                    small-fixture    x5000000  bend          5.2 ns  ref       57.8 ns       0.1x
SingleAttestation.serialize                      small-fixture    x5000000  bend         21.0 ns  ref       27.3 ns       0.8x
SingleAttestation.hash_tree_root                 small-fixture    x90112    bend       5315.6 ns  ref     1024.5 ns       5.2x
SingleAttestation.deserialize                    medium-fixture   x5000000  bend          5.2 ns  ref       57.9 ns       0.1x
SingleAttestation.serialize                      medium-fixture   x5000000  bend         21.2 ns  ref       27.2 ns       0.8x
SingleAttestation.hash_tree_root                 medium-fixture   x90112    bend       5326.7 ns  ref     1024.9 ns       5.2x
SingleAttestation.deserialize                    large-fixture    x5000000  bend          5.2 ns  ref       58.1 ns       0.1x
SingleAttestation.serialize                      large-fixture    x5000000  bend         21.0 ns  ref       27.1 ns       0.8x
SingleAttestation.hash_tree_root                 large-fixture    x90112    bend       5337.8 ns  ref     1025.8 ns       5.2x
Slot.deserialize                                 zero             x5000000  bend          3.8 ns  ref       23.3 ns       0.2x
Slot.serialize                                   zero             x5000000  bend          6.0 ns  ref        8.0 ns       0.8x
Slot.hash_tree_root                              zero             x5000000  bend         40.4 ns  ref      130.2 ns       0.3x
Slot.deserialize                                 random           x5000000  bend          3.8 ns  ref       23.1 ns       0.2x
Slot.serialize                                   random           x5000000  bend          6.0 ns  ref        8.0 ns       0.7x
Slot.hash_tree_root                              random           x5000000  bend         40.2 ns  ref      129.1 ns       0.3x
Slot.deserialize                                 saturated        x5000000  bend          3.8 ns  ref       23.6 ns       0.2x
Slot.serialize                                   saturated        x5000000  bend          6.0 ns  ref        8.1 ns       0.7x
Slot.hash_tree_root                              saturated        x5000000  bend         40.6 ns  ref      127.5 ns       0.3x
SubnetID.deserialize                             zero             x5000000  bend          3.8 ns  ref       23.3 ns       0.2x
SubnetID.serialize                               zero             x5000000  bend          6.0 ns  ref        8.0 ns       0.8x
SubnetID.hash_tree_root                          zero             x5000000  bend         40.6 ns  ref      131.3 ns       0.3x
SubnetID.deserialize                             random           x5000000  bend          3.6 ns  ref       23.4 ns       0.2x
SubnetID.serialize                               random           x5000000  bend          6.0 ns  ref        8.2 ns       0.7x
SubnetID.hash_tree_root                          random           x5000000  bend         39.8 ns  ref      130.4 ns       0.3x
SubnetID.deserialize                             saturated        x5000000  bend          3.6 ns  ref       23.2 ns       0.2x
SubnetID.serialize                               saturated        x5000000  bend          6.0 ns  ref        8.2 ns       0.7x
SubnetID.hash_tree_root                          saturated        x5000000  bend         39.4 ns  ref      131.0 ns       0.3x
SyncAggregate.deserialize                        small-fixture    x5000000  bend          5.4 ns  ref       34.0 ns       0.2x
SyncAggregate.serialize                          small-fixture    x5000000  bend         21.4 ns  ref       21.4 ns       1.0x
SyncAggregate.hash_tree_root                     small-fixture    x286720   bend       1670.6 ns  ref      386.3 ns       4.3x
SyncAggregate.deserialize                        medium-fixture   x5000000  bend          5.2 ns  ref       33.6 ns       0.2x
SyncAggregate.serialize                          medium-fixture   x5000000  bend         21.2 ns  ref       21.0 ns       1.0x
SyncAggregate.hash_tree_root                     medium-fixture   x286720   bend       1667.1 ns  ref      386.5 ns       4.3x
SyncAggregate.deserialize                        large-fixture    x5000000  bend          5.2 ns  ref       34.1 ns       0.2x
SyncAggregate.serialize                          large-fixture    x5000000  bend         21.0 ns  ref       21.4 ns       1.0x
SyncAggregate.hash_tree_root                     large-fixture    x286720   bend       1670.6 ns  ref      386.1 ns       4.3x
SyncAggregatorSelectionData.deserialize          small-fixture    x5000000  bend          5.2 ns  ref       10.8 ns       0.5x
SyncAggregatorSelectionData.serialize            small-fixture    x5000000  bend          6.0 ns  ref       12.4 ns       0.5x
SyncAggregatorSelectionData.hash_tree_root       small-fixture    x524288   bend        547.4 ns  ref      100.3 ns       5.5x
SyncAggregatorSelectionData.deserialize          medium-fixture   x5000000  bend          5.2 ns  ref       10.6 ns       0.5x
SyncAggregatorSelectionData.serialize            medium-fixture   x5000000  bend          6.2 ns  ref       12.5 ns       0.5x
SyncAggregatorSelectionData.hash_tree_root       medium-fixture   x524288   bend        543.6 ns  ref      100.3 ns       5.4x
SyncAggregatorSelectionData.deserialize          large-fixture    x5000000  bend          5.2 ns  ref       10.9 ns       0.5x
SyncAggregatorSelectionData.serialize            large-fixture    x5000000  bend          6.2 ns  ref       12.4 ns       0.5x
SyncAggregatorSelectionData.hash_tree_root       large-fixture    x524288   bend        543.6 ns  ref      100.4 ns       5.4x
SyncCommittee.deserialize                        small-fixture    x5000000  bend          5.2 ns  ref     1201.4 ns       0.0x
SyncCommittee.serialize                          small-fixture    x126976   bend       2047.6 ns  ref     1651.3 ns       1.2x
SyncCommittee.hash_tree_root                     small-fixture    x1408     bend     331676.1 ns  ref    81081.9 ns       4.1x
SyncCommittee.deserialize                        medium-fixture   x5000000  bend          5.2 ns  ref     1263.2 ns       0.0x
SyncCommittee.serialize                          medium-fixture   x126976   bend       2047.6 ns  ref     1655.4 ns       1.2x
SyncCommittee.hash_tree_root                     medium-fixture   x1408     bend     334517.0 ns  ref    81131.8 ns       4.1x
SyncCommittee.deserialize                        large-fixture    x5000000  bend          5.2 ns  ref     1251.4 ns       0.0x
SyncCommittee.serialize                          large-fixture    x126976   bend       2047.6 ns  ref     1596.7 ns       1.3x
SyncCommittee.hash_tree_root                     large-fixture    x1408     bend     334517.0 ns  ref    81107.4 ns       4.1x
SyncCommitteeContribution.deserialize            small-fixture    x5000000  bend          5.2 ns  ref       35.8 ns       0.1x
SyncCommitteeContribution.serialize              small-fixture    x5000000  bend         21.2 ns  ref       21.5 ns       1.0x
SyncCommitteeContribution.hash_tree_root         small-fixture    x163840   bend       3033.4 ns  ref      651.2 ns       4.7x
SyncCommitteeContribution.deserialize            medium-fixture   x5000000  bend          5.2 ns  ref       35.9 ns       0.1x
SyncCommitteeContribution.serialize              medium-fixture   x5000000  bend         21.2 ns  ref       21.1 ns       1.0x
SyncCommitteeContribution.hash_tree_root         medium-fixture   x163840   bend       3039.6 ns  ref      650.6 ns       4.7x
SyncCommitteeContribution.deserialize            large-fixture    x5000000  bend          5.2 ns  ref       36.0 ns       0.1x
SyncCommitteeContribution.serialize              large-fixture    x5000000  bend         21.2 ns  ref       21.5 ns       1.0x
SyncCommitteeContribution.hash_tree_root         large-fixture    x155648   bend       3038.9 ns  ref      650.9 ns       4.7x
SyncCommitteeMessage.deserialize                 small-fixture    x5000000  bend          5.2 ns  ref       19.2 ns       0.3x
SyncCommitteeMessage.serialize                   small-fixture    x5000000  bend         21.2 ns  ref       21.0 ns       1.0x
SyncCommitteeMessage.hash_tree_root              small-fixture    x221184   bend       2129.4 ns  ref      449.6 ns       4.7x
SyncCommitteeMessage.deserialize                 medium-fixture   x5000000  bend          5.2 ns  ref       18.6 ns       0.3x
SyncCommitteeMessage.serialize                   medium-fixture   x5000000  bend         21.2 ns  ref       20.5 ns       1.0x
SyncCommitteeMessage.hash_tree_root              medium-fixture   x221184   bend       2129.4 ns  ref      449.0 ns       4.7x
SyncCommitteeMessage.deserialize                 large-fixture    x5000000  bend          5.2 ns  ref       19.0 ns       0.3x
SyncCommitteeMessage.serialize                   large-fixture    x5000000  bend         21.2 ns  ref       20.7 ns       1.0x
SyncCommitteeMessage.hash_tree_root              large-fixture    x221184   bend       2129.4 ns  ref      449.8 ns       4.7x
Transaction.deserialize                          small            x5000000  bend         19.8 ns  ref       27.3 ns       0.7x
Transaction.serialize                            small            x5000000  bend          7.0 ns  ref       12.6 ns       0.6x
Transaction.hash_tree_root                       small            x65536    bend       6897.0 ns  ref     1907.9 ns       3.6x
Transaction.deserialize                          medium           x5000000  bend         19.6 ns  ref      268.8 ns       0.1x
Transaction.serialize                            medium           x1572864  bend        266.4 ns  ref      226.8 ns       1.2x
Transaction.hash_tree_root                       medium           x8192     bend      41870.1 ns  ref    10001.9 ns       4.2x
Transaction.deserialize                          large            x5000000  bend         19.6 ns  ref    40540.6 ns       0.0x
Transaction.serialize                            large            x3968     bend      65020.2 ns  ref    39993.2 ns       1.6x
Transaction.hash_tree_root                       large            x54       bend    9018518.5 ns  ref  2194632.8 ns       4.1x
Validator.deserialize                            small-fixture    x3670016  bend        118.8 ns  ref       32.5 ns       3.7x
Validator.serialize                              small-fixture    x5000000  bend         13.2 ns  ref       20.0 ns       0.7x
Validator.hash_tree_root                         small-fixture    x155648   bend       3128.9 ns  ref      590.4 ns       5.3x
Validator.deserialize                            medium-fixture   x3670016  bend        120.2 ns  ref       32.2 ns       3.7x
Validator.serialize                              medium-fixture   x5000000  bend         13.2 ns  ref       20.1 ns       0.7x
Validator.hash_tree_root                         medium-fixture   x155648   bend       3122.4 ns  ref      590.6 ns       5.3x
Validator.deserialize                            large-fixture    x2097152  bend        120.2 ns  ref       32.9 ns       3.7x
Validator.serialize                              large-fixture    x5000000  bend         13.2 ns  ref       20.0 ns       0.7x
Validator.hash_tree_root                         large-fixture    x155648   bend       3122.4 ns  ref      589.8 ns       5.3x
ValidatorIndex.deserialize                       zero             x5000000  bend          3.8 ns  ref       23.2 ns       0.2x
ValidatorIndex.serialize                         zero             x5000000  bend          6.0 ns  ref        8.0 ns       0.8x
ValidatorIndex.hash_tree_root                    zero             x5000000  bend         39.8 ns  ref      130.5 ns       0.3x
ValidatorIndex.deserialize                       random           x5000000  bend          3.6 ns  ref       23.5 ns       0.2x
ValidatorIndex.serialize                         random           x5000000  bend          6.0 ns  ref        8.2 ns       0.7x
ValidatorIndex.hash_tree_root                    random           x5000000  bend         39.8 ns  ref      130.9 ns       0.3x
ValidatorIndex.deserialize                       saturated        x5000000  bend          4.0 ns  ref       25.4 ns       0.2x
ValidatorIndex.serialize                         saturated        x5000000  bend          6.6 ns  ref        8.5 ns       0.8x
ValidatorIndex.hash_tree_root                    saturated        x5000000  bend         42.0 ns  ref      138.7 ns       0.3x
Version.deserialize                              zero             x5000000  bend          4.2 ns  ref       25.3 ns       0.2x
Version.serialize                                zero             x5000000  bend          6.4 ns  ref        8.4 ns       0.8x
Version.hash_tree_root                           zero             x5000000  bend         42.2 ns  ref      138.5 ns       0.3x
Version.deserialize                              random           x5000000  bend          4.0 ns  ref       25.5 ns       0.2x
Version.serialize                                random           x5000000  bend          6.4 ns  ref        8.4 ns       0.8x
Version.hash_tree_root                           random           x5000000  bend         42.8 ns  ref      134.8 ns       0.3x
Version.deserialize                              saturated        x5000000  bend          4.2 ns  ref       25.0 ns       0.2x
Version.serialize                                saturated        x5000000  bend          6.4 ns  ref        8.5 ns       0.8x
Version.hash_tree_root                           saturated        x5000000  bend         42.0 ns  ref      138.6 ns       0.3x
VersionedHash.deserialize                        zero             x5000000  bend          4.2 ns  ref       28.5 ns       0.1x
VersionedHash.serialize                          zero             x5000000  bend          7.4 ns  ref       13.2 ns       0.6x
VersionedHash.hash_tree_root                     zero             x5000000  bend         37.6 ns  ref      126.2 ns       0.3x
VersionedHash.deserialize                        random           x5000000  bend          4.4 ns  ref       29.5 ns       0.1x
VersionedHash.serialize                          random           x5000000  bend          7.4 ns  ref       13.4 ns       0.6x
VersionedHash.hash_tree_root                     random           x5000000  bend         37.8 ns  ref      127.7 ns       0.3x
VersionedHash.deserialize                        saturated        x5000000  bend          4.2 ns  ref       29.0 ns       0.1x
VersionedHash.serialize                          saturated        x5000000  bend          7.4 ns  ref       13.4 ns       0.6x
VersionedHash.hash_tree_root                     saturated        x5000000  bend         38.2 ns  ref      130.3 ns       0.3x
VoluntaryExit.deserialize                        small-fixture    x5000000  bend          5.4 ns  ref       11.2 ns       0.5x
VoluntaryExit.serialize                          small-fixture    x5000000  bend          7.0 ns  ref       13.9 ns       0.5x
VoluntaryExit.hash_tree_root                     small-fixture    x524288   bend        545.5 ns  ref      100.6 ns       5.4x
VoluntaryExit.deserialize                        medium-fixture   x5000000  bend          5.0 ns  ref       10.5 ns       0.5x
VoluntaryExit.serialize                          medium-fixture   x5000000  bend          6.4 ns  ref       12.8 ns       0.5x
VoluntaryExit.hash_tree_root                     medium-fixture   x524288   bend        547.4 ns  ref      100.4 ns       5.4x
VoluntaryExit.deserialize                        large-fixture    x5000000  bend          5.2 ns  ref       10.9 ns       0.5x
VoluntaryExit.serialize                          large-fixture    x5000000  bend          6.4 ns  ref       12.5 ns       0.5x
VoluntaryExit.hash_tree_root                     large-fixture    x524288   bend        549.3 ns  ref      100.5 ns       5.5x
Withdrawal.deserialize                           small-fixture    x5000000  bend          5.2 ns  ref       12.7 ns       0.4x
Withdrawal.serialize                             small-fixture    x5000000  bend          9.6 ns  ref       15.7 ns       0.6x
Withdrawal.hash_tree_root                        small-fixture    x335872   bend       1298.1 ns  ref      243.3 ns       5.3x
Withdrawal.deserialize                           medium-fixture   x5000000  bend          5.2 ns  ref       13.2 ns       0.4x
Withdrawal.serialize                             medium-fixture   x5000000  bend          9.0 ns  ref       15.2 ns       0.6x
Withdrawal.hash_tree_root                        medium-fixture   x335872   bend       1298.1 ns  ref      243.1 ns       5.3x
Withdrawal.deserialize                           large-fixture    x5000000  bend          5.2 ns  ref       12.8 ns       0.4x
Withdrawal.serialize                             large-fixture    x5000000  bend          9.0 ns  ref       15.1 ns       0.6x
Withdrawal.hash_tree_root                        large-fixture    x204800   bend       1293.9 ns  ref      243.4 ns       5.3x
WithdrawalIndex.deserialize                      zero             x5000000  bend          3.8 ns  ref       23.4 ns       0.2x
WithdrawalIndex.serialize                        zero             x5000000  bend          6.0 ns  ref        8.2 ns       0.7x
WithdrawalIndex.hash_tree_root                   zero             x5000000  bend         43.2 ns  ref      139.0 ns       0.3x
WithdrawalIndex.deserialize                      random           x5000000  bend          4.2 ns  ref       25.4 ns       0.2x
WithdrawalIndex.serialize                        random           x5000000  bend          6.6 ns  ref        9.0 ns       0.7x
WithdrawalIndex.hash_tree_root                   random           x5000000  bend         43.0 ns  ref      142.1 ns       0.3x
WithdrawalIndex.deserialize                      saturated        x5000000  bend          4.0 ns  ref       25.3 ns       0.2x
WithdrawalIndex.serialize                        saturated        x5000000  bend          6.6 ns  ref        8.7 ns       0.8x
WithdrawalIndex.hash_tree_root                   saturated        x5000000  bend         43.0 ns  ref      138.1 ns       0.3x
WithdrawalRequest.deserialize                    small-fixture    x5000000  bend          5.6 ns  ref       15.7 ns       0.4x
WithdrawalRequest.serialize                      small-fixture    x5000000  bend         14.0 ns  ref       17.6 ns       0.8x
WithdrawalRequest.hash_tree_root                 small-fixture    x167936   bend       1488.7 ns  ref      317.5 ns       4.7x
WithdrawalRequest.deserialize                    medium-fixture   x5000000  bend          5.2 ns  ref       14.8 ns       0.4x
WithdrawalRequest.serialize                      medium-fixture   x5000000  bend         13.2 ns  ref       16.2 ns       0.8x
WithdrawalRequest.hash_tree_root                 medium-fixture   x167936   bend       1482.7 ns  ref      317.1 ns       4.7x
WithdrawalRequest.deserialize                    large-fixture    x5000000  bend          5.2 ns  ref       15.0 ns       0.3x
WithdrawalRequest.serialize                      large-fixture    x5000000  bend         13.2 ns  ref       16.3 ns       0.8x
WithdrawalRequest.hash_tree_root                 large-fixture    x335872   bend       1536.3 ns  ref      317.4 ns       4.8x
boolean.deserialize                              false            x5000000  bend         18.4 ns  ref       22.9 ns       0.8x
boolean.serialize                                false            x5000000  bend          6.0 ns  ref        7.5 ns       0.8x
boolean.hash_tree_root                           false            x5000000  bend         49.8 ns  ref      180.7 ns       0.3x
boolean.deserialize                              true             x5000000  bend         18.8 ns  ref       23.7 ns       0.8x
boolean.serialize                                true             x5000000  bend          6.0 ns  ref        7.6 ns       0.8x
boolean.hash_tree_root                           true             x5000000  bend         44.8 ns  ref      138.4 ns       0.3x
uint256.deserialize                              zero             x5000000  bend          6.4 ns  ref       47.9 ns       0.1x
uint256.serialize                                zero             x5000000  bend         13.6 ns  ref       24.4 ns       0.6x
uint256.hash_tree_root                           zero             x5000000  bend         52.8 ns  ref      179.3 ns       0.3x
uint256.deserialize                              random           x5000000  bend          5.8 ns  ref       43.5 ns       0.1x
uint256.serialize                                random           x5000000  bend         10.8 ns  ref       19.1 ns       0.6x
uint256.hash_tree_root                           random           x4980736  bend         49.8 ns  ref      172.1 ns       0.3x
uint256.deserialize                              saturated        x5000000  bend          5.2 ns  ref       40.4 ns       0.1x
uint256.serialize                                saturated        x5000000  bend         10.8 ns  ref       18.7 ns       0.6x
uint256.hash_tree_root                           saturated        x5000000  bend         37.6 ns  ref      123.2 ns       0.3x
uint32.deserialize                               zero             x5000000  bend          4.0 ns  ref       26.0 ns       0.2x
uint32.serialize                                 zero             x5000000  bend          6.4 ns  ref        8.7 ns       0.7x
uint32.hash_tree_root                            zero             x5000000  bend         43.6 ns  ref      140.7 ns       0.3x
uint32.deserialize                               random           x5000000  bend          4.0 ns  ref       26.1 ns       0.2x
uint32.serialize                                 random           x5000000  bend          6.4 ns  ref        8.6 ns       0.7x
uint32.hash_tree_root                            random           x5000000  bend         42.8 ns  ref      135.9 ns       0.3x
uint32.deserialize                               saturated        x5000000  bend          4.0 ns  ref       26.1 ns       0.2x
uint32.serialize                                 saturated        x5000000  bend          6.6 ns  ref        8.7 ns       0.8x
uint32.hash_tree_root                            saturated        x5000000  bend         43.0 ns  ref      139.4 ns       0.3x
uint64.deserialize                               zero             x5000000  bend          4.0 ns  ref       24.8 ns       0.2x
uint64.serialize                                 zero             x5000000  bend          6.4 ns  ref        8.8 ns       0.7x
uint64.hash_tree_root                            zero             x5000000  bend         42.8 ns  ref      139.3 ns       0.3x
uint64.deserialize                               random           x5000000  bend          4.0 ns  ref       25.2 ns       0.2x
uint64.serialize                                 random           x5000000  bend          6.6 ns  ref        8.8 ns       0.8x
uint64.hash_tree_root                            random           x5000000  bend         43.0 ns  ref      136.7 ns       0.3x
uint64.deserialize                               saturated        x5000000  bend          4.0 ns  ref       24.9 ns       0.2x
uint64.serialize                                 saturated        x5000000  bend          6.6 ns  ref        8.7 ns       0.8x
uint64.hash_tree_root                            saturated        x5000000  bend         43.2 ns  ref      136.9 ns       0.3x
uint8.deserialize                                zero             x5000000  bend          4.0 ns  ref       24.0 ns       0.2x
uint8.serialize                                  zero             x5000000  bend          6.6 ns  ref        7.9 ns       0.8x
uint8.hash_tree_root                             zero             x5000000  bend         44.2 ns  ref      139.8 ns       0.3x
uint8.deserialize                                random           x5000000  bend          4.0 ns  ref       25.2 ns       0.2x
uint8.serialize                                  random           x5000000  bend          6.6 ns  ref        8.0 ns       0.8x
uint8.hash_tree_root                             random           x5000000  bend         45.2 ns  ref      138.5 ns       0.3x
uint8.deserialize                                saturated        x5000000  bend          4.0 ns  ref       24.5 ns       0.2x
uint8.serialize                                  saturated        x5000000  bend          6.6 ns  ref        8.2 ns       0.8x
uint8.hash_tree_root                             saturated        x5000000  bend         42.8 ns  ref      137.4 ns       0.3x
978 workloads, 327 of 327 required operations covered
PERFORMANCE GATE: 978 workloads / 327 operations within their operation-specific limits; semantic audit still mandatory
