building native Bend benchmark executables (typed object API)
  compile benchmarks/objprog/g0.bend -> bend-obj-g0: attempt 0, peak 2.80 GB, exit 0
  compile benchmarks/objprog/g0.bend -> bend-obj-g0.c: attempt 0, peak 2.27 GB, exit 0
  compile benchmarks/objprog/g1.bend -> bend-obj-g1: attempt 0, peak 2.54 GB, exit 0
  compile benchmarks/objprog/g1.bend -> bend-obj-g1.c: attempt 0, peak 2.42 GB, exit 0
  compile benchmarks/objprog/g2.bend -> bend-obj-g2: attempt 0, peak 2.81 GB, exit 0
  compile benchmarks/objprog/g2.bend -> bend-obj-g2.c: attempt 0, peak 2.86 GB, exit 0
  compile benchmarks/objprog/g3.bend -> bend-obj-g3: attempt 0, peak 2.64 GB, exit 0
  compile benchmarks/objprog/g3.bend -> bend-obj-g3.c: attempt 0, peak 2.67 GB, exit 0
  compile benchmarks/objprog/g4.bend -> bend-obj-g4: attempt 0, peak 2.93 GB, exit 0
  compile benchmarks/objprog/g4.bend -> bend-obj-g4.c: attempt 0, peak 2.49 GB, exit 0
  compile benchmarks/objprog/g5.bend -> bend-obj-g5: attempt 0, peak 2.63 GB, exit 0
  compile benchmarks/objprog/g5.bend -> bend-obj-g5.c: attempt 0, peak 2.69 GB, exit 0
  compile benchmarks/objprog/g6.bend -> bend-obj-g6: attempt 0, peak 2.69 GB, exit 0
  compile benchmarks/objprog/g6.bend -> bend-obj-g6.c: attempt 0, peak 2.84 GB, exit 0
  compile benchmarks/objprog/g7.bend -> bend-obj-g7: attempt 0, peak 3.09 GB, exit 0
  compile benchmarks/objprog/g7.bend -> bend-obj-g7.c: attempt 0, peak 3.03 GB, exit 0
  compile benchmarks/objprog/g8.bend -> bend-obj-g8: attempt 0, peak 3.39 GB, exit 0
  compile benchmarks/objprog/g8.bend -> bend-obj-g8.c: attempt 0, peak 3.46 GB, exit 0
  compile benchmarks/objprog/g9.bend -> bend-obj-g9: attempt 0, peak 2.01 GB, exit 0
  compile benchmarks/objprog/g9.bend -> bend-obj-g9.c: attempt 0, peak 2.01 GB, exit 0
building native Go reference executable
AggregateAndProof.deserialize                    small-fixture    x1572864  bend        234.6 ns  ref      109.2 ns       2.1x
AggregateAndProof.serialize                      small-fixture    x4194304  bend        118.5 ns  ref       39.4 ns       3.0x
AggregateAndProof.hash_tree_root                 small-fixture    x57344    bend       8056.6 ns  ref     2129.1 ns       3.8x
AggregateAndProof.deserialize                    medium-fixture   x2097152  bend        233.7 ns  ref      108.3 ns       2.2x
AggregateAndProof.serialize                      medium-fixture   x4194304  bend        115.9 ns  ref       39.3 ns       2.9x
AggregateAndProof.hash_tree_root                 medium-fixture   x81920    bend       5676.3 ns  ref     1522.4 ns       3.7x
AggregateAndProof.deserialize                    large-fixture    x2097152  bend        231.7 ns  ref      108.1 ns       2.1x
AggregateAndProof.serialize                      large-fixture    x3670016  bend        118.5 ns  ref       38.6 ns       3.1x
AggregateAndProof.hash_tree_root                 large-fixture    x57344    bend       8056.6 ns  ref     2123.4 ns       3.8x
Attestation.deserialize                          small-fixture    x2621440  bend        167.8 ns  ref       87.9 ns       1.9x
Attestation.serialize                            small-fixture    x4194304  bend        111.3 ns  ref       30.4 ns       3.7x
Attestation.hash_tree_root                       small-fixture    x73728    bend       6442.6 ns  ref     1102.0 ns       5.8x
Attestation.deserialize                          medium-fixture   x2621440  bend        166.7 ns  ref       86.8 ns       1.9x
Attestation.serialize                            medium-fixture   x3670016  bend        116.1 ns  ref       30.4 ns       3.8x
Attestation.hash_tree_root                       medium-fixture   x73728    bend       6442.6 ns  ref     1707.3 ns       3.8x
Attestation.deserialize                          large-fixture    x2621440  bend        167.1 ns  ref       87.1 ns       1.9x
Attestation.serialize                            large-fixture    x4194304  bend        109.9 ns  ref       29.7 ns       3.7x
Attestation.hash_tree_root                       large-fixture    x73728    bend       6442.6 ns  ref     1705.2 ns       3.8x
AttestationData.deserialize                      small-fixture    x5000000  bend         85.2 ns  ref       38.3 ns       2.2x
AttestationData.serialize                        small-fixture    x5000000  bend         23.0 ns  ref       19.9 ns       1.2x
AttestationData.hash_tree_root                   small-fixture    x221184   bend       2134.0 ns  ref      604.2 ns       3.5x
AttestationData.deserialize                      medium-fixture   x5000000  bend         85.2 ns  ref       38.2 ns       2.2x
AttestationData.serialize                        medium-fixture   x5000000  bend         24.0 ns  ref       20.9 ns       1.1x
AttestationData.hash_tree_root                   medium-fixture   x204800   bend       2138.7 ns  ref      603.5 ns       3.5x
AttestationData.deserialize                      large-fixture    x5000000  bend         85.4 ns  ref       38.8 ns       2.2x
AttestationData.serialize                        large-fixture    x5000000  bend         23.4 ns  ref       21.1 ns       1.1x
AttestationData.hash_tree_root                   large-fixture    x221184   bend       2138.5 ns  ref      603.3 ns       3.5x
AttesterSlashing.deserialize                     small-fixture    x1048576  bend        344.3 ns  ref      166.0 ns       2.1x
AttesterSlashing.serialize                       small-fixture    x2621440  bend        183.1 ns  ref       56.0 ns       3.3x
AttesterSlashing.hash_tree_root                  small-fixture    x24576    bend      16235.4 ns  ref     4255.7 ns       3.8x
AttesterSlashing.deserialize                     medium-fixture   x1048576  bend        347.1 ns  ref      172.3 ns       2.0x
AttesterSlashing.serialize                       medium-fixture   x2621440  bend        190.0 ns  ref       62.3 ns       3.0x
AttesterSlashing.hash_tree_root                  medium-fixture   x24576    bend      16479.5 ns  ref     4293.0 ns       3.8x
AttesterSlashing.deserialize                     large-fixture    x1048576  bend        351.9 ns  ref      176.4 ns       2.0x
AttesterSlashing.serialize                       large-fixture    x1310720  bend        191.5 ns  ref       70.1 ns       2.7x
AttesterSlashing.hash_tree_root                  large-fixture    x24576    bend      16805.0 ns  ref     4418.6 ns       3.8x
BLSPubkey.deserialize                            zero             x5000000  bend         32.6 ns  ref       28.4 ns       1.1x
BLSPubkey.serialize                              zero             x5000000  bend          9.0 ns  ref       13.4 ns       0.7x
BLSPubkey.hash_tree_root                         zero             x1572864  bend        273.4 ns  ref      223.8 ns       1.2x
BLSPubkey.deserialize                            random           x5000000  bend         32.0 ns  ref       27.9 ns       1.1x
BLSPubkey.serialize                              random           x5000000  bend         10.4 ns  ref       13.1 ns       0.8x
BLSPubkey.hash_tree_root                         random           x1572864  bend        274.7 ns  ref      226.9 ns       1.2x
BLSPubkey.deserialize                            saturated        x5000000  bend         32.0 ns  ref       28.1 ns       1.1x
BLSPubkey.serialize                              saturated        x5000000  bend         10.4 ns  ref       13.4 ns       0.8x
BLSPubkey.hash_tree_root                         saturated        x1572864  bend        274.0 ns  ref      230.6 ns       1.2x
BLSSignature.deserialize                         zero             x5000000  bend         45.4 ns  ref       30.5 ns       1.5x
BLSSignature.serialize                           zero             x5000000  bend         18.0 ns  ref       16.3 ns       1.1x
BLSSignature.hash_tree_root                      zero             x507904   bend        809.2 ns  ref      373.2 ns       2.2x
BLSSignature.deserialize                         random           x5000000  bend         49.6 ns  ref       30.5 ns       1.6x
BLSSignature.serialize                           random           x5000000  bend         19.0 ns  ref       15.8 ns       1.2x
BLSSignature.hash_tree_root                      random           x507904   bend        809.2 ns  ref      371.8 ns       2.2x
BLSSignature.deserialize                         saturated        x5000000  bend         47.8 ns  ref       31.1 ns       1.5x
BLSSignature.serialize                           saturated        x5000000  bend         19.0 ns  ref       15.7 ns       1.2x
BLSSignature.hash_tree_root                      saturated        x524288   bend        810.6 ns  ref      369.9 ns       2.2x
BLSToExecutionChange.deserialize                 small-fixture    x5000000  bend         42.6 ns  ref       14.8 ns       2.9x
BLSToExecutionChange.serialize                   small-fixture    x5000000  bend         14.2 ns  ref       16.5 ns       0.9x
BLSToExecutionChange.hash_tree_root              small-fixture    x409600   bend       1069.3 ns  ref      319.2 ns       3.3x
BLSToExecutionChange.deserialize                 medium-fixture   x5000000  bend         42.0 ns  ref       14.6 ns       2.9x
BLSToExecutionChange.serialize                   medium-fixture   x5000000  bend         14.2 ns  ref       16.3 ns       0.9x
BLSToExecutionChange.hash_tree_root              medium-fixture   x409600   bend       1069.3 ns  ref      318.2 ns       3.4x
BLSToExecutionChange.deserialize                 large-fixture    x5000000  bend         42.0 ns  ref       14.9 ns       2.8x
BLSToExecutionChange.serialize                   large-fixture    x5000000  bend         14.2 ns  ref       16.3 ns       0.9x
BLSToExecutionChange.hash_tree_root              large-fixture    x409600   bend       1071.8 ns  ref      318.5 ns       3.4x
BeaconBlock.deserialize                          small-fixture    x81920    bend       5835.0 ns  ref     2540.4 ns       2.3x
BeaconBlock.serialize                            small-fixture    x81920    bend       3088.4 ns  ref      775.2 ns       4.0x
BeaconBlock.hash_tree_root                       small-fixture    x1216     bend     208059.2 ns  ref    53753.6 ns       3.9x
BeaconBlock.deserialize                          medium-fixture   x65536    bend       6759.6 ns  ref     7730.2 ns       0.9x
BeaconBlock.serialize                            medium-fixture   x122880   bend       3898.1 ns  ref     1322.5 ns       2.9x
BeaconBlock.hash_tree_root                       medium-fixture   x1408     bend     316051.1 ns  ref    79111.3 ns       4.0x
BeaconBlock.deserialize                          large-fixture    x65536    bend       7553.1 ns  ref     8821.4 ns       0.9x
BeaconBlock.serialize                            large-fixture    x106496   bend       4422.7 ns  ref     1366.4 ns       3.2x
BeaconBlock.hash_tree_root                       large-fixture    x1664     bend     294471.2 ns  ref    75338.2 ns       3.9x
BeaconBlockBody.deserialize                      small-fixture    x106496   bend       4403.9 ns  ref     4025.3 ns       1.1x
BeaconBlockBody.serialize                        small-fixture    x180224   bend       2680.0 ns  ref      818.5 ns       3.3x
BeaconBlockBody.hash_tree_root                   small-fixture    x2176     bend     218290.4 ns  ref    55032.2 ns       4.0x
BeaconBlockBody.deserialize                      medium-fixture   x73728    bend       6279.8 ns  ref     6320.8 ns       1.0x
BeaconBlockBody.serialize                        medium-fixture   x139264   bend       3532.9 ns  ref     1257.4 ns       2.8x
BeaconBlockBody.hash_tree_root                   medium-fixture   x832      bend     300480.8 ns  ref    76302.9 ns       3.9x
BeaconBlockBody.deserialize                      large-fixture    x65536    bend       7171.6 ns  ref     8844.6 ns       0.8x
BeaconBlockBody.serialize                        large-fixture    x114688   bend       4255.0 ns  ref     1596.8 ns       2.7x
BeaconBlockBody.hash_tree_root                   large-fixture    x1280     bend     369531.2 ns  ref    91680.4 ns       4.0x
BeaconBlockHeader.deserialize                    small-fixture    x5000000  bend         49.0 ns  ref       16.5 ns       3.0x
BeaconBlockHeader.serialize                      small-fixture    x5000000  bend         19.4 ns  ref       17.6 ns       1.1x
BeaconBlockHeader.hash_tree_root                 small-fixture    x286720   bend       1597.4 ns  ref      442.9 ns       3.6x
BeaconBlockHeader.deserialize                    medium-fixture   x5000000  bend         49.0 ns  ref       15.9 ns       3.1x
BeaconBlockHeader.serialize                      medium-fixture   x5000000  bend         19.4 ns  ref       18.2 ns       1.1x
BeaconBlockHeader.hash_tree_root                 medium-fixture   x167936   bend       1595.8 ns  ref      443.1 ns       3.6x
BeaconBlockHeader.deserialize                    large-fixture    x5000000  bend         47.8 ns  ref       15.7 ns       3.0x
BeaconBlockHeader.serialize                      large-fixture    x5000000  bend         19.4 ns  ref       17.9 ns       1.1x
BeaconBlockHeader.hash_tree_root                 large-fixture    x286720   bend       1597.4 ns  ref      444.1 ns       3.6x
BeaconState.deserialize                          small-fixture    x3200     bend     146562.5 ns  ref   186014.5 ns       0.8x
BeaconState.serialize                            small-fixture    x3200     bend     138750.0 ns  ref   183586.8 ns       0.8x
BeaconState.hash_tree_root                       small-fixture    x20       bend   23350000.0 ns  ref  6749040.5 ns       3.5x
BeaconState.deserialize                          medium-fixture   x3200     bend     147500.0 ns  ref   186608.5 ns       0.8x
BeaconState.serialize                            medium-fixture   x3456     bend     139467.6 ns  ref   183561.5 ns       0.8x
BeaconState.hash_tree_root                       medium-fixture   x20       bend   23400000.0 ns  ref  6781288.3 ns       3.5x
BeaconState.deserialize                          large-fixture    x3200     bend     147812.5 ns  ref   186450.1 ns       0.8x
BeaconState.serialize                            large-fixture    x3456     bend     139756.9 ns  ref   183859.9 ns       0.8x
BeaconState.hash_tree_root                       large-fixture    x20       bend   23400000.0 ns  ref  6783721.3 ns       3.4x
Blob.deserialize                                 zero             x65536    bend       7293.7 ns  ref     5676.8 ns       1.3x
Blob.serialize                                   zero             x81920    bend       5627.4 ns  ref     4235.7 ns       1.3x
Blob.hash_tree_root                              zero             x384      bend    1104166.7 ns  ref   281681.3 ns       3.9x
Blob.deserialize                                 random           x65536    bend       7217.4 ns  ref     5705.3 ns       1.3x
Blob.serialize                                   random           x81920    bend       5700.7 ns  ref     5466.9 ns       1.0x
Blob.hash_tree_root                              random           x384      bend    1106770.8 ns  ref   283159.9 ns       3.9x
Blob.deserialize                                 saturated        x49152    bend      10050.5 ns  ref     5983.5 ns       1.7x
Blob.serialize                                   saturated        x49152    bend       8870.4 ns  ref     5955.6 ns       1.5x
Blob.hash_tree_root                              saturated        x384      bend    1104166.7 ns  ref   282701.0 ns       3.9x
BlobIdentifier.deserialize                       small-fixture    x5000000  bend         23.4 ns  ref       12.8 ns       1.8x
BlobIdentifier.serialize                         small-fixture    x5000000  bend          9.6 ns  ref       14.5 ns       0.7x
BlobIdentifier.hash_tree_root                    small-fixture    x1572864  bend        273.4 ns  ref      101.0 ns       2.7x
BlobIdentifier.deserialize                       medium-fixture   x5000000  bend         23.4 ns  ref       12.7 ns       1.8x
BlobIdentifier.serialize                         medium-fixture   x5000000  bend          9.6 ns  ref       14.5 ns       0.7x
BlobIdentifier.hash_tree_root                    medium-fixture   x1572864  bend        274.0 ns  ref      100.9 ns       2.7x
BlobIdentifier.deserialize                       large-fixture    x5000000  bend         23.6 ns  ref       12.9 ns       1.8x
BlobIdentifier.serialize                         large-fixture    x5000000  bend          9.6 ns  ref       14.7 ns       0.7x
BlobIdentifier.hash_tree_root                    large-fixture    x1572864  bend        273.4 ns  ref      100.8 ns       2.7x
BlobIndex.deserialize                            zero             x5000000  bend         14.2 ns  ref       23.1 ns       0.6x
BlobIndex.serialize                              zero             x5000000  bend          6.8 ns  ref        8.2 ns       0.8x
BlobIndex.hash_tree_root                         zero             x5000000  bend          4.4 ns  ref      142.1 ns       0.0x
BlobIndex.deserialize                            random           x5000000  bend         13.4 ns  ref       23.6 ns       0.6x
BlobIndex.serialize                              random           x5000000  bend          6.8 ns  ref        8.1 ns       0.8x
BlobIndex.hash_tree_root                         random           x5000000  bend          4.4 ns  ref      137.0 ns       0.0x
BlobIndex.deserialize                            saturated        x5000000  bend         13.4 ns  ref       23.3 ns       0.6x
BlobIndex.serialize                              saturated        x5000000  bend          6.6 ns  ref        8.3 ns       0.8x
BlobIndex.hash_tree_root                         saturated        x5000000  bend          4.4 ns  ref      138.6 ns       0.0x
BlobSidecar.deserialize                          small-fixture    x65536    bend       8132.9 ns  ref     5152.6 ns       1.6x
BlobSidecar.serialize                            small-fixture    x65536    bend       6546.0 ns  ref     4551.3 ns       1.4x
BlobSidecar.hash_tree_root                       small-fixture    x384      bend    1119791.7 ns  ref   275671.8 ns       4.1x
BlobSidecar.deserialize                          medium-fixture   x32768    bend       7690.4 ns  ref     4717.9 ns       1.6x
BlobSidecar.serialize                            medium-fixture   x36864    bend       6564.7 ns  ref     4550.1 ns       1.4x
BlobSidecar.hash_tree_root                       medium-fixture   x384      bend    1148437.5 ns  ref   283545.6 ns       4.1x
BlobSidecar.deserialize                          large-fixture    x57344    bend      10689.9 ns  ref     5928.6 ns       1.8x
BlobSidecar.serialize                            large-fixture    x49152    bend       8707.7 ns  ref     5930.7 ns       1.5x
BlobSidecar.hash_tree_root                       large-fixture    x256      bend    1445312.5 ns  ref   348050.6 ns       4.2x
Bytes1.deserialize                               zero             x5000000  bend         10.4 ns  ref       33.6 ns       0.3x
Bytes1.serialize                                 zero             x5000000  bend          7.8 ns  ref       10.9 ns       0.7x
Bytes1.hash_tree_root                            zero             x5000000  bend          4.6 ns  ref      218.6 ns       0.0x
Bytes1.deserialize                               random           x5000000  bend         10.4 ns  ref       33.3 ns       0.3x
Bytes1.serialize                                 random           x5000000  bend          7.6 ns  ref       10.4 ns       0.7x
Bytes1.hash_tree_root                            random           x5000000  bend          4.2 ns  ref      206.2 ns       0.0x
Bytes1.deserialize                               saturated        x5000000  bend         11.8 ns  ref       39.6 ns       0.3x
Bytes1.serialize                                 saturated        x5000000  bend          7.6 ns  ref       10.9 ns       0.7x
Bytes1.hash_tree_root                            saturated        x5000000  bend          4.4 ns  ref      209.3 ns       0.0x
Bytes20.deserialize                              zero             x5000000  bend         20.8 ns  ref       30.6 ns       0.7x
Bytes20.serialize                                zero             x5000000  bend          7.4 ns  ref       13.3 ns       0.6x
Bytes20.hash_tree_root                           zero             x5000000  bend          4.2 ns  ref      142.1 ns       0.0x
Bytes20.deserialize                              random           x5000000  bend         19.0 ns  ref       28.2 ns       0.7x
Bytes20.serialize                                random           x5000000  bend          7.6 ns  ref       13.7 ns       0.6x
Bytes20.hash_tree_root                           random           x5000000  bend          4.4 ns  ref      152.6 ns       0.0x
Bytes20.deserialize                              saturated        x5000000  bend         17.8 ns  ref       28.4 ns       0.6x
Bytes20.serialize                                saturated        x5000000  bend          7.2 ns  ref       12.7 ns       0.6x
Bytes20.hash_tree_root                           saturated        x5000000  bend          4.4 ns  ref      145.9 ns       0.0x
Bytes32.deserialize                              zero             x5000000  bend         27.6 ns  ref       28.2 ns       1.0x
Bytes32.serialize                                zero             x5000000  bend          7.6 ns  ref       13.4 ns       0.6x
Bytes32.hash_tree_root                           zero             x5000000  bend          6.0 ns  ref      183.7 ns       0.0x
Bytes32.deserialize                              random           x5000000  bend         41.8 ns  ref       43.5 ns       1.0x
Bytes32.serialize                                random           x5000000  bend         12.0 ns  ref       19.4 ns       0.6x
Bytes32.hash_tree_root                           random           x5000000  bend          7.2 ns  ref      193.0 ns       0.0x
Bytes32.deserialize                              saturated        x5000000  bend         39.2 ns  ref       40.0 ns       1.0x
Bytes32.serialize                                saturated        x5000000  bend         12.2 ns  ref       19.0 ns       0.6x
Bytes32.hash_tree_root                           saturated        x5000000  bend          6.4 ns  ref      186.8 ns       0.0x
Bytes4.deserialize                               zero             x5000000  bend         10.0 ns  ref       41.8 ns       0.2x
Bytes4.serialize                                 zero             x5000000  bend          7.2 ns  ref       11.7 ns       0.6x
Bytes4.hash_tree_root                            zero             x5000000  bend          4.2 ns  ref      200.6 ns       0.0x
Bytes4.deserialize                               random           x5000000  bend          9.2 ns  ref       39.1 ns       0.2x
Bytes4.serialize                                 random           x5000000  bend          7.2 ns  ref       12.0 ns       0.6x
Bytes4.hash_tree_root                            random           x5000000  bend          4.4 ns  ref      204.1 ns       0.0x
Bytes4.deserialize                               saturated        x5000000  bend          9.2 ns  ref       39.1 ns       0.2x
Bytes4.serialize                                 saturated        x5000000  bend          7.6 ns  ref       12.4 ns       0.6x
Bytes4.hash_tree_root                            saturated        x5000000  bend          5.0 ns  ref      203.3 ns       0.0x
Bytes48.deserialize                              zero             x5000000  bend         39.0 ns  ref       45.3 ns       0.9x
Bytes48.serialize                                zero             x5000000  bend         15.0 ns  ref       20.9 ns       0.7x
Bytes48.hash_tree_root                           zero             x1048576  bend        373.8 ns  ref      322.3 ns       1.2x
Bytes48.deserialize                              random           x5000000  bend         37.8 ns  ref       40.5 ns       0.9x
Bytes48.serialize                                random           x5000000  bend         11.6 ns  ref       14.9 ns       0.8x
Bytes48.hash_tree_root                           random           x1572864  bend        272.8 ns  ref      226.6 ns       1.2x
Bytes48.deserialize                              saturated        x5000000  bend         26.0 ns  ref       28.1 ns       0.9x
Bytes48.serialize                                saturated        x5000000  bend         10.4 ns  ref       13.3 ns       0.8x
Bytes48.hash_tree_root                           saturated        x1572864  bend        273.4 ns  ref      226.3 ns       1.2x
Bytes8.deserialize                               zero             x5000000  bend         11.4 ns  ref       23.4 ns       0.5x
Bytes8.serialize                                 zero             x5000000  bend          6.2 ns  ref        8.1 ns       0.8x
Bytes8.hash_tree_root                            zero             x5000000  bend          3.8 ns  ref      135.1 ns       0.0x
Bytes8.deserialize                               random           x5000000  bend         11.4 ns  ref       23.8 ns       0.5x
Bytes8.serialize                                 random           x5000000  bend          6.2 ns  ref        8.0 ns       0.8x
Bytes8.hash_tree_root                            random           x5000000  bend          3.8 ns  ref      136.6 ns       0.0x
Bytes8.deserialize                               saturated        x5000000  bend         11.4 ns  ref       23.4 ns       0.5x
Bytes8.serialize                                 saturated        x5000000  bend          6.2 ns  ref        8.1 ns       0.8x
Bytes8.hash_tree_root                            saturated        x5000000  bend          4.0 ns  ref      147.9 ns       0.0x
Bytes96.deserialize                              zero             x5000000  bend         50.4 ns  ref       32.0 ns       1.6x
Bytes96.serialize                                zero             x5000000  bend         18.2 ns  ref       16.0 ns       1.1x
Bytes96.hash_tree_root                           zero             x524288   bend        812.5 ns  ref      367.5 ns       2.2x
Bytes96.deserialize                              random           x5000000  bend         52.8 ns  ref       31.3 ns       1.7x
Bytes96.serialize                                random           x5000000  bend         19.8 ns  ref       15.6 ns       1.3x
Bytes96.hash_tree_root                           random           x507904   bend        811.2 ns  ref      369.4 ns       2.2x
Bytes96.deserialize                              saturated        x5000000  bend         63.2 ns  ref       44.4 ns       1.4x
Bytes96.serialize                                saturated        x5000000  bend         31.6 ns  ref       24.7 ns       1.3x
Bytes96.hash_tree_root                           saturated        x507904   bend        811.2 ns  ref      370.9 ns       2.2x
Cell.deserialize                                 zero             x4194304  bend        112.5 ns  ref      159.8 ns       0.7x
Cell.serialize                                   zero             x4718592  bend         97.5 ns  ref      138.4 ns       0.7x
Cell.hash_tree_root                              zero             x16384    bend      22827.1 ns  ref     5411.0 ns       4.2x
Cell.deserialize                                 random           x4194304  bend        111.8 ns  ref      164.2 ns       0.7x
Cell.serialize                                   random           x2621440  bend         97.3 ns  ref      142.7 ns       0.7x
Cell.hash_tree_root                              random           x16384    bend      21301.3 ns  ref     5211.1 ns       4.1x
Cell.deserialize                                 saturated        x2621440  bend        169.4 ns  ref      164.1 ns       1.0x
Cell.serialize                                   saturated        x3145728  bend        149.4 ns  ref      141.5 ns       1.1x
Cell.hash_tree_root                              saturated        x24576    bend      20263.7 ns  ref     5731.1 ns       3.5x
CellIndex.deserialize                            zero             x5000000  bend         17.8 ns  ref       30.1 ns       0.6x
CellIndex.serialize                              zero             x5000000  bend          7.2 ns  ref        9.2 ns       0.8x
CellIndex.hash_tree_root                         zero             x5000000  bend          4.0 ns  ref      138.8 ns       0.0x
CellIndex.deserialize                            random           x5000000  bend         13.6 ns  ref       24.9 ns       0.5x
CellIndex.serialize                              random           x5000000  bend          6.8 ns  ref        8.7 ns       0.8x
CellIndex.hash_tree_root                         random           x5000000  bend          6.0 ns  ref      205.0 ns       0.0x
CellIndex.deserialize                            saturated        x5000000  bend         19.6 ns  ref       37.9 ns       0.5x
CellIndex.serialize                              saturated        x5000000  bend         10.0 ns  ref       13.0 ns       0.8x
CellIndex.hash_tree_root                         saturated        x5000000  bend          6.2 ns  ref      208.9 ns       0.0x
Checkpoint.deserialize                           small-fixture    x5000000  bend         46.4 ns  ref       20.4 ns       2.3x
Checkpoint.serialize                             small-fixture    x5000000  bend         15.4 ns  ref       23.5 ns       0.7x
Checkpoint.hash_tree_root                        small-fixture    x1048576  bend        383.4 ns  ref      141.6 ns       2.7x
Checkpoint.deserialize                           medium-fixture   x5000000  bend         39.2 ns  ref       15.4 ns       2.5x
Checkpoint.serialize                             medium-fixture   x5000000  bend         10.8 ns  ref       15.5 ns       0.7x
Checkpoint.hash_tree_root                        medium-fixture   x1572864  bend        273.4 ns  ref      101.0 ns       2.7x
Checkpoint.deserialize                           large-fixture    x5000000  bend         30.2 ns  ref       12.9 ns       2.3x
Checkpoint.serialize                             large-fixture    x5000000  bend          9.8 ns  ref       14.4 ns       0.7x
Checkpoint.hash_tree_root                        large-fixture    x1572864  bend        274.0 ns  ref      101.2 ns       2.7x
ColumnIndex.deserialize                          zero             x5000000  bend         10.8 ns  ref       23.2 ns       0.5x
ColumnIndex.serialize                            zero             x5000000  bend          6.4 ns  ref        8.1 ns       0.8x
ColumnIndex.hash_tree_root                       zero             x5000000  bend          4.0 ns  ref      136.9 ns       0.0x
ColumnIndex.deserialize                          random           x5000000  bend         10.8 ns  ref       23.3 ns       0.5x
ColumnIndex.serialize                            random           x5000000  bend          6.2 ns  ref        8.3 ns       0.8x
ColumnIndex.hash_tree_root                       random           x5000000  bend          4.0 ns  ref      133.3 ns       0.0x
ColumnIndex.deserialize                          saturated        x5000000  bend         10.6 ns  ref       23.7 ns       0.4x
ColumnIndex.serialize                            saturated        x5000000  bend          6.2 ns  ref        8.3 ns       0.7x
ColumnIndex.hash_tree_root                       saturated        x5000000  bend          4.0 ns  ref      135.1 ns       0.0x
CommitmentIndex.deserialize                      zero             x5000000  bend         12.4 ns  ref       23.7 ns       0.5x
CommitmentIndex.serialize                        zero             x5000000  bend          6.0 ns  ref        8.1 ns       0.7x
CommitmentIndex.hash_tree_root                   zero             x5000000  bend          3.8 ns  ref      134.7 ns       0.0x
CommitmentIndex.deserialize                      random           x5000000  bend         12.0 ns  ref       23.2 ns       0.5x
CommitmentIndex.serialize                        random           x5000000  bend          6.0 ns  ref        8.5 ns       0.7x
CommitmentIndex.hash_tree_root                   random           x5000000  bend          6.4 ns  ref      229.7 ns       0.0x
CommitmentIndex.deserialize                      saturated        x5000000  bend         20.0 ns  ref       37.7 ns       0.5x
CommitmentIndex.serialize                        saturated        x5000000  bend          9.2 ns  ref       12.8 ns       0.7x
CommitmentIndex.hash_tree_root                   saturated        x5000000  bend          5.2 ns  ref      181.7 ns       0.0x
CommitteeIndex.deserialize                       zero             x5000000  bend         14.4 ns  ref       25.7 ns       0.6x
CommitteeIndex.serialize                         zero             x5000000  bend          5.8 ns  ref        9.0 ns       0.6x
CommitteeIndex.hash_tree_root                    zero             x5000000  bend          3.8 ns  ref      147.6 ns       0.0x
CommitteeIndex.deserialize                       random           x5000000  bend         14.4 ns  ref       24.9 ns       0.6x
CommitteeIndex.serialize                         random           x5000000  bend          5.6 ns  ref        8.7 ns       0.6x
CommitteeIndex.hash_tree_root                    random           x5000000  bend          3.8 ns  ref      144.4 ns       0.0x
CommitteeIndex.deserialize                       saturated        x5000000  bend         14.2 ns  ref       25.1 ns       0.6x
CommitteeIndex.serialize                         saturated        x5000000  bend          5.6 ns  ref        8.9 ns       0.6x
CommitteeIndex.hash_tree_root                    saturated        x5000000  bend          4.0 ns  ref      151.6 ns       0.0x
ConsolidationRequest.deserialize                 small-fixture    x5000000  bend         59.4 ns  ref       17.8 ns       3.3x
ConsolidationRequest.serialize                   small-fixture    x5000000  bend         21.0 ns  ref       18.9 ns       1.1x
ConsolidationRequest.hash_tree_root              small-fixture    x335872   bend       1330.9 ns  ref      394.7 ns       3.4x
ConsolidationRequest.deserialize                 medium-fixture   x5000000  bend         53.6 ns  ref       16.0 ns       3.3x
ConsolidationRequest.serialize                   medium-fixture   x5000000  bend         20.2 ns  ref       17.9 ns       1.1x
ConsolidationRequest.hash_tree_root              medium-fixture   x335872   bend       1330.9 ns  ref      394.1 ns       3.4x
ConsolidationRequest.deserialize                 large-fixture    x5000000  bend         53.6 ns  ref       16.4 ns       3.3x
ConsolidationRequest.serialize                   large-fixture    x5000000  bend         20.2 ns  ref       17.8 ns       1.1x
ConsolidationRequest.hash_tree_root              large-fixture    x335872   bend       1336.8 ns  ref      400.3 ns       3.3x
ContributionAndProof.deserialize                 small-fixture    x3670016  bend        136.8 ns  ref       65.1 ns       2.1x
ContributionAndProof.serialize                   small-fixture    x5000000  bend         49.6 ns  ref       57.8 ns       0.9x
ContributionAndProof.hash_tree_root              small-fixture    x57344    bend       5946.6 ns  ref     1587.6 ns       3.7x
ContributionAndProof.deserialize                 medium-fixture   x2621440  bend        122.8 ns  ref       59.5 ns       2.1x
ContributionAndProof.serialize                   medium-fixture   x5000000  bend         46.8 ns  ref       29.0 ns       1.6x
ContributionAndProof.hash_tree_root              medium-fixture   x122880   bend       4003.9 ns  ref     1073.5 ns       3.7x
ContributionAndProof.deserialize                 large-fixture    x3670016  bend        121.8 ns  ref       58.6 ns       2.1x
ContributionAndProof.serialize                   large-fixture    x5000000  bend         47.0 ns  ref       30.3 ns       1.6x
ContributionAndProof.hash_tree_root              large-fixture    x106496   bend       4009.5 ns  ref     1073.5 ns       3.7x
CurrentSyncCommitteeBranch.deserialize           zero             x5000000  bend         23.2 ns  ref       36.3 ns       0.6x
CurrentSyncCommitteeBranch.serialize             zero             x5000000  bend         16.0 ns  ref       21.6 ns       0.7x
CurrentSyncCommitteeBranch.hash_tree_root        zero             x221184   bend       3029.2 ns  ref      943.5 ns       3.2x
CurrentSyncCommitteeBranch.deserialize           random           x5000000  bend         32.2 ns  ref       47.0 ns       0.7x
CurrentSyncCommitteeBranch.serialize             random           x5000000  bend         21.8 ns  ref       23.0 ns       0.9x
CurrentSyncCommitteeBranch.hash_tree_root        random           x221184   bend       1912.4 ns  ref      632.2 ns       3.0x
CurrentSyncCommitteeBranch.deserialize           saturated        x5000000  bend         44.0 ns  ref       63.6 ns       0.7x
CurrentSyncCommitteeBranch.serialize             saturated        x5000000  bend         30.0 ns  ref       27.5 ns       1.1x
CurrentSyncCommitteeBranch.hash_tree_root        saturated        x221184   bend       2002.9 ns  ref      731.7 ns       2.7x
CustodyIndex.deserialize                         zero             x5000000  bend         13.0 ns  ref       34.2 ns       0.4x
CustodyIndex.serialize                           zero             x5000000  bend          5.8 ns  ref        9.7 ns       0.6x
CustodyIndex.hash_tree_root                      zero             x5000000  bend          3.4 ns  ref      146.9 ns       0.0x
CustodyIndex.deserialize                         random           x5000000  bend          9.2 ns  ref       25.8 ns       0.4x
CustodyIndex.serialize                           random           x5000000  bend          5.4 ns  ref        9.0 ns       0.6x
CustodyIndex.hash_tree_root                      random           x5000000  bend          3.6 ns  ref      157.4 ns       0.0x
CustodyIndex.deserialize                         saturated        x5000000  bend          9.8 ns  ref       27.5 ns       0.4x
CustodyIndex.serialize                           saturated        x5000000  bend          5.8 ns  ref        9.7 ns       0.6x
CustodyIndex.hash_tree_root                      saturated        x5000000  bend          3.4 ns  ref      151.1 ns       0.0x
DataColumnSidecar.deserialize                    small-fixture    x524288   bend        743.9 ns  ref      880.2 ns       0.8x
DataColumnSidecar.serialize                      small-fixture    x1048576  bend        399.6 ns  ref      330.0 ns       1.2x
DataColumnSidecar.hash_tree_root                 small-fixture    x7936     bend      60735.9 ns  ref    14926.3 ns       4.1x
DataColumnSidecar.deserialize                    medium-fixture   x409600   bend       1022.9 ns  ref     1533.5 ns       0.7x
DataColumnSidecar.serialize                      medium-fixture   x524288   bend        928.9 ns  ref      809.8 ns       1.1x
DataColumnSidecar.hash_tree_root                 medium-fixture   x1600     bend     226875.0 ns  ref    53719.4 ns       4.2x
DataColumnSidecar.deserialize                    large-fixture    x167936   bend       1697.1 ns  ref     2511.7 ns       0.7x
DataColumnSidecar.serialize                      large-fixture    x167936   bend       1190.9 ns  ref      994.2 ns       1.2x
DataColumnSidecar.hash_tree_root                 large-fixture    x2560     bend     174218.8 ns  ref    42496.9 ns       4.1x
DataColumnsByRootIdentifier.deserialize          small-fixture    x5000000  bend         28.8 ns  ref       31.5 ns       0.9x
DataColumnsByRootIdentifier.serialize            small-fixture    x5000000  bend         13.6 ns  ref       15.3 ns       0.9x
DataColumnsByRootIdentifier.hash_tree_root       small-fixture    x524288   bend        684.7 ns  ref      232.8 ns       2.9x
DataColumnsByRootIdentifier.deserialize          medium-fixture   x5000000  bend         34.6 ns  ref       49.7 ns       0.7x
DataColumnsByRootIdentifier.serialize            medium-fixture   x5000000  bend         16.6 ns  ref       17.5 ns       0.9x
DataColumnsByRootIdentifier.hash_tree_root       medium-fixture   x253952   bend       2669.8 ns  ref      731.1 ns       3.7x
DataColumnsByRootIdentifier.deserialize          large-fixture    x5000000  bend         55.6 ns  ref       79.7 ns       0.7x
DataColumnsByRootIdentifier.serialize            large-fixture    x5000000  bend         30.0 ns  ref       34.8 ns       0.9x
DataColumnsByRootIdentifier.hash_tree_root       large-fixture    x131072   bend       2174.4 ns  ref      530.4 ns       4.1x
Deposit.deserialize                              small-fixture    x2621440  bend        170.1 ns  ref      601.7 ns       0.3x
Deposit.serialize                                small-fixture    x5000000  bend         85.2 ns  ref      108.5 ns       0.8x
Deposit.hash_tree_root                           small-fixture    x40960    bend      12207.0 ns  ref     3169.1 ns       3.9x
Deposit.deserialize                              medium-fixture   x2621440  bend        170.1 ns  ref      590.2 ns       0.3x
Deposit.serialize                                medium-fixture   x5000000  bend         85.8 ns  ref      122.1 ns       0.7x
Deposit.hash_tree_root                           medium-fixture   x24576    bend      15706.4 ns  ref     3500.6 ns       4.5x
Deposit.deserialize                              large-fixture    x2621440  bend        169.8 ns  ref      602.1 ns       0.3x
Deposit.serialize                                large-fixture    x3670016  bend        131.1 ns  ref      172.8 ns       0.8x
Deposit.hash_tree_root                           large-fixture    x32768    bend      12207.0 ns  ref     3172.6 ns       3.8x
DepositData.deserialize                          small-fixture    x4194304  bend        105.1 ns  ref       38.1 ns       2.8x
DepositData.serialize                            small-fixture    x5000000  bend         30.8 ns  ref       22.2 ns       1.4x
DepositData.hash_tree_root                       small-fixture    x253952   bend       1878.3 ns  ref      525.8 ns       3.6x
DepositData.deserialize                          medium-fixture   x4194304  bend        106.8 ns  ref       37.3 ns       2.9x
DepositData.serialize                            medium-fixture   x5000000  bend         31.0 ns  ref       21.2 ns       1.5x
DepositData.hash_tree_root                       medium-fixture   x253952   bend       1878.3 ns  ref      525.2 ns       3.6x
DepositData.deserialize                          large-fixture    x4194304  bend        109.7 ns  ref       37.7 ns       2.9x
DepositData.serialize                            large-fixture    x5000000  bend         30.8 ns  ref       22.4 ns       1.4x
DepositData.hash_tree_root                       large-fixture    x253952   bend       1874.4 ns  ref      526.1 ns       3.6x
DepositMessage.deserialize                       small-fixture    x5000000  bend         36.8 ns  ref       30.5 ns       1.2x
DepositMessage.serialize                         small-fixture    x5000000  bend         14.8 ns  ref       17.1 ns       0.9x
DepositMessage.hash_tree_root                    small-fixture    x409600   bend       1062.0 ns  ref      316.4 ns       3.4x
DepositMessage.deserialize                       medium-fixture   x5000000  bend         36.6 ns  ref       30.9 ns       1.2x
DepositMessage.serialize                         medium-fixture   x5000000  bend         14.8 ns  ref       17.2 ns       0.9x
DepositMessage.hash_tree_root                    medium-fixture   x253952   bend       1059.3 ns  ref      315.5 ns       3.4x
DepositMessage.deserialize                       large-fixture    x5000000  bend         36.8 ns  ref       31.0 ns       1.2x
DepositMessage.serialize                         large-fixture    x5000000  bend         14.8 ns  ref       16.9 ns       0.9x
DepositMessage.hash_tree_root                    large-fixture    x253952   bend       1059.3 ns  ref      316.3 ns       3.3x
DepositRequest.deserialize                       small-fixture    x2097152  bend        120.2 ns  ref       37.7 ns       3.2x
DepositRequest.serialize                         small-fixture    x5000000  bend         32.8 ns  ref       22.6 ns       1.5x
DepositRequest.hash_tree_root                    small-fixture    x180224   bend       2668.9 ns  ref      723.9 ns       3.7x
DepositRequest.deserialize                       medium-fixture   x2097152  bend        117.3 ns  ref       38.7 ns       3.0x
DepositRequest.serialize                         medium-fixture   x5000000  bend         32.8 ns  ref       21.9 ns       1.5x
DepositRequest.hash_tree_root                    medium-fixture   x180224   bend       2668.9 ns  ref      724.5 ns       3.7x
DepositRequest.deserialize                       large-fixture    x2097152  bend        113.0 ns  ref       37.6 ns       3.0x
DepositRequest.serialize                         large-fixture    x5000000  bend         32.6 ns  ref       22.3 ns       1.5x
DepositRequest.hash_tree_root                    large-fixture    x180224   bend       2668.9 ns  ref      723.5 ns       3.7x
Domain.deserialize                               zero             x5000000  bend         20.6 ns  ref       27.4 ns       0.8x
Domain.serialize                                 zero             x5000000  bend          7.8 ns  ref       12.8 ns       0.6x
Domain.hash_tree_root                            zero             x5000000  bend          4.6 ns  ref      124.9 ns       0.0x
Domain.deserialize                               random           x5000000  bend         22.0 ns  ref       27.0 ns       0.8x
Domain.serialize                                 random           x5000000  bend          7.8 ns  ref       12.7 ns       0.6x
Domain.hash_tree_root                            random           x5000000  bend          4.4 ns  ref      121.1 ns       0.0x
Domain.deserialize                               saturated        x5000000  bend         20.6 ns  ref       27.3 ns       0.8x
Domain.serialize                                 saturated        x5000000  bend          7.8 ns  ref       13.0 ns       0.6x
Domain.hash_tree_root                            saturated        x5000000  bend          4.6 ns  ref      126.4 ns       0.0x
DomainType.deserialize                           zero             x5000000  bend          7.0 ns  ref       24.1 ns       0.3x
DomainType.serialize                             zero             x5000000  bend          5.2 ns  ref        8.1 ns       0.6x
DomainType.hash_tree_root                        zero             x5000000  bend          3.0 ns  ref      139.3 ns       0.0x
DomainType.deserialize                           random           x5000000  bend          7.0 ns  ref       24.1 ns       0.3x
DomainType.serialize                             random           x5000000  bend          5.2 ns  ref        7.9 ns       0.7x
DomainType.hash_tree_root                        random           x5000000  bend          3.0 ns  ref      135.1 ns       0.0x
DomainType.deserialize                           saturated        x5000000  bend          7.0 ns  ref       24.1 ns       0.3x
DomainType.serialize                             saturated        x5000000  bend          5.2 ns  ref        8.0 ns       0.7x
DomainType.hash_tree_root                        saturated        x5000000  bend          3.0 ns  ref      132.2 ns       0.0x
Epoch.deserialize                                zero             x5000000  bend         11.0 ns  ref       23.4 ns       0.5x
Epoch.serialize                                  zero             x5000000  bend          5.2 ns  ref        7.9 ns       0.7x
Epoch.hash_tree_root                             zero             x5000000  bend          3.4 ns  ref      135.0 ns       0.0x
Epoch.deserialize                                random           x5000000  bend         11.0 ns  ref       23.3 ns       0.5x
Epoch.serialize                                  random           x5000000  bend          5.2 ns  ref        8.2 ns       0.6x
Epoch.hash_tree_root                             random           x5000000  bend          3.6 ns  ref      134.2 ns       0.0x
Epoch.deserialize                                saturated        x5000000  bend         11.2 ns  ref       23.3 ns       0.5x
Epoch.serialize                                  saturated        x5000000  bend          5.2 ns  ref        8.0 ns       0.7x
Epoch.hash_tree_root                             saturated        x5000000  bend          3.4 ns  ref      135.2 ns       0.0x
Eth1Block.deserialize                            small-fixture    x5000000  bend         25.8 ns  ref       28.4 ns       0.9x
Eth1Block.serialize                              small-fixture    x5000000  bend          8.4 ns  ref       15.5 ns       0.5x
Eth1Block.hash_tree_root                         small-fixture    x507904   bend        791.5 ns  ref      238.8 ns       3.3x
Eth1Block.deserialize                            medium-fixture   x5000000  bend         25.8 ns  ref       28.5 ns       0.9x
Eth1Block.serialize                              medium-fixture   x5000000  bend          8.4 ns  ref       15.2 ns       0.6x
Eth1Block.hash_tree_root                         medium-fixture   x524288   bend        791.5 ns  ref      239.1 ns       3.3x
Eth1Block.deserialize                            large-fixture    x5000000  bend         26.0 ns  ref       28.5 ns       0.9x
Eth1Block.serialize                              large-fixture    x5000000  bend          8.4 ns  ref       15.1 ns       0.6x
Eth1Block.hash_tree_root                         large-fixture    x524288   bend        793.5 ns  ref      238.7 ns       3.3x
Eth1Data.deserialize                             small-fixture    x5000000  bend         37.4 ns  ref       41.3 ns       0.9x
Eth1Data.serialize                               small-fixture    x5000000  bend         13.6 ns  ref       17.0 ns       0.8x
Eth1Data.hash_tree_root                          small-fixture    x524288   bend        801.1 ns  ref      240.7 ns       3.3x
Eth1Data.deserialize                             medium-fixture   x5000000  bend         37.2 ns  ref       41.0 ns       0.9x
Eth1Data.serialize                               medium-fixture   x5000000  bend         13.8 ns  ref       17.2 ns       0.8x
Eth1Data.hash_tree_root                          medium-fixture   x524288   bend        801.1 ns  ref      240.5 ns       3.3x
Eth1Data.deserialize                             large-fixture    x5000000  bend         37.8 ns  ref       41.2 ns       0.9x
Eth1Data.serialize                               large-fixture    x5000000  bend         13.8 ns  ref       16.8 ns       0.8x
Eth1Data.hash_tree_root                          large-fixture    x524288   bend        803.0 ns  ref      241.2 ns       3.3x
Ether.deserialize                                zero             x5000000  bend         11.0 ns  ref       23.2 ns       0.5x
Ether.serialize                                  zero             x5000000  bend          6.2 ns  ref        8.3 ns       0.7x
Ether.hash_tree_root                             zero             x5000000  bend          4.0 ns  ref      133.7 ns       0.0x
Ether.deserialize                                random           x5000000  bend         11.4 ns  ref       23.3 ns       0.5x
Ether.serialize                                  random           x5000000  bend          6.4 ns  ref        8.9 ns       0.7x
Ether.hash_tree_root                             random           x5000000  bend          4.8 ns  ref      176.6 ns       0.0x
Ether.deserialize                                saturated        x5000000  bend         13.0 ns  ref       27.4 ns       0.5x
Ether.serialize                                  saturated        x5000000  bend          7.0 ns  ref        9.0 ns       0.8x
Ether.hash_tree_root                             saturated        x5000000  bend          4.0 ns  ref      139.2 ns       0.0x
ExecutionAddress.deserialize                     zero             x5000000  bend         20.2 ns  ref       40.6 ns       0.5x
ExecutionAddress.serialize                       zero             x5000000  bend          9.4 ns  ref       19.1 ns       0.5x
ExecutionAddress.hash_tree_root                  zero             x5000000  bend          4.8 ns  ref      164.2 ns       0.0x
ExecutionAddress.deserialize                     random           x5000000  bend         14.4 ns  ref       28.1 ns       0.5x
ExecutionAddress.serialize                       random           x5000000  bend          6.2 ns  ref       12.9 ns       0.5x
ExecutionAddress.hash_tree_root                  random           x5000000  bend          3.6 ns  ref      133.3 ns       0.0x
ExecutionAddress.deserialize                     saturated        x5000000  bend         14.0 ns  ref       27.2 ns       0.5x
ExecutionAddress.serialize                       saturated        x5000000  bend          6.0 ns  ref       12.4 ns       0.5x
ExecutionAddress.hash_tree_root                  saturated        x5000000  bend          3.8 ns  ref      139.5 ns       0.0x
ExecutionBranch.deserialize                      zero             x5000000  bend         20.4 ns  ref       35.2 ns       0.6x
ExecutionBranch.serialize                        zero             x5000000  bend         13.0 ns  ref       18.1 ns       0.7x
ExecutionBranch.hash_tree_root                   zero             x507904   bend        996.3 ns  ref      501.4 ns       2.0x
ExecutionBranch.deserialize                      random           x5000000  bend         39.0 ns  ref       60.4 ns       0.6x
ExecutionBranch.serialize                        random           x5000000  bend         25.6 ns  ref       31.6 ns       0.8x
ExecutionBranch.hash_tree_root                   random           x253952   bend       1429.4 ns  ref      619.5 ns       2.3x
ExecutionBranch.deserialize                      saturated        x5000000  bend         38.2 ns  ref       66.1 ns       0.6x
ExecutionBranch.serialize                        saturated        x5000000  bend         28.2 ns  ref       36.4 ns       0.8x
ExecutionBranch.hash_tree_root                   saturated        x167936   bend       1542.3 ns  ref      683.1 ns       2.3x
ExecutionPayload.deserialize                     small-fixture    x507904   bend        931.3 ns  ref      569.3 ns       1.6x
ExecutionPayload.serialize                       small-fixture    x524288   bend        715.3 ns  ref      365.1 ns       2.0x
ExecutionPayload.hash_tree_root                  small-fixture    x3968     bend      82409.3 ns  ref    18600.0 ns       4.4x
ExecutionPayload.deserialize                     medium-fixture   x253952   bend       1094.7 ns  ref      821.4 ns       1.3x
ExecutionPayload.serialize                       medium-fixture   x524288   bend        795.4 ns  ref      453.3 ns       1.8x
ExecutionPayload.hash_tree_root                  medium-fixture   x2240     bend     114285.7 ns  ref    26747.5 ns       4.3x
ExecutionPayload.deserialize                     large-fixture    x286720   bend        924.2 ns  ref      639.3 ns       1.4x
ExecutionPayload.serialize                       large-fixture    x524288   bend        600.8 ns  ref      307.7 ns       2.0x
ExecutionPayload.hash_tree_root                  large-fixture    x4480     bend      97767.9 ns  ref    23824.0 ns       4.1x
ExecutionPayloadHeader.deserialize               small-fixture    x1572864  bend        270.8 ns  ref       82.7 ns       3.3x
ExecutionPayloadHeader.serialize                 small-fixture    x2097152  bend        244.1 ns  ref       69.4 ns       3.5x
ExecutionPayloadHeader.hash_tree_root            small-fixture    x57344    bend       7673.0 ns  ref     1973.7 ns       3.9x
ExecutionPayloadHeader.deserialize               medium-fixture   x1572864  bend        279.1 ns  ref       83.7 ns       3.3x
ExecutionPayloadHeader.serialize                 medium-fixture   x2097152  bend        227.9 ns  ref       66.7 ns       3.4x
ExecutionPayloadHeader.hash_tree_root            medium-fixture   x57344    bend      10864.3 ns  ref     2988.1 ns       3.6x
ExecutionPayloadHeader.deserialize               large-fixture    x1572864  bend        270.2 ns  ref       88.9 ns       3.0x
ExecutionPayloadHeader.serialize                 large-fixture    x2097152  bend        237.9 ns  ref       67.4 ns       3.5x
ExecutionPayloadHeader.hash_tree_root            large-fixture    x57344    bend       7690.4 ns  ref     1975.5 ns       3.9x
ExecutionRequests.deserialize                    small-fixture    x2621440  bend        168.6 ns  ref      117.6 ns       1.4x
ExecutionRequests.serialize                      small-fixture    x5000000  bend         87.4 ns  ref       42.5 ns       2.1x
ExecutionRequests.hash_tree_root                 small-fixture    x40960    bend      10595.7 ns  ref     2731.1 ns       3.9x
ExecutionRequests.deserialize                    medium-fixture   x1048576  bend        393.9 ns  ref      232.9 ns       1.7x
ExecutionRequests.serialize                      medium-fixture   x2621440  bend        160.2 ns  ref       88.5 ns       1.8x
ExecutionRequests.hash_tree_root                 medium-fixture   x24576    bend      18310.5 ns  ref     4933.9 ns       3.7x
ExecutionRequests.deserialize                    large-fixture    x524288   bend        558.9 ns  ref      377.7 ns       1.5x
ExecutionRequests.serialize                      large-fixture    x1048576  bend        328.1 ns  ref      131.9 ns       2.5x
ExecutionRequests.hash_tree_root                 large-fixture    x16384    bend      30273.4 ns  ref     7757.0 ns       3.9x
FinalityBranch.deserialize                       zero             x5000000  bend         25.0 ns  ref       38.6 ns       0.6x
FinalityBranch.serialize                         zero             x5000000  bend         14.8 ns  ref       22.4 ns       0.7x
FinalityBranch.hash_tree_root                    zero             x253952   bend       1890.1 ns  ref      668.2 ns       2.8x
FinalityBranch.deserialize                       random           x5000000  bend         27.2 ns  ref       38.3 ns       0.7x
FinalityBranch.serialize                         random           x5000000  bend         15.4 ns  ref       23.4 ns       0.7x
FinalityBranch.hash_tree_root                    random           x253952   bend       1898.0 ns  ref      662.4 ns       2.9x
FinalityBranch.deserialize                       saturated        x5000000  bend         27.2 ns  ref       38.7 ns       0.7x
FinalityBranch.serialize                         saturated        x5000000  bend         15.6 ns  ref       22.9 ns       0.7x
FinalityBranch.hash_tree_root                    saturated        x143360   bend       1890.3 ns  ref      663.4 ns       2.8x
Fork.deserialize                                 small-fixture    x5000000  bend         21.4 ns  ref       10.8 ns       2.0x
Fork.serialize                                   small-fixture    x5000000  bend          6.8 ns  ref       14.1 ns       0.5x
Fork.hash_tree_root                              small-fixture    x524288   bend        793.5 ns  ref      243.0 ns       3.3x
Fork.deserialize                                 medium-fixture   x5000000  bend         22.6 ns  ref       11.0 ns       2.1x
Fork.serialize                                   medium-fixture   x5000000  bend          6.6 ns  ref       13.6 ns       0.5x
Fork.hash_tree_root                              medium-fixture   x524288   bend        795.4 ns  ref      242.1 ns       3.3x
Fork.deserialize                                 large-fixture    x5000000  bend         20.6 ns  ref       10.8 ns       1.9x
Fork.serialize                                   large-fixture    x5000000  bend          6.6 ns  ref       13.6 ns       0.5x
Fork.hash_tree_root                              large-fixture    x507904   bend        793.5 ns  ref      242.2 ns       3.3x
ForkData.deserialize                             small-fixture    x5000000  bend         26.8 ns  ref       12.8 ns       2.1x
ForkData.serialize                               small-fixture    x5000000  bend          8.6 ns  ref       14.4 ns       0.6x
ForkData.hash_tree_root                          small-fixture    x1572864  bend        272.8 ns  ref      103.3 ns       2.6x
ForkData.deserialize                             medium-fixture   x5000000  bend         26.8 ns  ref       13.2 ns       2.0x
ForkData.serialize                               medium-fixture   x5000000  bend          8.8 ns  ref       14.9 ns       0.6x
ForkData.hash_tree_root                          medium-fixture   x1572864  bend        273.4 ns  ref      103.3 ns       2.6x
ForkData.deserialize                             large-fixture    x5000000  bend         26.8 ns  ref       13.0 ns       2.1x
ForkData.serialize                               large-fixture    x5000000  bend          8.6 ns  ref       14.8 ns       0.6x
ForkData.hash_tree_root                          large-fixture    x1572864  bend        272.8 ns  ref      103.4 ns       2.6x
ForkDigest.deserialize                           zero             x5000000  bend          8.0 ns  ref       24.5 ns       0.3x
ForkDigest.serialize                             zero             x5000000  bend          5.2 ns  ref        8.0 ns       0.7x
ForkDigest.hash_tree_root                        zero             x5000000  bend          3.2 ns  ref      133.4 ns       0.0x
ForkDigest.deserialize                           random           x5000000  bend          8.2 ns  ref       24.0 ns       0.3x
ForkDigest.serialize                             random           x5000000  bend          5.2 ns  ref        8.2 ns       0.6x
ForkDigest.hash_tree_root                        random           x5000000  bend          3.2 ns  ref      134.6 ns       0.0x
ForkDigest.deserialize                           saturated        x5000000  bend          8.2 ns  ref       24.2 ns       0.3x
ForkDigest.serialize                             saturated        x5000000  bend          5.2 ns  ref        8.2 ns       0.6x
ForkDigest.hash_tree_root                        saturated        x5000000  bend          3.2 ns  ref      132.9 ns       0.0x
G1Point.deserialize                              zero             x5000000  bend         32.8 ns  ref       27.5 ns       1.2x
G1Point.serialize                                zero             x5000000  bend          9.8 ns  ref       13.7 ns       0.7x
G1Point.hash_tree_root                           zero             x1572864  bend        272.8 ns  ref      232.1 ns       1.2x
G1Point.deserialize                              random           x5000000  bend         34.8 ns  ref       28.3 ns       1.2x
G1Point.serialize                                random           x5000000  bend         10.6 ns  ref       13.3 ns       0.8x
G1Point.hash_tree_root                           random           x1572864  bend        273.4 ns  ref      232.3 ns       1.2x
G1Point.deserialize                              saturated        x5000000  bend         33.4 ns  ref       27.5 ns       1.2x
G1Point.serialize                                saturated        x5000000  bend         10.6 ns  ref       13.2 ns       0.8x
G1Point.hash_tree_root                           saturated        x1572864  bend        273.4 ns  ref      228.3 ns       1.2x
G2Point.deserialize                              zero             x5000000  bend         45.0 ns  ref       30.8 ns       1.5x
G2Point.serialize                                zero             x5000000  bend         18.2 ns  ref       15.6 ns       1.2x
G2Point.hash_tree_root                           zero             x524288   bend        810.6 ns  ref      373.5 ns       2.2x
G2Point.deserialize                              random           x5000000  bend         49.6 ns  ref       30.8 ns       1.6x
G2Point.serialize                                random           x5000000  bend         19.4 ns  ref       15.6 ns       1.2x
G2Point.hash_tree_root                           random           x524288   bend        810.6 ns  ref      372.7 ns       2.2x
G2Point.deserialize                              saturated        x5000000  bend         47.6 ns  ref       29.9 ns       1.6x
G2Point.serialize                                saturated        x5000000  bend         19.4 ns  ref       15.8 ns       1.2x
G2Point.hash_tree_root                           saturated        x507904   bend        809.2 ns  ref      373.3 ns       2.2x
Gwei.deserialize                                 zero             x5000000  bend         10.0 ns  ref       23.3 ns       0.4x
Gwei.serialize                                   zero             x5000000  bend          5.4 ns  ref        8.0 ns       0.7x
Gwei.hash_tree_root                              zero             x5000000  bend          3.8 ns  ref      139.2 ns       0.0x
Gwei.deserialize                                 random           x5000000  bend         10.4 ns  ref       23.6 ns       0.4x
Gwei.serialize                                   random           x5000000  bend          5.6 ns  ref        8.1 ns       0.7x
Gwei.hash_tree_root                              random           x5000000  bend          3.8 ns  ref      138.2 ns       0.0x
Gwei.deserialize                                 saturated        x5000000  bend         10.4 ns  ref       23.3 ns       0.4x
Gwei.serialize                                   saturated        x5000000  bend          5.6 ns  ref        8.1 ns       0.7x
Gwei.hash_tree_root                              saturated        x5000000  bend          3.8 ns  ref      135.8 ns       0.0x
Hash32.deserialize                               zero             x5000000  bend         20.0 ns  ref       27.3 ns       0.7x
Hash32.serialize                                 zero             x5000000  bend          6.6 ns  ref       13.4 ns       0.5x
Hash32.hash_tree_root                            zero             x5000000  bend          3.8 ns  ref      142.2 ns       0.0x
Hash32.deserialize                               random           x5000000  bend         23.4 ns  ref       31.0 ns       0.8x
Hash32.serialize                                 random           x5000000  bend          6.4 ns  ref       13.0 ns       0.5x
Hash32.hash_tree_root                            random           x5000000  bend          3.8 ns  ref      132.5 ns       0.0x
Hash32.deserialize                               saturated        x5000000  bend         22.6 ns  ref       29.7 ns       0.8x
Hash32.serialize                                 saturated        x5000000  bend          7.0 ns  ref       13.6 ns       0.5x
Hash32.hash_tree_root                            saturated        x5000000  bend          4.0 ns  ref      133.2 ns       0.0x
HistoricalBatch.deserialize                      small-fixture    x16384    bend      30090.3 ns  ref   321606.1 ns       0.1x
HistoricalBatch.serialize                        small-fixture    x16384    bend      25390.6 ns  ref    69928.1 ns       0.4x
HistoricalBatch.hash_tree_root                   small-fixture    x100      bend    4400000.0 ns  ref  1144245.2 ns       3.8x
HistoricalBatch.deserialize                      medium-fixture   x16384    bend      27954.1 ns  ref   308003.2 ns       0.1x
HistoricalBatch.serialize                        medium-fixture   x16384    bend      25634.8 ns  ref    69575.1 ns       0.4x
HistoricalBatch.hash_tree_root                   medium-fixture   x62       bend    4403225.8 ns  ref  1144845.8 ns       3.8x
HistoricalBatch.deserialize                      large-fixture    x16384    bend      30456.5 ns  ref   316560.8 ns       0.1x
HistoricalBatch.serialize                        large-fixture    x16384    bend      42419.4 ns  ref   107433.6 ns       0.4x
HistoricalBatch.hash_tree_root                   large-fixture    x70       bend    4385714.3 ns  ref  1146451.3 ns       3.8x
HistoricalSummary.deserialize                    small-fixture    x5000000  bend         38.0 ns  ref       13.4 ns       2.8x
HistoricalSummary.serialize                      small-fixture    x5000000  bend         12.4 ns  ref       14.7 ns       0.8x
HistoricalSummary.hash_tree_root                 small-fixture    x1572864  bend        274.7 ns  ref      101.3 ns       2.7x
HistoricalSummary.deserialize                    medium-fixture   x5000000  bend         38.0 ns  ref       13.3 ns       2.9x
HistoricalSummary.serialize                      medium-fixture   x5000000  bend         12.4 ns  ref       14.6 ns       0.8x
HistoricalSummary.hash_tree_root                 medium-fixture   x1572864  bend        274.7 ns  ref      101.7 ns       2.7x
HistoricalSummary.deserialize                    large-fixture    x5000000  bend         38.0 ns  ref       13.3 ns       2.8x
HistoricalSummary.serialize                      large-fixture    x5000000  bend         12.4 ns  ref       14.9 ns       0.8x
HistoricalSummary.hash_tree_root                 large-fixture    x1572864  bend        274.7 ns  ref      101.5 ns       2.7x
IndexedAttestation.deserialize                   small-fixture    x2621440  bend        163.7 ns  ref       75.5 ns       2.2x
IndexedAttestation.serialize                     small-fixture    x4194304  bend        107.3 ns  ref       28.9 ns       3.7x
IndexedAttestation.hash_tree_root                small-fixture    x57344    bend       7986.9 ns  ref     2097.7 ns       3.8x
IndexedAttestation.deserialize                   medium-fixture   x2621440  bend        163.7 ns  ref       77.8 ns       2.1x
IndexedAttestation.serialize                     medium-fixture   x4194304  bend        111.6 ns  ref       33.5 ns       3.3x
IndexedAttestation.hash_tree_root                medium-fixture   x57344    bend       8248.5 ns  ref     2113.3 ns       3.9x
IndexedAttestation.deserialize                   large-fixture    x2621440  bend        172.0 ns  ref       83.1 ns       2.1x
IndexedAttestation.serialize                     large-fixture    x4194304  bend        111.8 ns  ref       35.5 ns       3.1x
IndexedAttestation.hash_tree_root                large-fixture    x57344    bend       8265.9 ns  ref     2186.8 ns       3.8x
KZGCommitment.deserialize                        zero             x5000000  bend         33.4 ns  ref       28.0 ns       1.2x
KZGCommitment.serialize                          zero             x5000000  bend          9.8 ns  ref       13.3 ns       0.7x
KZGCommitment.hash_tree_root                     zero             x1572864  bend        273.4 ns  ref      228.0 ns       1.2x
KZGCommitment.deserialize                        random           x5000000  bend         31.6 ns  ref       28.1 ns       1.1x
KZGCommitment.serialize                          random           x5000000  bend         11.0 ns  ref       13.4 ns       0.8x
KZGCommitment.hash_tree_root                     random           x1572864  bend        274.0 ns  ref      231.1 ns       1.2x
KZGCommitment.deserialize                        saturated        x5000000  bend         31.0 ns  ref       28.4 ns       1.1x
KZGCommitment.serialize                          saturated        x5000000  bend         11.2 ns  ref       13.0 ns       0.9x
KZGCommitment.hash_tree_root                     saturated        x1572864  bend        274.7 ns  ref      224.1 ns       1.2x
KZGProof.deserialize                             zero             x5000000  bend         23.0 ns  ref       27.9 ns       0.8x
KZGProof.serialize                               zero             x5000000  bend          8.6 ns  ref       13.2 ns       0.7x
KZGProof.hash_tree_root                          zero             x1572864  bend        268.3 ns  ref      227.9 ns       1.2x
KZGProof.deserialize                             random           x5000000  bend         24.0 ns  ref       28.3 ns       0.8x
KZGProof.serialize                               random           x5000000  bend          9.4 ns  ref       13.1 ns       0.7x
KZGProof.hash_tree_root                          random           x1572864  bend        268.9 ns  ref      226.9 ns       1.2x
KZGProof.deserialize                             saturated        x5000000  bend         24.0 ns  ref       28.5 ns       0.8x
KZGProof.serialize                               saturated        x5000000  bend          9.4 ns  ref       13.6 ns       0.7x
KZGProof.hash_tree_root                          saturated        x1572864  bend        269.6 ns  ref      223.3 ns       1.2x
LightClientBootstrap.deserialize                 small-fixture    x286720   bend       1639.2 ns  ref     8348.5 ns       0.2x
LightClientBootstrap.serialize                   small-fixture    x204800   bend       1352.5 ns  ref     1813.4 ns       0.7x
LightClientBootstrap.hash_tree_root              small-fixture    x1664     bend     297476.0 ns  ref    78005.3 ns       3.8x
LightClientBootstrap.deserialize                 medium-fixture   x286720   bend       1653.2 ns  ref     8394.5 ns       0.2x
LightClientBootstrap.serialize                   medium-fixture   x204800   bend       1357.4 ns  ref     1906.1 ns       0.7x
LightClientBootstrap.hash_tree_root              medium-fixture   x1664     bend     298076.9 ns  ref    78090.9 ns       3.8x
LightClientBootstrap.deserialize                 large-fixture    x286720   bend       1646.2 ns  ref     8348.8 ns       0.2x
LightClientBootstrap.serialize                   large-fixture    x204800   bend       1352.5 ns  ref     1785.6 ns       0.8x
LightClientBootstrap.hash_tree_root              large-fixture    x1664     bend     298677.9 ns  ref    78027.4 ns       3.8x
LightClientFinalityUpdate.deserialize            small-fixture    x507904   bend        952.9 ns  ref      940.8 ns       1.0x
LightClientFinalityUpdate.serialize              small-fixture    x524288   bend        619.9 ns  ref      173.9 ns       3.6x
LightClientFinalityUpdate.hash_tree_root         small-fixture    x16384    bend      26855.5 ns  ref     6829.0 ns       3.9x
LightClientFinalityUpdate.deserialize            medium-fixture   x507904   bend        945.1 ns  ref      928.8 ns       1.0x
LightClientFinalityUpdate.serialize              medium-fixture   x524288   bend        625.6 ns  ref      174.1 ns       3.6x
LightClientFinalityUpdate.hash_tree_root         medium-fixture   x16384    bend      26977.5 ns  ref     6821.1 ns       4.0x
LightClientFinalityUpdate.deserialize            large-fixture    x507904   bend        943.1 ns  ref      933.1 ns       1.0x
LightClientFinalityUpdate.serialize              large-fixture    x524288   bend        629.4 ns  ref      169.8 ns       3.7x
LightClientFinalityUpdate.hash_tree_root         large-fixture    x16384    bend      26916.5 ns  ref     6828.0 ns       3.9x
LightClientHeader.deserialize                    small-fixture    x1048576  bend        379.6 ns  ref      356.8 ns       1.1x
LightClientHeader.serialize                      small-fixture    x1572864  bend        239.7 ns  ref       76.3 ns       3.1x
LightClientHeader.hash_tree_root                 small-fixture    x40960    bend      10937.5 ns  ref     2797.2 ns       3.9x
LightClientHeader.deserialize                    medium-fixture   x1048576  bend        378.6 ns  ref      350.8 ns       1.1x
LightClientHeader.serialize                      medium-fixture   x1572864  bend        239.7 ns  ref       78.5 ns       3.1x
LightClientHeader.hash_tree_root                 medium-fixture   x40960    bend      10937.5 ns  ref     2792.5 ns       3.9x
LightClientHeader.deserialize                    large-fixture    x1048576  bend        379.6 ns  ref      360.6 ns       1.1x
LightClientHeader.serialize                      large-fixture    x1572864  bend        239.7 ns  ref       78.7 ns       3.0x
LightClientHeader.hash_tree_root                 large-fixture    x40960    bend      10937.5 ns  ref     2790.8 ns       3.9x
LightClientOptimisticUpdate.deserialize          small-fixture    x524288   bend        474.9 ns  ref      417.4 ns       1.1x
LightClientOptimisticUpdate.serialize            small-fixture    x1572864  bend        273.4 ns  ref       85.7 ns       3.2x
LightClientOptimisticUpdate.hash_tree_root       small-fixture    x32768    bend      13061.5 ns  ref     3365.9 ns       3.9x
LightClientOptimisticUpdate.deserialize          medium-fixture   x1048576  bend        474.0 ns  ref      428.7 ns       1.1x
LightClientOptimisticUpdate.serialize            medium-fixture   x1572864  bend        274.7 ns  ref       86.6 ns       3.2x
LightClientOptimisticUpdate.hash_tree_root       medium-fixture   x32768    bend      13092.0 ns  ref     3372.4 ns       3.9x
LightClientOptimisticUpdate.deserialize          large-fixture    x1048576  bend        473.0 ns  ref      430.3 ns       1.1x
LightClientOptimisticUpdate.serialize            large-fixture    x1572864  bend        275.3 ns  ref      103.2 ns       2.7x
LightClientOptimisticUpdate.hash_tree_root       large-fixture    x32768    bend      13092.0 ns  ref     3369.6 ns       3.9x
LightClientUpdate.deserialize                    small-fixture    x102400   bend       2431.6 ns  ref     8962.9 ns       0.3x
LightClientUpdate.serialize                      small-fixture    x253952   bend       2110.6 ns  ref     2066.5 ns       1.0x
LightClientUpdate.hash_tree_root                 small-fixture    x1536     bend     313802.1 ns  ref    81920.8 ns       3.8x
LightClientUpdate.deserialize                    medium-fixture   x102400   bend       2412.1 ns  ref     9045.3 ns       0.3x
LightClientUpdate.serialize                      medium-fixture   x143360   bend       1883.4 ns  ref     1824.2 ns       1.0x
LightClientUpdate.hash_tree_root                 medium-fixture   x1536     bend     312500.0 ns  ref    81888.6 ns       3.8x
LightClientUpdate.deserialize                    large-fixture    x102400   bend       2431.6 ns  ref     8987.4 ns       0.3x
LightClientUpdate.serialize                      large-fixture    x253952   bend       1925.6 ns  ref     1970.8 ns       1.0x
LightClientUpdate.hash_tree_root                 large-fixture    x1536     bend     313151.0 ns  ref    81954.1 ns       3.8x
MatrixEntry.deserialize                          small-fixture    x3145728  bend        137.0 ns  ref      168.5 ns       0.8x
MatrixEntry.serialize                            small-fixture    x3670016  bend        128.1 ns  ref      136.2 ns       0.9x
MatrixEntry.hash_tree_root                       small-fixture    x24576    bend      18188.5 ns  ref     4475.3 ns       4.1x
MatrixEntry.deserialize                          medium-fixture   x3145728  bend        137.6 ns  ref      171.4 ns       0.8x
MatrixEntry.serialize                            medium-fixture   x3670016  bend        127.5 ns  ref      147.9 ns       0.9x
MatrixEntry.hash_tree_root                       medium-fixture   x24576    bend      18188.5 ns  ref     4481.9 ns       4.1x
MatrixEntry.deserialize                          large-fixture    x3145728  bend        137.3 ns  ref      169.8 ns       0.8x
MatrixEntry.serialize                            large-fixture    x3670016  bend        128.1 ns  ref      151.9 ns       0.8x
MatrixEntry.hash_tree_root                       large-fixture    x24576    bend      18188.5 ns  ref     4483.4 ns       4.1x
NextSyncCommitteeBranch.deserialize              zero             x5000000  bend         24.2 ns  ref       37.0 ns       0.7x
NextSyncCommitteeBranch.serialize                zero             x5000000  bend         14.8 ns  ref       20.6 ns       0.7x
NextSyncCommitteeBranch.hash_tree_root           zero             x253952   bend       1905.9 ns  ref      588.2 ns       3.2x
NextSyncCommitteeBranch.deserialize              random           x5000000  bend         26.6 ns  ref       36.4 ns       0.7x
NextSyncCommitteeBranch.serialize                random           x5000000  bend         19.8 ns  ref       19.6 ns       1.0x
NextSyncCommitteeBranch.hash_tree_root           random           x143360   bend       1911.3 ns  ref      589.9 ns       3.2x
NextSyncCommitteeBranch.deserialize              saturated        x5000000  bend         27.2 ns  ref       39.2 ns       0.7x
NextSyncCommitteeBranch.serialize                saturated        x5000000  bend         20.0 ns  ref       22.3 ns       0.9x
NextSyncCommitteeBranch.hash_tree_root           saturated        x253952   bend       1905.9 ns  ref      585.9 ns       3.3x
NodeID.deserialize                               zero             x5000000  bend         27.4 ns  ref       27.3 ns       1.0x
NodeID.serialize                                 zero             x5000000  bend          7.2 ns  ref       12.6 ns       0.6x
NodeID.hash_tree_root                            zero             x5000000  bend          4.2 ns  ref      127.3 ns       0.0x
NodeID.deserialize                               random           x5000000  bend         25.4 ns  ref       26.9 ns       0.9x
NodeID.serialize                                 random           x5000000  bend          7.8 ns  ref       12.6 ns       0.6x
NodeID.hash_tree_root                            random           x5000000  bend          4.2 ns  ref      125.6 ns       0.0x
NodeID.deserialize                               saturated        x5000000  bend         27.2 ns  ref       27.1 ns       1.0x
NodeID.serialize                                 saturated        x5000000  bend          8.0 ns  ref       12.4 ns       0.6x
NodeID.hash_tree_root                            saturated        x5000000  bend          4.2 ns  ref      127.1 ns       0.0x
ParticipationFlags.deserialize                   zero             x5000000  bend          6.8 ns  ref       23.3 ns       0.3x
ParticipationFlags.serialize                     zero             x5000000  bend          5.2 ns  ref        7.5 ns       0.7x
ParticipationFlags.hash_tree_root                zero             x5000000  bend          3.0 ns  ref      132.4 ns       0.0x
ParticipationFlags.deserialize                   random           x5000000  bend          6.8 ns  ref       22.8 ns       0.3x
ParticipationFlags.serialize                     random           x5000000  bend          5.4 ns  ref        7.7 ns       0.7x
ParticipationFlags.hash_tree_root                random           x5000000  bend          3.0 ns  ref      134.8 ns       0.0x
ParticipationFlags.deserialize                   saturated        x5000000  bend          6.8 ns  ref       23.0 ns       0.3x
ParticipationFlags.serialize                     saturated        x5000000  bend          5.2 ns  ref        7.7 ns       0.7x
ParticipationFlags.hash_tree_root                saturated        x5000000  bend          3.0 ns  ref      139.7 ns       0.0x
PayloadId.deserialize                            zero             x5000000  bend         11.0 ns  ref       23.2 ns       0.5x
PayloadId.serialize                              zero             x5000000  bend          6.4 ns  ref        8.0 ns       0.8x
PayloadId.hash_tree_root                         zero             x5000000  bend          3.8 ns  ref      136.0 ns       0.0x
PayloadId.deserialize                            random           x5000000  bend         11.0 ns  ref       23.6 ns       0.5x
PayloadId.serialize                              random           x5000000  bend          6.4 ns  ref        8.0 ns       0.8x
PayloadId.hash_tree_root                         random           x5000000  bend          4.0 ns  ref      133.2 ns       0.0x
PayloadId.deserialize                            saturated        x5000000  bend         11.0 ns  ref       23.5 ns       0.5x
PayloadId.serialize                              saturated        x5000000  bend          6.6 ns  ref        8.1 ns       0.8x
PayloadId.hash_tree_root                         saturated        x5000000  bend          3.8 ns  ref      134.9 ns       0.0x
PendingAttestation.deserialize                   small-fixture    x4194304  bend        107.8 ns  ref       64.3 ns       1.7x
PendingAttestation.serialize                     small-fixture    x5000000  bend         47.2 ns  ref       25.4 ns       1.9x
PendingAttestation.hash_tree_root                small-fixture    x114688   bend       3993.4 ns  ref     1095.9 ns       3.6x
PendingAttestation.deserialize                   medium-fixture   x4194304  bend        107.0 ns  ref       64.7 ns       1.7x
PendingAttestation.serialize                     medium-fixture   x5000000  bend         47.0 ns  ref       25.0 ns       1.9x
PendingAttestation.hash_tree_root                medium-fixture   x114688   bend       3984.7 ns  ref     1096.2 ns       3.6x
PendingAttestation.deserialize                   large-fixture    x4194304  bend        108.5 ns  ref       64.7 ns       1.7x
PendingAttestation.serialize                     large-fixture    x5000000  bend         47.2 ns  ref       25.5 ns       1.9x
PendingAttestation.hash_tree_root                large-fixture    x114688   bend       3984.7 ns  ref     1095.7 ns       3.6x
PendingConsolidation.deserialize                 small-fixture    x5000000  bend         16.0 ns  ref       10.9 ns       1.5x
PendingConsolidation.serialize                   small-fixture    x5000000  bend          6.6 ns  ref       12.4 ns       0.5x
PendingConsolidation.hash_tree_root              small-fixture    x1572864  bend        269.6 ns  ref      100.5 ns       2.7x
PendingConsolidation.deserialize                 medium-fixture   x5000000  bend         16.0 ns  ref       10.8 ns       1.5x
PendingConsolidation.serialize                   medium-fixture   x5000000  bend          6.4 ns  ref       12.3 ns       0.5x
PendingConsolidation.hash_tree_root              medium-fixture   x1572864  bend        270.2 ns  ref      100.7 ns       2.7x
PendingConsolidation.deserialize                 large-fixture    x5000000  bend         15.6 ns  ref       10.5 ns       1.5x
PendingConsolidation.serialize                   large-fixture    x5000000  bend          6.4 ns  ref       12.6 ns       0.5x
PendingConsolidation.hash_tree_root              large-fixture    x1572864  bend        269.6 ns  ref      100.5 ns       2.7x
PendingDeposit.deserialize                       small-fixture    x5000000  bend         87.8 ns  ref       38.5 ns       2.3x
PendingDeposit.serialize                         small-fixture    x5000000  bend         31.0 ns  ref       22.6 ns       1.4x
PendingDeposit.hash_tree_root                    small-fixture    x180224   bend       2663.4 ns  ref      724.1 ns       3.7x
PendingDeposit.deserialize                       medium-fixture   x5000000  bend         89.4 ns  ref       38.0 ns       2.4x
PendingDeposit.serialize                         medium-fixture   x5000000  bend         31.0 ns  ref       21.9 ns       1.4x
PendingDeposit.hash_tree_root                    medium-fixture   x180224   bend       2663.4 ns  ref      725.3 ns       3.7x
PendingDeposit.deserialize                       large-fixture    x5000000  bend         90.6 ns  ref       37.4 ns       2.4x
PendingDeposit.serialize                         large-fixture    x5000000  bend         31.2 ns  ref       23.5 ns       1.3x
PendingDeposit.hash_tree_root                    large-fixture    x180224   bend       2657.8 ns  ref      725.7 ns       3.7x
PendingPartialWithdrawal.deserialize             small-fixture    x5000000  bend         17.8 ns  ref       12.3 ns       1.4x
PendingPartialWithdrawal.serialize               small-fixture    x5000000  bend          7.0 ns  ref       14.7 ns       0.5x
PendingPartialWithdrawal.hash_tree_root          small-fixture    x507904   bend        797.4 ns  ref      238.7 ns       3.3x
PendingPartialWithdrawal.deserialize             medium-fixture   x5000000  bend         17.8 ns  ref       12.6 ns       1.4x
PendingPartialWithdrawal.serialize               medium-fixture   x5000000  bend          7.0 ns  ref       14.5 ns       0.5x
PendingPartialWithdrawal.hash_tree_root          medium-fixture   x524288   bend        795.4 ns  ref      238.3 ns       3.3x
PendingPartialWithdrawal.deserialize             large-fixture    x5000000  bend         17.6 ns  ref       12.5 ns       1.4x
PendingPartialWithdrawal.serialize               large-fixture    x5000000  bend          6.8 ns  ref       14.4 ns       0.5x
PendingPartialWithdrawal.hash_tree_root          large-fixture    x524288   bend        797.3 ns  ref      238.6 ns       3.3x
PowBlock.deserialize                             small-fixture    x5000000  bend         41.0 ns  ref       55.5 ns       0.7x
PowBlock.serialize                               small-fixture    x5000000  bend         16.2 ns  ref       17.7 ns       0.9x
PowBlock.hash_tree_root                          small-fixture    x507904   bend        797.4 ns  ref      240.7 ns       3.3x
PowBlock.deserialize                             medium-fixture   x5000000  bend         41.0 ns  ref       56.3 ns       0.7x
PowBlock.serialize                               medium-fixture   x5000000  bend         16.2 ns  ref       18.2 ns       0.9x
PowBlock.hash_tree_root                          medium-fixture   x524288   bend        797.3 ns  ref      240.8 ns       3.3x
PowBlock.deserialize                             large-fixture    x5000000  bend         41.0 ns  ref       55.8 ns       0.7x
PowBlock.serialize                               large-fixture    x5000000  bend         16.2 ns  ref       17.2 ns       0.9x
PowBlock.hash_tree_root                          large-fixture    x524288   bend        799.2 ns  ref      239.9 ns       3.3x
ProposerSlashing.deserialize                     small-fixture    x1572864  bend        258.8 ns  ref       84.0 ns       3.1x
ProposerSlashing.serialize                       small-fixture    x5000000  bend         93.6 ns  ref       38.9 ns       2.4x
ProposerSlashing.hash_tree_root                  small-fixture    x81920    bend       5615.2 ns  ref     1513.4 ns       3.7x
ProposerSlashing.deserialize                     medium-fixture   x1572864  bend        266.4 ns  ref       84.6 ns       3.2x
ProposerSlashing.serialize                       medium-fixture   x5000000  bend         93.2 ns  ref       37.7 ns       2.5x
ProposerSlashing.hash_tree_root                  medium-fixture   x81920    bend       5615.2 ns  ref     1512.5 ns       3.7x
ProposerSlashing.deserialize                     large-fixture    x1572864  bend        257.5 ns  ref       85.3 ns       3.0x
ProposerSlashing.serialize                       large-fixture    x5000000  bend         93.4 ns  ref       38.8 ns       2.4x
ProposerSlashing.hash_tree_root                  large-fixture    x81920    bend       5615.2 ns  ref     1543.5 ns       3.6x
Root.deserialize                                 zero             x5000000  bend         27.8 ns  ref       28.1 ns       1.0x
Root.serialize                                   zero             x5000000  bend          7.6 ns  ref       12.7 ns       0.6x
Root.hash_tree_root                              zero             x5000000  bend          4.4 ns  ref      136.6 ns       0.0x
Root.deserialize                                 random           x5000000  bend         37.2 ns  ref       40.6 ns       0.9x
Root.serialize                                   random           x5000000  bend         11.2 ns  ref       18.6 ns       0.6x
Root.hash_tree_root                              random           x5000000  bend          5.6 ns  ref      168.4 ns       0.0x
Root.deserialize                                 saturated        x5000000  bend         28.8 ns  ref       30.5 ns       0.9x
Root.serialize                                   saturated        x5000000  bend          8.0 ns  ref       13.2 ns       0.6x
Root.hash_tree_root                              saturated        x5000000  bend          4.6 ns  ref      140.5 ns       0.0x
RowIndex.deserialize                             zero             x5000000  bend         13.4 ns  ref       23.4 ns       0.6x
RowIndex.serialize                               zero             x5000000  bend          6.2 ns  ref        8.3 ns       0.7x
RowIndex.hash_tree_root                          zero             x5000000  bend          3.8 ns  ref      132.6 ns       0.0x
RowIndex.deserialize                             random           x5000000  bend         13.4 ns  ref       23.5 ns       0.6x
RowIndex.serialize                               random           x5000000  bend          6.2 ns  ref        7.9 ns       0.8x
RowIndex.hash_tree_root                          random           x5000000  bend          3.8 ns  ref      143.2 ns       0.0x
RowIndex.deserialize                             saturated        x5000000  bend         16.6 ns  ref       29.4 ns       0.6x
RowIndex.serialize                               saturated        x5000000  bend          8.8 ns  ref       11.3 ns       0.8x
RowIndex.hash_tree_root                          saturated        x5000000  bend          5.4 ns  ref      191.6 ns       0.0x
SignedAggregateAndProof.deserialize              small-fixture    x1048576  bend        313.8 ns  ref      130.6 ns       2.4x
SignedAggregateAndProof.serialize                small-fixture    x2621440  bend        183.9 ns  ref       49.0 ns       3.8x
SignedAggregateAndProof.hash_tree_root           small-fixture    x40960    bend      11840.8 ns  ref     3156.8 ns       3.8x
SignedAggregateAndProof.deserialize              medium-fixture   x1048576  bend        322.3 ns  ref      130.6 ns       2.5x
SignedAggregateAndProof.serialize                medium-fixture   x2621440  bend        180.1 ns  ref       49.3 ns       3.7x
SignedAggregateAndProof.hash_tree_root           medium-fixture   x40960    bend       9594.7 ns  ref     2541.0 ns       3.8x
SignedAggregateAndProof.deserialize              large-fixture    x1048576  bend        318.5 ns  ref      129.9 ns       2.5x
SignedAggregateAndProof.serialize                large-fixture    x2621440  bend        183.9 ns  ref       47.8 ns       3.8x
SignedAggregateAndProof.hash_tree_root           large-fixture    x49152    bend       9155.3 ns  ref     2414.9 ns       3.8x
SignedBLSToExecutionChange.deserialize           small-fixture    x2621440  bend         95.7 ns  ref       34.3 ns       2.8x
SignedBLSToExecutionChange.serialize             small-fixture    x5000000  bend         29.6 ns  ref       21.8 ns       1.4x
SignedBLSToExecutionChange.hash_tree_root        small-fixture    x221184   bend       2134.0 ns  ref      602.5 ns       3.5x
SignedBLSToExecutionChange.deserialize           medium-fixture   x5000000  bend         94.4 ns  ref       33.9 ns       2.8x
SignedBLSToExecutionChange.serialize             medium-fixture   x5000000  bend         29.6 ns  ref       22.2 ns       1.3x
SignedBLSToExecutionChange.hash_tree_root        medium-fixture   x221184   bend       2129.4 ns  ref      602.2 ns       3.5x
SignedBLSToExecutionChange.deserialize           large-fixture    x5000000  bend         95.6 ns  ref       34.6 ns       2.8x
SignedBLSToExecutionChange.serialize             large-fixture    x5000000  bend         29.4 ns  ref       21.8 ns       1.3x
SignedBLSToExecutionChange.hash_tree_root        large-fixture    x221184   bend       2134.0 ns  ref      603.4 ns       3.5x
SignedBeaconBlock.deserialize                    small-fixture    x106496   bend       4563.6 ns  ref     7016.5 ns       0.7x
SignedBeaconBlock.serialize                      small-fixture    x180224   bend       2741.0 ns  ref     1096.4 ns       2.5x
SignedBeaconBlock.hash_tree_root                 small-fixture    x2176     bend     218750.0 ns  ref    56534.2 ns       3.9x
SignedBeaconBlock.deserialize                    medium-fixture   x65536    bend       7507.3 ns  ref     7357.7 ns       1.0x
SignedBeaconBlock.serialize                      medium-fixture   x122880   bend       4044.6 ns  ref     1072.5 ns       3.8x
SignedBeaconBlock.hash_tree_root                 medium-fixture   x1792     bend     268415.2 ns  ref    69270.4 ns       3.9x
SignedBeaconBlock.deserialize                    large-fixture    x57344    bend       8231.0 ns  ref     8894.1 ns       0.9x
SignedBeaconBlock.serialize                      large-fixture    x106496   bend       4272.5 ns  ref     1444.2 ns       3.0x
SignedBeaconBlock.hash_tree_root                 large-fixture    x1408     bend     331676.1 ns  ref    84590.3 ns       3.9x
SignedBeaconBlockHeader.deserialize              small-fixture    x3145728  bend        142.4 ns  ref       35.8 ns       4.0x
SignedBeaconBlockHeader.serialize                small-fixture    x5000000  bend         34.8 ns  ref       23.7 ns       1.5x
SignedBeaconBlockHeader.hash_tree_root           small-fixture    x180224   bend       2668.9 ns  ref      730.8 ns       3.7x
SignedBeaconBlockHeader.deserialize              medium-fixture   x3145728  bend        142.1 ns  ref       36.7 ns       3.9x
SignedBeaconBlockHeader.serialize                medium-fixture   x5000000  bend         34.8 ns  ref       24.7 ns       1.4x
SignedBeaconBlockHeader.hash_tree_root           medium-fixture   x180224   bend       2680.0 ns  ref      729.6 ns       3.7x
SignedBeaconBlockHeader.deserialize              large-fixture    x3145728  bend        146.5 ns  ref       35.5 ns       4.1x
SignedBeaconBlockHeader.serialize                large-fixture    x5000000  bend         35.0 ns  ref       24.5 ns       1.4x
SignedBeaconBlockHeader.hash_tree_root           large-fixture    x180224   bend       2674.4 ns  ref      729.8 ns       3.7x
SignedContributionAndProof.deserialize           small-fixture    x2097152  bend        216.0 ns  ref       84.6 ns       2.6x
SignedContributionAndProof.serialize             small-fixture    x5000000  bend         84.8 ns  ref       38.3 ns       2.2x
SignedContributionAndProof.hash_tree_root        small-fixture    x90112    bend       5071.5 ns  ref     1363.0 ns       3.7x
SignedContributionAndProof.deserialize           medium-fixture   x2097152  bend        208.4 ns  ref       83.7 ns       2.5x
SignedContributionAndProof.serialize             medium-fixture   x5000000  bend         85.2 ns  ref       36.2 ns       2.4x
SignedContributionAndProof.hash_tree_root        medium-fixture   x90112    bend       5115.9 ns  ref     1378.2 ns       3.7x
SignedContributionAndProof.deserialize           large-fixture    x2097152  bend        216.0 ns  ref       85.0 ns       2.5x
SignedContributionAndProof.serialize             large-fixture    x5000000  bend         84.8 ns  ref       38.2 ns       2.2x
SignedContributionAndProof.hash_tree_root        large-fixture    x90112    bend       5149.1 ns  ref     1377.1 ns       3.7x
SignedVoluntaryExit.deserialize                  small-fixture    x5000000  bend         69.2 ns  ref       39.8 ns       1.7x
SignedVoluntaryExit.serialize                    small-fixture    x5000000  bend         24.2 ns  ref       21.5 ns       1.1x
SignedVoluntaryExit.hash_tree_root               small-fixture    x335872   bend       1333.8 ns  ref      392.9 ns       3.4x
SignedVoluntaryExit.deserialize                  medium-fixture   x5000000  bend         54.8 ns  ref       30.2 ns       1.8x
SignedVoluntaryExit.serialize                    medium-fixture   x5000000  bend         20.8 ns  ref       18.6 ns       1.1x
SignedVoluntaryExit.hash_tree_root               medium-fixture   x335872   bend       1336.8 ns  ref      391.4 ns       3.4x
SignedVoluntaryExit.deserialize                  large-fixture    x5000000  bend         54.8 ns  ref       29.7 ns       1.8x
SignedVoluntaryExit.serialize                    large-fixture    x5000000  bend         20.8 ns  ref       18.4 ns       1.1x
SignedVoluntaryExit.hash_tree_root               large-fixture    x335872   bend       1336.8 ns  ref      391.1 ns       3.4x
SigningData.deserialize                          small-fixture    x5000000  bend         40.6 ns  ref       13.1 ns       3.1x
SigningData.serialize                            small-fixture    x5000000  bend         12.6 ns  ref       14.5 ns       0.9x
SigningData.hash_tree_root                       small-fixture    x1572864  bend        275.9 ns  ref      102.0 ns       2.7x
SigningData.deserialize                          medium-fixture   x5000000  bend         40.6 ns  ref       13.3 ns       3.0x
SigningData.serialize                            medium-fixture   x5000000  bend         12.6 ns  ref       14.7 ns       0.9x
SigningData.hash_tree_root                       medium-fixture   x1572864  bend        275.9 ns  ref      101.9 ns       2.7x
SigningData.deserialize                          large-fixture    x5000000  bend         40.6 ns  ref       13.4 ns       3.0x
SigningData.serialize                            large-fixture    x5000000  bend         12.6 ns  ref       14.6 ns       0.9x
SigningData.hash_tree_root                       large-fixture    x1572864  bend        275.9 ns  ref      101.8 ns       2.7x
SingleAttestation.deserialize                    small-fixture    x2621440  bend        161.4 ns  ref       59.0 ns       2.7x
SingleAttestation.serialize                      small-fixture    x5000000  bend         39.0 ns  ref       29.0 ns       1.3x
SingleAttestation.hash_tree_root                 small-fixture    x122880   bend       3735.4 ns  ref     1028.7 ns       3.6x
SingleAttestation.deserialize                    medium-fixture   x2621440  bend        167.1 ns  ref       58.7 ns       2.8x
SingleAttestation.serialize                      medium-fixture   x5000000  bend         39.0 ns  ref       27.6 ns       1.4x
SingleAttestation.hash_tree_root                 medium-fixture   x131072   bend       3730.8 ns  ref     1025.6 ns       3.6x
SingleAttestation.deserialize                    large-fixture    x2621440  bend        164.8 ns  ref       57.6 ns       2.9x
SingleAttestation.serialize                      large-fixture    x5000000  bend         39.2 ns  ref       28.8 ns       1.4x
SingleAttestation.hash_tree_root                 large-fixture    x122880   bend       3727.2 ns  ref     1027.1 ns       3.6x
Slot.deserialize                                 zero             x5000000  bend          9.8 ns  ref       23.3 ns       0.4x
Slot.serialize                                   zero             x5000000  bend          5.2 ns  ref        8.1 ns       0.6x
Slot.hash_tree_root                              zero             x5000000  bend          3.4 ns  ref      138.2 ns       0.0x
Slot.deserialize                                 random           x5000000  bend          9.8 ns  ref       23.3 ns       0.4x
Slot.serialize                                   random           x5000000  bend          5.2 ns  ref        8.1 ns       0.6x
Slot.hash_tree_root                              random           x5000000  bend          3.4 ns  ref      137.7 ns       0.0x
Slot.deserialize                                 saturated        x5000000  bend          9.8 ns  ref       23.9 ns       0.4x
Slot.serialize                                   saturated        x5000000  bend          5.2 ns  ref        8.2 ns       0.6x
Slot.hash_tree_root                              saturated        x5000000  bend          3.4 ns  ref      137.3 ns       0.0x
SubnetID.deserialize                             zero             x5000000  bend         14.4 ns  ref       23.5 ns       0.6x
SubnetID.serialize                               zero             x5000000  bend          6.0 ns  ref        8.0 ns       0.7x
SubnetID.hash_tree_root                          zero             x5000000  bend          4.0 ns  ref      130.4 ns       0.0x
SubnetID.deserialize                             random           x5000000  bend         14.6 ns  ref       23.4 ns       0.6x
SubnetID.serialize                               random           x5000000  bend          6.0 ns  ref        7.9 ns       0.8x
SubnetID.hash_tree_root                          random           x5000000  bend          3.8 ns  ref      133.3 ns       0.0x
SubnetID.deserialize                             saturated        x5000000  bend         14.4 ns  ref       23.2 ns       0.6x
SubnetID.serialize                               saturated        x5000000  bend          6.0 ns  ref        8.1 ns       0.7x
SubnetID.hash_tree_root                          saturated        x5000000  bend          4.0 ns  ref      134.7 ns       0.0x
SyncAggregate.deserialize                        small-fixture    x3407872  bend         71.3 ns  ref       33.9 ns       2.1x
SyncAggregate.serialize                          small-fixture    x5000000  bend         27.4 ns  ref       21.7 ns       1.3x
SyncAggregate.hash_tree_root                     small-fixture    x204800   bend       1337.9 ns  ref      387.0 ns       3.5x
SyncAggregate.deserialize                        medium-fixture   x5000000  bend         75.6 ns  ref       33.8 ns       2.2x
SyncAggregate.serialize                          medium-fixture   x5000000  bend         27.4 ns  ref       20.7 ns       1.3x
SyncAggregate.hash_tree_root                     medium-fixture   x335872   bend       1354.7 ns  ref      394.0 ns       3.4x
SyncAggregate.deserialize                        large-fixture    x3145728  bend         75.7 ns  ref       33.6 ns       2.3x
SyncAggregate.serialize                          large-fixture    x5000000  bend         27.6 ns  ref       21.3 ns       1.3x
SyncAggregate.hash_tree_root                     large-fixture    x204800   bend       1337.9 ns  ref      386.8 ns       3.5x
SyncAggregatorSelectionData.deserialize          small-fixture    x5000000  bend         13.8 ns  ref       10.9 ns       1.3x
SyncAggregatorSelectionData.serialize            small-fixture    x5000000  bend          5.8 ns  ref       12.4 ns       0.5x
SyncAggregatorSelectionData.hash_tree_root       small-fixture    x1572864  bend        265.8 ns  ref      100.4 ns       2.6x
SyncAggregatorSelectionData.deserialize          medium-fixture   x5000000  bend         13.8 ns  ref       10.9 ns       1.3x
SyncAggregatorSelectionData.serialize            medium-fixture   x5000000  bend          5.8 ns  ref       12.5 ns       0.5x
SyncAggregatorSelectionData.hash_tree_root       medium-fixture   x1572864  bend        265.8 ns  ref      100.6 ns       2.6x
SyncAggregatorSelectionData.deserialize          large-fixture    x5000000  bend         13.6 ns  ref       11.0 ns       1.2x
SyncAggregatorSelectionData.serialize            large-fixture    x5000000  bend          5.8 ns  ref       12.5 ns       0.5x
SyncAggregatorSelectionData.hash_tree_root       large-fixture    x1572864  bend        266.4 ns  ref      100.5 ns       2.7x
SyncCommittee.deserialize                        small-fixture    x253952   bend       1078.9 ns  ref     1247.0 ns       0.9x
SyncCommittee.serialize                          small-fixture    x253952   bend       1071.1 ns  ref     1648.9 ns       0.6x
SyncCommittee.hash_tree_root                     small-fixture    x1664     bend     283653.8 ns  ref    81044.6 ns       3.5x
SyncCommittee.deserialize                        medium-fixture   x409600   bend       1079.1 ns  ref     1194.7 ns       0.9x
SyncCommittee.serialize                          medium-fixture   x409600   bend       1064.5 ns  ref     1657.3 ns       0.6x
SyncCommittee.hash_tree_root                     medium-fixture   x1664     bend     283653.8 ns  ref    81418.6 ns       3.5x
SyncCommittee.deserialize                        large-fixture    x253952   bend       1075.0 ns  ref     1119.1 ns       1.0x
SyncCommittee.serialize                          large-fixture    x253952   bend       1063.2 ns  ref     1664.1 ns       0.6x
SyncCommittee.hash_tree_root                     large-fixture    x1664     bend     283052.9 ns  ref    81297.7 ns       3.5x
SyncCommitteeContribution.deserialize            small-fixture    x5000000  bend         91.4 ns  ref       35.9 ns       2.5x
SyncCommitteeContribution.serialize              small-fixture    x5000000  bend         28.8 ns  ref       21.7 ns       1.3x
SyncCommitteeContribution.hash_tree_root         small-fixture    x204800   bend       2402.3 ns  ref      650.6 ns       3.7x
SyncCommitteeContribution.deserialize            medium-fixture   x5000000  bend         91.2 ns  ref       35.3 ns       2.6x
SyncCommitteeContribution.serialize              medium-fixture   x5000000  bend         28.8 ns  ref       22.2 ns       1.3x
SyncCommitteeContribution.hash_tree_root         medium-fixture   x204800   bend       2446.3 ns  ref      664.0 ns       3.7x
SyncCommitteeContribution.deserialize            large-fixture    x5000000  bend         94.6 ns  ref       36.3 ns       2.6x
SyncCommitteeContribution.serialize              large-fixture    x5000000  bend         28.6 ns  ref       21.8 ns       1.3x
SyncCommitteeContribution.hash_tree_root         large-fixture    x204800   bend       2402.3 ns  ref      650.7 ns       3.7x
SyncCommitteeMessage.deserialize                 small-fixture    x5000000  bend         70.0 ns  ref       18.9 ns       3.7x
SyncCommitteeMessage.serialize                   small-fixture    x5000000  bend         28.2 ns  ref       21.6 ns       1.3x
SyncCommitteeMessage.hash_tree_root              small-fixture    x286720   bend       1593.9 ns  ref      449.3 ns       3.5x
SyncCommitteeMessage.deserialize                 medium-fixture   x5000000  bend         70.8 ns  ref       18.8 ns       3.8x
SyncCommitteeMessage.serialize                   medium-fixture   x5000000  bend         28.4 ns  ref       20.5 ns       1.4x
SyncCommitteeMessage.hash_tree_root              medium-fixture   x286720   bend       1593.9 ns  ref      449.7 ns       3.5x
SyncCommitteeMessage.deserialize                 large-fixture    x5000000  bend         69.8 ns  ref       18.2 ns       3.8x
SyncCommitteeMessage.serialize                   large-fixture    x5000000  bend         28.2 ns  ref       20.5 ns       1.4x
SyncCommitteeMessage.hash_tree_root              large-fixture    x167936   bend       1595.8 ns  ref      449.5 ns       3.5x
Transaction.deserialize                          small            x5000000  bend         17.4 ns  ref       27.5 ns       0.6x
Transaction.serialize                            small            x5000000  bend         11.8 ns  ref       12.7 ns       0.9x
Transaction.hash_tree_root                       small            x65536    bend       6835.9 ns  ref     1913.0 ns       3.6x
Transaction.deserialize                          medium           x1572864  bend        248.6 ns  ref      260.6 ns       1.0x
Transaction.serialize                            medium           x2097152  bend        200.7 ns  ref      255.3 ns       0.8x
Transaction.hash_tree_root                       medium           x8192     bend      41259.8 ns  ref    10041.2 ns       4.1x
Transaction.deserialize                          large            x7936     bend      53931.5 ns  ref    41154.1 ns       1.3x
Transaction.serialize                            large            x8192     bend      46020.5 ns  ref    41478.7 ns       1.1x
Transaction.hash_tree_root                       large            x54       bend    8870370.4 ns  ref  2212646.8 ns       4.0x
Validator.deserialize                            small-fixture    x5000000  bend         68.2 ns  ref       32.0 ns       2.1x
Validator.serialize                              small-fixture    x5000000  bend         21.6 ns  ref       19.7 ns       1.1x
Validator.hash_tree_root                         small-fixture    x126976   bend       2142.1 ns  ref      590.6 ns       3.6x
Validator.deserialize                            medium-fixture   x3670016  bend         68.1 ns  ref       32.6 ns       2.1x
Validator.serialize                              medium-fixture   x5000000  bend         21.2 ns  ref       20.2 ns       1.1x
Validator.hash_tree_root                         medium-fixture   x126976   bend       2142.1 ns  ref      589.7 ns       3.6x
Validator.deserialize                            large-fixture    x3670016  bend         68.1 ns  ref       32.7 ns       2.1x
Validator.serialize                              large-fixture    x5000000  bend         21.4 ns  ref       20.2 ns       1.1x
Validator.hash_tree_root                         large-fixture    x126976   bend       2134.3 ns  ref      591.3 ns       3.6x
ValidatorIndex.deserialize                       zero             x5000000  bend         10.4 ns  ref       23.2 ns       0.4x
ValidatorIndex.serialize                         zero             x5000000  bend          5.4 ns  ref        8.3 ns       0.7x
ValidatorIndex.hash_tree_root                    zero             x5000000  bend          3.8 ns  ref      133.2 ns       0.0x
ValidatorIndex.deserialize                       random           x5000000  bend         10.4 ns  ref       23.3 ns       0.4x
ValidatorIndex.serialize                         random           x5000000  bend          5.4 ns  ref        8.1 ns       0.7x
ValidatorIndex.hash_tree_root                    random           x5000000  bend          3.6 ns  ref      135.0 ns       0.0x
ValidatorIndex.deserialize                       saturated        x5000000  bend         11.0 ns  ref       26.1 ns       0.4x
ValidatorIndex.serialize                         saturated        x5000000  bend          5.8 ns  ref        8.7 ns       0.7x
ValidatorIndex.hash_tree_root                    saturated        x5000000  bend          4.0 ns  ref      169.2 ns       0.0x
Version.deserialize                              zero             x5000000  bend          6.4 ns  ref       31.5 ns       0.2x
Version.serialize                                zero             x5000000  bend          5.8 ns  ref        9.8 ns       0.6x
Version.hash_tree_root                           zero             x5000000  bend          3.0 ns  ref      140.9 ns       0.0x
Version.deserialize                              random           x5000000  bend          4.8 ns  ref       24.4 ns       0.2x
Version.serialize                                random           x5000000  bend          4.8 ns  ref        8.2 ns       0.6x
Version.hash_tree_root                           random           x5000000  bend          3.0 ns  ref      137.5 ns       0.0x
Version.deserialize                              saturated        x5000000  bend          5.0 ns  ref       24.3 ns       0.2x
Version.serialize                                saturated        x5000000  bend          4.6 ns  ref        7.9 ns       0.6x
Version.hash_tree_root                           saturated        x5000000  bend          3.0 ns  ref      133.5 ns       0.0x
VersionedHash.deserialize                        zero             x5000000  bend         20.4 ns  ref       27.3 ns       0.7x
VersionedHash.serialize                          zero             x5000000  bend          7.4 ns  ref       12.5 ns       0.6x
VersionedHash.hash_tree_root                     zero             x5000000  bend          4.2 ns  ref      131.4 ns       0.0x
VersionedHash.deserialize                        random           x5000000  bend         21.2 ns  ref       27.1 ns       0.8x
VersionedHash.serialize                          random           x5000000  bend          7.4 ns  ref       12.8 ns       0.6x
VersionedHash.hash_tree_root                     random           x5000000  bend          4.2 ns  ref      127.2 ns       0.0x
VersionedHash.deserialize                        saturated        x5000000  bend         20.6 ns  ref       26.9 ns       0.8x
VersionedHash.serialize                          saturated        x5000000  bend          7.4 ns  ref       12.6 ns       0.6x
VersionedHash.hash_tree_root                     saturated        x5000000  bend          4.2 ns  ref      128.0 ns       0.0x
VoluntaryExit.deserialize                        small-fixture    x5000000  bend         16.4 ns  ref       10.6 ns       1.5x
VoluntaryExit.serialize                          small-fixture    x5000000  bend          6.8 ns  ref       12.5 ns       0.5x
VoluntaryExit.hash_tree_root                     small-fixture    x1572864  bend        269.6 ns  ref      100.5 ns       2.7x
VoluntaryExit.deserialize                        medium-fixture   x5000000  bend         16.2 ns  ref       10.8 ns       1.5x
VoluntaryExit.serialize                          medium-fixture   x5000000  bend          6.8 ns  ref       12.4 ns       0.5x
VoluntaryExit.hash_tree_root                     medium-fixture   x1572864  bend        269.6 ns  ref      100.4 ns       2.7x
VoluntaryExit.deserialize                        large-fixture    x5000000  bend         16.4 ns  ref       10.9 ns       1.5x
VoluntaryExit.serialize                          large-fixture    x5000000  bend          6.8 ns  ref       12.7 ns       0.5x
VoluntaryExit.hash_tree_root                     large-fixture    x1572864  bend        270.2 ns  ref      100.3 ns       2.7x
Withdrawal.deserialize                           small-fixture    x5000000  bend         29.8 ns  ref       12.9 ns       2.3x
Withdrawal.serialize                             small-fixture    x5000000  bend         10.2 ns  ref       15.1 ns       0.7x
Withdrawal.hash_tree_root                        small-fixture    x507904   bend        799.4 ns  ref      244.0 ns       3.3x
Withdrawal.deserialize                           medium-fixture   x5000000  bend         30.0 ns  ref       13.1 ns       2.3x
Withdrawal.serialize                             medium-fixture   x5000000  bend         10.2 ns  ref       14.9 ns       0.7x
Withdrawal.hash_tree_root                        medium-fixture   x524288   bend        797.3 ns  ref      243.6 ns       3.3x
Withdrawal.deserialize                           large-fixture    x5000000  bend         29.8 ns  ref       12.8 ns       2.3x
Withdrawal.serialize                             large-fixture    x5000000  bend         10.2 ns  ref       15.3 ns       0.7x
Withdrawal.hash_tree_root                        large-fixture    x524288   bend        799.2 ns  ref      244.0 ns       3.3x
WithdrawalIndex.deserialize                      zero             x5000000  bend         12.6 ns  ref       23.0 ns       0.5x
WithdrawalIndex.serialize                        zero             x5000000  bend          6.2 ns  ref        8.1 ns       0.8x
WithdrawalIndex.hash_tree_root                   zero             x5000000  bend          3.8 ns  ref      138.1 ns       0.0x
WithdrawalIndex.deserialize                      random           x5000000  bend         12.6 ns  ref       23.0 ns       0.5x
WithdrawalIndex.serialize                        random           x5000000  bend          6.2 ns  ref        8.1 ns       0.8x
WithdrawalIndex.hash_tree_root                   random           x5000000  bend          3.8 ns  ref      144.1 ns       0.0x
WithdrawalIndex.deserialize                      saturated        x5000000  bend         13.0 ns  ref       23.4 ns       0.6x
WithdrawalIndex.serialize                        saturated        x5000000  bend          6.2 ns  ref        8.0 ns       0.8x
WithdrawalIndex.hash_tree_root                   saturated        x5000000  bend          3.8 ns  ref      134.3 ns       0.0x
WithdrawalRequest.deserialize                    small-fixture    x5000000  bend         34.2 ns  ref       14.7 ns       2.3x
WithdrawalRequest.serialize                      small-fixture    x5000000  bend         15.2 ns  ref       16.3 ns       0.9x
WithdrawalRequest.hash_tree_root                 small-fixture    x409600   bend       1059.6 ns  ref      317.3 ns       3.3x
WithdrawalRequest.deserialize                    medium-fixture   x5000000  bend         34.2 ns  ref       15.0 ns       2.3x
WithdrawalRequest.serialize                      medium-fixture   x5000000  bend         15.0 ns  ref       16.3 ns       0.9x
WithdrawalRequest.hash_tree_root                 medium-fixture   x253952   bend       1059.3 ns  ref      317.5 ns       3.3x
WithdrawalRequest.deserialize                    large-fixture    x5000000  bend         34.2 ns  ref       14.6 ns       2.3x
WithdrawalRequest.serialize                      large-fixture    x5000000  bend         15.0 ns  ref       16.3 ns       0.9x
WithdrawalRequest.hash_tree_root                 large-fixture    x253952   bend       1059.3 ns  ref      317.5 ns       3.3x
boolean.deserialize                              false            x5000000  bend          4.6 ns  ref       22.9 ns       0.2x
boolean.serialize                                false            x5000000  bend          4.4 ns  ref        7.5 ns       0.6x
boolean.hash_tree_root                           false            x5000000  bend          3.0 ns  ref      143.1 ns       0.0x
boolean.deserialize                              true             x5000000  bend          4.4 ns  ref       23.6 ns       0.2x
boolean.serialize                                true             x5000000  bend          4.8 ns  ref        7.7 ns       0.6x
boolean.hash_tree_root                           true             x5000000  bend          3.0 ns  ref      136.9 ns       0.0x
uint256.deserialize                              zero             x5000000  bend         19.0 ns  ref       27.4 ns       0.7x
uint256.serialize                                zero             x5000000  bend          6.4 ns  ref       12.4 ns       0.5x
uint256.hash_tree_root                           zero             x5000000  bend          4.0 ns  ref      127.2 ns       0.0x
uint256.deserialize                              random           x5000000  bend         19.0 ns  ref       27.3 ns       0.7x
uint256.serialize                                random           x5000000  bend          6.4 ns  ref       12.5 ns       0.5x
uint256.hash_tree_root                           random           x5000000  bend          4.0 ns  ref      124.4 ns       0.0x
uint256.deserialize                              saturated        x5000000  bend         17.2 ns  ref       27.0 ns       0.6x
uint256.serialize                                saturated        x5000000  bend          6.4 ns  ref       12.5 ns       0.5x
uint256.hash_tree_root                           saturated        x5000000  bend          4.0 ns  ref      128.9 ns       0.0x
uint32.deserialize                               zero             x5000000  bend          5.2 ns  ref       24.1 ns       0.2x
uint32.serialize                                 zero             x5000000  bend          5.0 ns  ref        8.2 ns       0.6x
uint32.hash_tree_root                            zero             x5000000  bend          3.2 ns  ref      133.7 ns       0.0x
uint32.deserialize                               random           x5000000  bend          5.2 ns  ref       24.2 ns       0.2x
uint32.serialize                                 random           x5000000  bend          5.0 ns  ref        8.1 ns       0.6x
uint32.hash_tree_root                            random           x5000000  bend          3.2 ns  ref      137.5 ns       0.0x
uint32.deserialize                               saturated        x5000000  bend          5.2 ns  ref       24.3 ns       0.2x
uint32.serialize                                 saturated        x5000000  bend          5.0 ns  ref        8.0 ns       0.6x
uint32.hash_tree_root                            saturated        x5000000  bend          3.2 ns  ref      141.0 ns       0.0x
uint64.deserialize                               zero             x5000000  bend         12.6 ns  ref       23.2 ns       0.5x
uint64.serialize                                 zero             x5000000  bend          5.2 ns  ref        8.2 ns       0.6x
uint64.hash_tree_root                            zero             x5000000  bend          3.4 ns  ref      137.0 ns       0.0x
uint64.deserialize                               random           x5000000  bend         12.8 ns  ref       23.4 ns       0.5x
uint64.serialize                                 random           x5000000  bend          5.2 ns  ref        8.1 ns       0.6x
uint64.hash_tree_root                            random           x5000000  bend          3.6 ns  ref      137.9 ns       0.0x
uint64.deserialize                               saturated        x5000000  bend         12.8 ns  ref       23.4 ns       0.5x
uint64.serialize                                 saturated        x5000000  bend          5.2 ns  ref        8.2 ns       0.6x
uint64.hash_tree_root                            saturated        x5000000  bend          3.4 ns  ref      134.7 ns       0.0x
uint8.deserialize                                zero             x5000000  bend          6.0 ns  ref       23.1 ns       0.3x
uint8.serialize                                  zero             x5000000  bend          4.8 ns  ref        7.4 ns       0.6x
uint8.hash_tree_root                             zero             x5000000  bend          3.0 ns  ref      134.7 ns       0.0x
uint8.deserialize                                random           x5000000  bend          6.0 ns  ref       23.2 ns       0.3x
uint8.serialize                                  random           x5000000  bend          4.8 ns  ref        7.7 ns       0.6x
uint8.hash_tree_root                             random           x5000000  bend          3.0 ns  ref      135.9 ns       0.0x
uint8.deserialize                                saturated        x5000000  bend          6.0 ns  ref       23.1 ns       0.3x
uint8.serialize                                  saturated        x5000000  bend          4.8 ns  ref        7.5 ns       0.6x
uint8.hash_tree_root                             saturated        x5000000  bend          3.0 ns  ref      134.7 ns       0.0x
978 workloads, 327 of 327 required operations covered
PERFORMANCE GATE: 978 workloads / 327 operations within their operation-specific limits; semantic audit still mandatory
rc=0
