building native Bend benchmark executables (typed object API)
  compile benchmarks/objprog/g0.bend -> bend-obj-g0: attempt 0, peak 2.85 GB, exit 0
  compile benchmarks/objprog/g0.bend -> bend-obj-g0.c: attempt 0, peak 3.29 GB, exit 0
  compile benchmarks/objprog/g1.bend -> bend-obj-g1: attempt 0, peak 3.17 GB, exit 0
  compile benchmarks/objprog/g1.bend -> bend-obj-g1.c: attempt 0, peak 3.29 GB, exit 0
  compile benchmarks/objprog/g2.bend -> bend-obj-g2: attempt 0, peak 2.80 GB, exit 0
  compile benchmarks/objprog/g2.bend -> bend-obj-g2.c: attempt 0, peak 2.67 GB, exit 0
  compile benchmarks/objprog/g3.bend -> bend-obj-g3: attempt 0, peak 3.39 GB, exit 0
  compile benchmarks/objprog/g3.bend -> bend-obj-g3.c: attempt 0, peak 3.18 GB, exit 0
  compile benchmarks/objprog/g4.bend -> bend-obj-g4: attempt 0, peak 3.29 GB, exit 0
  compile benchmarks/objprog/g4.bend -> bend-obj-g4.c: attempt 0, peak 3.18 GB, exit 0
  compile benchmarks/objprog/g5.bend -> bend-obj-g5: attempt 0, peak 3.48 GB, exit 0
  compile benchmarks/objprog/g5.bend -> bend-obj-g5.c: attempt 0, peak 2.97 GB, exit 0
  compile benchmarks/objprog/g6.bend -> bend-obj-g6: attempt 0, peak 3.26 GB, exit 0
  compile benchmarks/objprog/g6.bend -> bend-obj-g6.c: attempt 0, peak 2.98 GB, exit 0
  compile benchmarks/objprog/g7.bend -> bend-obj-g7: attempt 0, peak 3.60 GB, exit 0
  compile benchmarks/objprog/g7.bend -> bend-obj-g7.c: attempt 0, peak 3.29 GB, exit 0
  compile benchmarks/objprog/g8.bend -> bend-obj-g8: attempt 0, peak 3.39 GB, exit 0
  compile benchmarks/objprog/g8.bend -> bend-obj-g8.c: attempt 0, peak 2.83 GB, exit 0
  compile benchmarks/objprog/g9.bend -> bend-obj-g9: attempt 0, peak 2.20 GB, exit 0
  compile benchmarks/objprog/g9.bend -> bend-obj-g9.c: attempt 0, peak 2.19 GB, exit 0
building native Go reference executable
AggregateAndProof.deserialize                    small-fixture    x1048576  bend        332.8 ns  ref      151.2 ns       2.2x
AggregateAndProof.serialize                      small-fixture    x2621440  bend        183.9 ns  ref       55.8 ns       3.3x
AggregateAndProof.hash_tree_root                 small-fixture    x40960    bend       9594.7 ns  ref     2552.8 ns       3.8x
AggregateAndProof.deserialize                    medium-fixture   x1572864  bend        335.1 ns  ref      153.8 ns       2.2x
AggregateAndProof.serialize                      medium-fixture   x2621440  bend        180.4 ns  ref       55.5 ns       3.3x
AggregateAndProof.hash_tree_root                 medium-fixture   x57344    bend       6766.2 ns  ref     1854.4 ns       3.6x
AggregateAndProof.deserialize                    large-fixture    x1572864  bend        344.6 ns  ref      160.0 ns       2.2x
AggregateAndProof.serialize                      large-fixture    x2621440  bend        188.1 ns  ref       55.6 ns       3.4x
AggregateAndProof.hash_tree_root                 large-fixture    x40960    bend       9643.6 ns  ref     2540.9 ns       3.8x
Attestation.deserialize                          small-fixture    x2097152  bend        261.3 ns  ref      131.9 ns       2.0x
Attestation.serialize                            small-fixture    x3670016  bend        137.1 ns  ref       43.6 ns       3.1x
Attestation.hash_tree_root                       small-fixture    x49152    bend       7568.4 ns  ref     1318.2 ns       5.7x
Attestation.deserialize                          medium-fixture   x2097152  bend        262.7 ns  ref      132.4 ns       2.0x
Attestation.serialize                            medium-fixture   x2621440  bend        133.5 ns  ref       44.4 ns       3.0x
Attestation.hash_tree_root                       medium-fixture   x49152    bend       8138.0 ns  ref     2113.5 ns       3.9x
Attestation.deserialize                          large-fixture    x2097152  bend        275.6 ns  ref      133.9 ns       2.1x
Attestation.serialize                            large-fixture    x3145728  bend        143.1 ns  ref       46.8 ns       3.1x
Attestation.hash_tree_root                       large-fixture    x49152    bend       7893.9 ns  ref     2143.6 ns       3.7x
AttestationData.deserialize                      small-fixture    x4194304  bend        127.6 ns  ref       59.8 ns       2.1x
AttestationData.serialize                        small-fixture    x5000000  bend         58.0 ns  ref       29.5 ns       2.0x
AttestationData.hash_tree_root                   small-fixture    x139264   bend       2778.9 ns  ref      782.6 ns       3.6x
AttestationData.deserialize                      medium-fixture   x4194304  bend        141.1 ns  ref       63.9 ns       2.2x
AttestationData.serialize                        medium-fixture   x5000000  bend         58.2 ns  ref       30.0 ns       1.9x
AttestationData.hash_tree_root                   medium-fixture   x155648   bend       2788.3 ns  ref      782.8 ns       3.6x
AttestationData.deserialize                      large-fixture    x4194304  bend        139.2 ns  ref       64.1 ns       2.2x
AttestationData.serialize                        large-fixture    x5000000  bend         58.2 ns  ref       32.7 ns       1.8x
AttestationData.hash_tree_root                   large-fixture    x131072   bend       2784.7 ns  ref      782.5 ns       3.6x
AttesterSlashing.deserialize                     small-fixture    x524288   bend        616.1 ns  ref      278.6 ns       2.2x
AttesterSlashing.serialize                       small-fixture    x1572864  bend        337.6 ns  ref       99.1 ns       3.4x
AttesterSlashing.hash_tree_root                  small-fixture    x16384    bend      25512.7 ns  ref     7285.9 ns       3.5x
AttesterSlashing.deserialize                     medium-fixture   x524288   bend        640.9 ns  ref      292.7 ns       2.2x
AttesterSlashing.serialize                       medium-fixture   x1048576  bend        344.3 ns  ref       94.9 ns       3.6x
AttesterSlashing.hash_tree_root                  medium-fixture   x16384    bend      23071.3 ns  ref     5814.9 ns       4.0x
AttesterSlashing.deserialize                     large-fixture    x524288   bend        659.9 ns  ref      304.2 ns       2.2x
AttesterSlashing.serialize                       large-fixture    x1048576  bend        384.3 ns  ref      116.7 ns       3.3x
AttesterSlashing.hash_tree_root                  large-fixture    x16384    bend      20874.0 ns  ref     5358.3 ns       3.9x
BLSPubkey.deserialize                            zero             x5000000  bend         42.4 ns  ref       39.6 ns       1.1x
BLSPubkey.serialize                              zero             x5000000  bend         18.6 ns  ref       20.7 ns       0.9x
BLSPubkey.hash_tree_root                         zero             x1048576  bend        359.5 ns  ref      300.7 ns       1.2x
BLSPubkey.deserialize                            random           x5000000  bend         45.8 ns  ref       39.3 ns       1.2x
BLSPubkey.serialize                              random           x5000000  bend         19.4 ns  ref       20.2 ns       1.0x
BLSPubkey.hash_tree_root                         random           x1048576  bend        361.4 ns  ref      302.4 ns       1.2x
BLSPubkey.deserialize                            saturated        x5000000  bend         46.2 ns  ref       41.0 ns       1.1x
BLSPubkey.serialize                              saturated        x5000000  bend         19.4 ns  ref       20.4 ns       1.0x
BLSPubkey.hash_tree_root                         saturated        x1048576  bend        376.7 ns  ref      318.9 ns       1.2x
BLSSignature.deserialize                         zero             x5000000  bend         68.8 ns  ref       43.2 ns       1.6x
BLSSignature.serialize                           zero             x5000000  bend         25.6 ns  ref       24.4 ns       1.1x
BLSSignature.hash_tree_root                      zero             x253952   bend       1051.4 ns  ref      470.7 ns       2.2x
BLSSignature.deserialize                         random           x5000000  bend         68.6 ns  ref       44.5 ns       1.5x
BLSSignature.serialize                           random           x5000000  bend         28.0 ns  ref       26.1 ns       1.1x
BLSSignature.hash_tree_root                      random           x335872   bend       1051.0 ns  ref      483.1 ns       2.2x
BLSSignature.deserialize                         saturated        x4194304  bend         68.4 ns  ref       43.0 ns       1.6x
BLSSignature.serialize                           saturated        x5000000  bend         26.0 ns  ref       24.6 ns       1.1x
BLSSignature.hash_tree_root                      saturated        x335872   bend       1167.1 ns  ref      568.1 ns       2.1x
BLSToExecutionChange.deserialize                 small-fixture    x5000000  bend         57.8 ns  ref       20.0 ns       2.9x
BLSToExecutionChange.serialize                   small-fixture    x5000000  bend         26.6 ns  ref       24.7 ns       1.1x
BLSToExecutionChange.hash_tree_root              small-fixture    x286720   bend       1353.2 ns  ref      392.9 ns       3.4x
BLSToExecutionChange.deserialize                 medium-fixture   x5000000  bend         73.6 ns  ref       24.9 ns       3.0x
BLSToExecutionChange.serialize                   medium-fixture   x5000000  bend         29.6 ns  ref       27.5 ns       1.1x
BLSToExecutionChange.hash_tree_root              medium-fixture   x286720   bend       1307.9 ns  ref      388.8 ns       3.4x
BLSToExecutionChange.deserialize                 large-fixture    x5000000  bend         58.0 ns  ref       20.1 ns       2.9x
BLSToExecutionChange.serialize                   large-fixture    x5000000  bend         26.0 ns  ref       24.6 ns       1.1x
BLSToExecutionChange.hash_tree_root              large-fixture    x167936   bend       1583.9 ns  ref      458.0 ns       3.5x
BeaconBlock.deserialize                          small-fixture    x24576    bend      15828.5 ns  ref     3509.3 ns       4.5x
BeaconBlock.serialize                            small-fixture    x32768    bend       7568.4 ns  ref     1102.9 ns       6.9x
BeaconBlock.hash_tree_root                       small-fixture    x1664     bend     285456.7 ns  ref    68141.6 ns       4.2x
BeaconBlock.deserialize                          medium-fixture   x24576    bend      19205.7 ns  ref    11527.4 ns       1.7x
BeaconBlock.serialize                            medium-fixture   x24576    bend      10335.3 ns  ref     1884.4 ns       5.5x
BeaconBlock.hash_tree_root                       medium-fixture   x896      bend     386160.7 ns  ref    94979.0 ns       4.1x
BeaconBlock.deserialize                          large-fixture    x24576    bend      24088.5 ns  ref    12601.6 ns       1.9x
BeaconBlock.serialize                            large-fixture    x40960    bend      11181.6 ns  ref     1897.1 ns       5.9x
BeaconBlock.hash_tree_root                       large-fixture    x1152     bend     382812.5 ns  ref    97631.1 ns       3.9x
BeaconBlockBody.deserialize                      small-fixture    x49152    bend      11332.2 ns  ref     5824.7 ns       1.9x
BeaconBlockBody.serialize                        small-fixture    x36864    bend       6293.4 ns  ref     1166.2 ns       5.4x
BeaconBlockBody.hash_tree_root                   small-fixture    x1536     bend     266927.1 ns  ref    67195.6 ns       4.0x
BeaconBlockBody.deserialize                      medium-fixture   x16384    bend      18310.5 ns  ref     9195.7 ns       2.0x
BeaconBlockBody.serialize                        medium-fixture   x49152    bend       9745.3 ns  ref     1791.9 ns       5.4x
BeaconBlockBody.hash_tree_root                   medium-fixture   x1024     bend     358398.4 ns  ref    93065.3 ns       3.9x
BeaconBlockBody.deserialize                      large-fixture    x12288    bend      25553.4 ns  ref    13573.9 ns       1.9x
BeaconBlockBody.serialize                        large-fixture    x40960    bend      11303.7 ns  ref     2226.3 ns       5.1x
BeaconBlockBody.hash_tree_root                   large-fixture    x896      bend     449776.8 ns  ref   110587.5 ns       4.1x
BeaconBlockHeader.deserialize                    small-fixture    x3670016  bend         82.0 ns  ref       23.9 ns       3.4x
BeaconBlockHeader.serialize                      small-fixture    x5000000  bend         33.4 ns  ref       27.1 ns       1.2x
BeaconBlockHeader.hash_tree_root                 small-fixture    x204800   bend       1928.7 ns  ref      539.9 ns       3.6x
BeaconBlockHeader.deserialize                    medium-fixture   x5000000  bend         82.2 ns  ref       24.2 ns       3.4x
BeaconBlockHeader.serialize                      medium-fixture   x5000000  bend         33.2 ns  ref       27.2 ns       1.2x
BeaconBlockHeader.hash_tree_root                 medium-fixture   x204800   bend       1914.1 ns  ref      521.9 ns       3.7x
BeaconBlockHeader.deserialize                    large-fixture    x5000000  bend         81.8 ns  ref       23.8 ns       3.4x
BeaconBlockHeader.serialize                      large-fixture    x5000000  bend         33.4 ns  ref       27.3 ns       1.2x
BeaconBlockHeader.hash_tree_root                 large-fixture    x204800   bend       1948.2 ns  ref      534.5 ns       3.6x
BeaconState.deserialize                          small-fixture    x768      bend     699218.8 ns  ref   252646.4 ns       2.8x
BeaconState.serialize                            small-fixture    x768      bend     649739.6 ns  ref   274954.3 ns       2.4x
BeaconState.hash_tree_root                       small-fixture    x14       bend   28571428.6 ns  ref  8358991.4 ns       3.4x
BeaconState.deserialize                          medium-fixture   x640      bend     742187.5 ns  ref   287972.5 ns       2.6x
BeaconState.serialize                            medium-fixture   x768      bend     638020.8 ns  ref   270772.7 ns       2.4x
BeaconState.hash_tree_root                       medium-fixture   x14       bend   32714285.7 ns  ref  9540823.3 ns       3.4x
BeaconState.deserialize                          large-fixture    x640      bend     690625.0 ns  ref   251398.8 ns       2.7x
BeaconState.serialize                            large-fixture    x768      bend     639322.9 ns  ref   269719.8 ns       2.4x
BeaconState.hash_tree_root                       large-fixture    x14       bend   28714285.7 ns  ref  8302509.4 ns       3.5x
Blob.deserialize                                 zero             x20480    bend      14502.0 ns  ref     7747.4 ns       1.9x
Blob.serialize                                   zero             x16384    bend      23681.6 ns  ref     7128.0 ns       3.3x
Blob.hash_tree_root                              zero             x256      bend    1347656.2 ns  ref   345367.8 ns       3.9x
Blob.deserialize                                 random           x32768    bend      14648.4 ns  ref     7440.0 ns       2.0x
Blob.serialize                                   random           x16384    bend      24414.1 ns  ref     7119.1 ns       3.4x
Blob.hash_tree_root                              random           x256      bend    1359375.0 ns  ref   346740.6 ns       3.9x
Blob.deserialize                                 saturated        x32768    bend      14556.9 ns  ref     7494.6 ns       1.9x
Blob.serialize                                   saturated        x16384    bend      24169.9 ns  ref     5535.0 ns       4.4x
Blob.hash_tree_root                              saturated        x256      bend    1351562.5 ns  ref   344860.9 ns       3.9x
BlobIdentifier.deserialize                       small-fixture    x5000000  bend         40.4 ns  ref       17.4 ns       2.3x
BlobIdentifier.serialize                         small-fixture    x5000000  bend         16.8 ns  ref       22.3 ns       0.8x
BlobIdentifier.hash_tree_root                    small-fixture    x1048576  bend        337.6 ns  ref      124.2 ns       2.7x
BlobIdentifier.deserialize                       medium-fixture   x5000000  bend         38.4 ns  ref       17.0 ns       2.3x
BlobIdentifier.serialize                         medium-fixture   x5000000  bend         16.4 ns  ref       22.2 ns       0.7x
BlobIdentifier.hash_tree_root                    medium-fixture   x1048576  bend        334.7 ns  ref      127.0 ns       2.6x
BlobIdentifier.deserialize                       large-fixture    x5000000  bend         40.2 ns  ref       17.6 ns       2.3x
BlobIdentifier.serialize                         large-fixture    x5000000  bend         16.6 ns  ref       22.7 ns       0.7x
BlobIdentifier.hash_tree_root                    large-fixture    x1048576  bend        337.6 ns  ref      126.1 ns       2.7x
BlobIndex.deserialize                            zero             x5000000  bend         19.6 ns  ref       34.7 ns       0.6x
BlobIndex.serialize                              zero             x5000000  bend         10.0 ns  ref       12.6 ns       0.8x
BlobIndex.hash_tree_root                         zero             x5000000  bend          8.6 ns  ref      221.9 ns       0.0x
BlobIndex.deserialize                            random           x5000000  bend         21.0 ns  ref       35.8 ns       0.6x
BlobIndex.serialize                              random           x5000000  bend         10.0 ns  ref       12.2 ns       0.8x
BlobIndex.hash_tree_root                         random           x5000000  bend          7.8 ns  ref      198.7 ns       0.0x
BlobIndex.deserialize                            saturated        x5000000  bend         21.0 ns  ref       35.5 ns       0.6x
BlobIndex.serialize                              saturated        x5000000  bend         10.0 ns  ref       12.6 ns       0.8x
BlobIndex.hash_tree_root                         saturated        x5000000  bend          7.8 ns  ref      194.8 ns       0.0x
BlobSidecar.deserialize                          small-fixture    x24576    bend      17211.9 ns  ref     6124.8 ns       2.8x
BlobSidecar.serialize                            small-fixture    x24576    bend      15625.0 ns  ref     7331.3 ns       2.1x
BlobSidecar.hash_tree_root                       small-fixture    x256      bend    1324218.8 ns  ref   335392.4 ns       3.9x
BlobSidecar.deserialize                          medium-fixture   x32768    bend      18158.0 ns  ref     7092.7 ns       2.6x
BlobSidecar.serialize                            medium-fixture   x32768    bend      15716.6 ns  ref     7232.9 ns       2.2x
BlobSidecar.hash_tree_root                       medium-fixture   x256      bend    1359375.0 ns  ref   335317.9 ns       4.1x
BlobSidecar.deserialize                          large-fixture    x32768    bend      16906.7 ns  ref     6435.3 ns       2.6x
BlobSidecar.serialize                            large-fixture    x32768    bend      15869.1 ns  ref     6116.8 ns       2.6x
BlobSidecar.hash_tree_root                       large-fixture    x256      bend    1359375.0 ns  ref   332233.3 ns       4.1x
Bytes1.deserialize                               zero             x5000000  bend          6.0 ns  ref       31.5 ns       0.2x
Bytes1.serialize                                 zero             x5000000  bend          8.8 ns  ref       11.6 ns       0.8x
Bytes1.hash_tree_root                            zero             x5000000  bend          7.6 ns  ref      200.4 ns       0.0x
Bytes1.deserialize                               random           x5000000  bend          7.2 ns  ref       35.1 ns       0.2x
Bytes1.serialize                                 random           x5000000  bend          8.8 ns  ref       10.7 ns       0.8x
Bytes1.hash_tree_root                            random           x5000000  bend          7.6 ns  ref      201.5 ns       0.0x
Bytes1.deserialize                               saturated        x5000000  bend          7.4 ns  ref       35.5 ns       0.2x
Bytes1.serialize                                 saturated        x5000000  bend          8.8 ns  ref       11.2 ns       0.8x
Bytes1.hash_tree_root                            saturated        x5000000  bend          7.4 ns  ref      197.0 ns       0.0x
Bytes20.deserialize                              zero             x5000000  bend         24.6 ns  ref       41.2 ns       0.6x
Bytes20.serialize                                zero             x5000000  bend         11.4 ns  ref       19.1 ns       0.6x
Bytes20.hash_tree_root                           zero             x5000000  bend          8.0 ns  ref      217.4 ns       0.0x
Bytes20.deserialize                              random           x5000000  bend         24.8 ns  ref       41.3 ns       0.6x
Bytes20.serialize                                random           x5000000  bend         11.4 ns  ref       18.1 ns       0.6x
Bytes20.hash_tree_root                           random           x5000000  bend          7.8 ns  ref      214.8 ns       0.0x
Bytes20.deserialize                              saturated        x5000000  bend         23.8 ns  ref       41.2 ns       0.6x
Bytes20.serialize                                saturated        x5000000  bend         11.6 ns  ref       19.1 ns       0.6x
Bytes20.hash_tree_root                           saturated        x5000000  bend          7.8 ns  ref      210.3 ns       0.0x
Bytes32.deserialize                              zero             x5000000  bend         31.0 ns  ref       41.5 ns       0.7x
Bytes32.serialize                                zero             x5000000  bend         12.6 ns  ref       18.8 ns       0.7x
Bytes32.hash_tree_root                           zero             x5000000  bend          8.0 ns  ref      195.6 ns       0.0x
Bytes32.deserialize                              random           x5000000  bend         32.8 ns  ref       40.8 ns       0.8x
Bytes32.serialize                                random           x5000000  bend         14.2 ns  ref       19.5 ns       0.7x
Bytes32.hash_tree_root                           random           x5000000  bend          7.6 ns  ref      185.8 ns       0.0x
Bytes32.deserialize                              saturated        x5000000  bend         30.0 ns  ref       41.1 ns       0.7x
Bytes32.serialize                                saturated        x5000000  bend         14.0 ns  ref       19.2 ns       0.7x
Bytes32.hash_tree_root                           saturated        x5000000  bend          7.8 ns  ref      186.8 ns       0.0x
Bytes4.deserialize                               zero             x5000000  bend          6.6 ns  ref       36.0 ns       0.2x
Bytes4.serialize                                 zero             x5000000  bend          8.4 ns  ref       12.1 ns       0.7x
Bytes4.hash_tree_root                            zero             x5000000  bend          7.6 ns  ref      213.7 ns       0.0x
Bytes4.deserialize                               random           x5000000  bend          7.0 ns  ref       36.9 ns       0.2x
Bytes4.serialize                                 random           x5000000  bend          8.4 ns  ref       12.2 ns       0.7x
Bytes4.hash_tree_root                            random           x5000000  bend          7.6 ns  ref      200.5 ns       0.0x
Bytes4.deserialize                               saturated        x5000000  bend          7.2 ns  ref       37.0 ns       0.2x
Bytes4.serialize                                 saturated        x5000000  bend          8.4 ns  ref       12.3 ns       0.7x
Bytes4.hash_tree_root                            saturated        x5000000  bend          7.4 ns  ref      198.9 ns       0.0x
Bytes48.deserialize                              zero             x5000000  bend         38.2 ns  ref       43.0 ns       0.9x
Bytes48.serialize                                zero             x5000000  bend         19.2 ns  ref       20.3 ns       0.9x
Bytes48.hash_tree_root                           zero             x1048576  bend        357.6 ns  ref      294.0 ns       1.2x
Bytes48.deserialize                              random           x5000000  bend         39.0 ns  ref       42.2 ns       0.9x
Bytes48.serialize                                random           x5000000  bend         20.0 ns  ref       19.7 ns       1.0x
Bytes48.hash_tree_root                           random           x1048576  bend        362.4 ns  ref      299.4 ns       1.2x
Bytes48.deserialize                              saturated        x5000000  bend         39.6 ns  ref       41.2 ns       1.0x
Bytes48.serialize                                saturated        x5000000  bend         20.0 ns  ref       20.4 ns       1.0x
Bytes48.hash_tree_root                           saturated        x1048576  bend        364.3 ns  ref      308.9 ns       1.2x
Bytes8.deserialize                               zero             x5000000  bend         16.8 ns  ref       35.1 ns       0.5x
Bytes8.serialize                                 zero             x5000000  bend         10.4 ns  ref       12.6 ns       0.8x
Bytes8.hash_tree_root                            zero             x5000000  bend          7.6 ns  ref      205.1 ns       0.0x
Bytes8.deserialize                               random           x5000000  bend         17.0 ns  ref       35.6 ns       0.5x
Bytes8.serialize                                 random           x5000000  bend         10.2 ns  ref       12.5 ns       0.8x
Bytes8.hash_tree_root                            random           x5000000  bend          7.8 ns  ref      203.9 ns       0.0x
Bytes8.deserialize                               saturated        x5000000  bend         17.0 ns  ref       35.9 ns       0.5x
Bytes8.serialize                                 saturated        x5000000  bend         10.4 ns  ref       12.5 ns       0.8x
Bytes8.hash_tree_root                            saturated        x5000000  bend          7.8 ns  ref      209.5 ns       0.0x
Bytes96.deserialize                              zero             x5000000  bend         69.8 ns  ref       44.9 ns       1.6x
Bytes96.serialize                                zero             x5000000  bend         26.0 ns  ref       23.7 ns       1.1x
Bytes96.hash_tree_root                           zero             x409600   bend       1054.7 ns  ref      477.0 ns       2.2x
Bytes96.deserialize                              random           x5000000  bend         70.6 ns  ref       46.5 ns       1.5x
Bytes96.serialize                                random           x5000000  bend         27.2 ns  ref       24.7 ns       1.1x
Bytes96.hash_tree_root                           random           x335872   bend       1000.4 ns  ref      473.4 ns       2.1x
Bytes96.deserialize                              saturated        x4194304  bend         69.1 ns  ref       43.1 ns       1.6x
Bytes96.serialize                                saturated        x5000000  bend         27.0 ns  ref       24.6 ns       1.1x
Bytes96.hash_tree_root                           saturated        x409600   bend       1013.2 ns  ref      471.9 ns       2.1x
Cell.deserialize                                 zero             x2097152  bend        256.1 ns  ref      223.5 ns       1.1x
Cell.serialize                                   zero             x1048576  bend        396.7 ns  ref      185.1 ns       2.1x
Cell.hash_tree_root                              zero             x16384    bend      20752.0 ns  ref     5671.3 ns       3.7x
Cell.deserialize                                 random           x2097152  bend        261.8 ns  ref      223.5 ns       1.2x
Cell.serialize                                   random           x1048576  bend        407.2 ns  ref      189.2 ns       2.2x
Cell.hash_tree_root                              random           x16384    bend      21057.1 ns  ref     5762.7 ns       3.7x
Cell.deserialize                                 saturated        x1048576  bend        258.4 ns  ref      218.8 ns       1.2x
Cell.serialize                                   saturated        x1048576  bend        411.0 ns  ref      190.6 ns       2.2x
Cell.hash_tree_root                              saturated        x16384    bend      20752.0 ns  ref     5593.8 ns       3.7x
CellIndex.deserialize                            zero             x5000000  bend         19.2 ns  ref       32.3 ns       0.6x
CellIndex.serialize                              zero             x5000000  bend          9.2 ns  ref       12.4 ns       0.7x
CellIndex.hash_tree_root                         zero             x5000000  bend          7.6 ns  ref      205.2 ns       0.0x
CellIndex.deserialize                            random           x5000000  bend         20.0 ns  ref       34.5 ns       0.6x
CellIndex.serialize                              random           x5000000  bend          9.0 ns  ref       12.2 ns       0.7x
CellIndex.hash_tree_root                         random           x5000000  bend          7.6 ns  ref      196.4 ns       0.0x
CellIndex.deserialize                            saturated        x5000000  bend         21.0 ns  ref       35.5 ns       0.6x
CellIndex.serialize                              saturated        x5000000  bend          9.2 ns  ref       12.3 ns       0.7x
CellIndex.hash_tree_root                         saturated        x5000000  bend          7.8 ns  ref      196.7 ns       0.0x
Checkpoint.deserialize                           small-fixture    x5000000  bend         41.2 ns  ref       18.3 ns       2.3x
Checkpoint.serialize                             small-fixture    x5000000  bend         16.2 ns  ref       22.0 ns       0.7x
Checkpoint.hash_tree_root                        small-fixture    x1048576  bend        344.3 ns  ref      125.3 ns       2.7x
Checkpoint.deserialize                           medium-fixture   x5000000  bend         39.2 ns  ref       17.9 ns       2.2x
Checkpoint.serialize                             medium-fixture   x5000000  bend         16.6 ns  ref       21.9 ns       0.8x
Checkpoint.hash_tree_root                        medium-fixture   x1048576  bend        338.6 ns  ref      126.6 ns       2.7x
Checkpoint.deserialize                           large-fixture    x5000000  bend         39.2 ns  ref       17.8 ns       2.2x
Checkpoint.serialize                             large-fixture    x5000000  bend         16.4 ns  ref       22.3 ns       0.7x
Checkpoint.hash_tree_root                        large-fixture    x1048576  bend        356.7 ns  ref      126.6 ns       2.8x
ColumnIndex.deserialize                          zero             x5000000  bend         20.2 ns  ref       35.2 ns       0.6x
ColumnIndex.serialize                            zero             x5000000  bend          9.2 ns  ref       12.7 ns       0.7x
ColumnIndex.hash_tree_root                       zero             x5000000  bend          7.6 ns  ref      212.0 ns       0.0x
ColumnIndex.deserialize                          random           x5000000  bend         20.2 ns  ref       34.3 ns       0.6x
ColumnIndex.serialize                            random           x5000000  bend          8.8 ns  ref       12.4 ns       0.7x
ColumnIndex.hash_tree_root                       random           x5000000  bend          7.8 ns  ref      203.4 ns       0.0x
ColumnIndex.deserialize                          saturated        x5000000  bend         20.2 ns  ref       35.6 ns       0.6x
ColumnIndex.serialize                            saturated        x5000000  bend          9.2 ns  ref       12.0 ns       0.8x
ColumnIndex.hash_tree_root                       saturated        x5000000  bend          7.6 ns  ref      198.9 ns       0.0x
CommitmentIndex.deserialize                      zero             x5000000  bend         20.0 ns  ref       35.4 ns       0.6x
CommitmentIndex.serialize                        zero             x5000000  bend          9.2 ns  ref       12.1 ns       0.8x
CommitmentIndex.hash_tree_root                   zero             x5000000  bend          7.8 ns  ref      223.0 ns       0.0x
CommitmentIndex.deserialize                      random           x5000000  bend         23.0 ns  ref       39.7 ns       0.6x
CommitmentIndex.serialize                        random           x5000000  bend          9.0 ns  ref       11.7 ns       0.8x
CommitmentIndex.hash_tree_root                   random           x5000000  bend          7.8 ns  ref      201.3 ns       0.0x
CommitmentIndex.deserialize                      saturated        x5000000  bend         20.8 ns  ref       35.8 ns       0.6x
CommitmentIndex.serialize                        saturated        x5000000  bend          9.2 ns  ref       12.3 ns       0.7x
CommitmentIndex.hash_tree_root                   saturated        x5000000  bend          7.6 ns  ref      199.3 ns       0.0x
CommitteeIndex.deserialize                       zero             x5000000  bend         16.2 ns  ref       35.8 ns       0.5x
CommitteeIndex.serialize                         zero             x5000000  bend          8.0 ns  ref       12.4 ns       0.6x
CommitteeIndex.hash_tree_root                    zero             x5000000  bend          7.6 ns  ref      205.3 ns       0.0x
CommitteeIndex.deserialize                       random           x5000000  bend         16.4 ns  ref       35.5 ns       0.5x
CommitteeIndex.serialize                         random           x5000000  bend          9.0 ns  ref       14.0 ns       0.6x
CommitteeIndex.hash_tree_root                    random           x5000000  bend          8.6 ns  ref      231.1 ns       0.0x
CommitteeIndex.deserialize                       saturated        x5000000  bend         18.0 ns  ref       39.8 ns       0.5x
CommitteeIndex.serialize                         saturated        x5000000  bend          8.0 ns  ref       12.5 ns       0.6x
CommitteeIndex.hash_tree_root                    saturated        x5000000  bend          7.6 ns  ref      189.3 ns       0.0x
ConsolidationRequest.deserialize                 small-fixture    x5000000  bend         78.6 ns  ref       23.3 ns       3.4x
ConsolidationRequest.serialize                   small-fixture    x5000000  bend         37.8 ns  ref       26.4 ns       1.4x
ConsolidationRequest.hash_tree_root              small-fixture    x253952   bend       1630.2 ns  ref      513.4 ns       3.2x
ConsolidationRequest.deserialize                 medium-fixture   x5000000  bend         95.0 ns  ref       27.8 ns       3.4x
ConsolidationRequest.serialize                   medium-fixture   x5000000  bend         38.2 ns  ref       26.2 ns       1.5x
ConsolidationRequest.hash_tree_root              medium-fixture   x253952   bend       1598.7 ns  ref      480.3 ns       3.3x
ConsolidationRequest.deserialize                 large-fixture    x5000000  bend         85.8 ns  ref       26.9 ns       3.2x
ConsolidationRequest.serialize                   large-fixture    x5000000  bend         39.4 ns  ref       27.8 ns       1.4x
ConsolidationRequest.hash_tree_root              large-fixture    x253952   bend       1626.3 ns  ref      479.6 ns       3.4x
ContributionAndProof.deserialize                 small-fixture    x3145728  bend        181.8 ns  ref       88.8 ns       2.0x
ContributionAndProof.serialize                   small-fixture    x5000000  bend         88.8 ns  ref       45.5 ns       2.0x
ContributionAndProof.hash_tree_root              small-fixture    x81920    bend       4931.6 ns  ref     1320.9 ns       3.7x
ContributionAndProof.deserialize                 medium-fixture   x1572864  bend        188.2 ns  ref       89.4 ns       2.1x
ContributionAndProof.serialize                   medium-fixture   x5000000  bend         86.2 ns  ref       46.2 ns       1.9x
ContributionAndProof.hash_tree_root              medium-fixture   x81920    bend       5151.4 ns  ref     1308.7 ns       3.9x
ContributionAndProof.deserialize                 large-fixture    x1572864  bend        181.8 ns  ref       87.3 ns       2.1x
ContributionAndProof.serialize                   large-fixture    x5000000  bend         88.2 ns  ref       44.9 ns       2.0x
ContributionAndProof.hash_tree_root              large-fixture    x81920    bend       4882.8 ns  ref     1308.4 ns       3.7x
CurrentSyncCommitteeBranch.deserialize           zero             x5000000  bend         32.2 ns  ref       55.7 ns       0.6x
CurrentSyncCommitteeBranch.serialize             zero             x5000000  bend         57.2 ns  ref       31.4 ns       1.8x
CurrentSyncCommitteeBranch.hash_tree_root        zero             x180224   bend       2380.4 ns  ref      745.9 ns       3.2x
CurrentSyncCommitteeBranch.deserialize           random           x5000000  bend         35.8 ns  ref       53.8 ns       0.7x
CurrentSyncCommitteeBranch.serialize             random           x5000000  bend         55.6 ns  ref       30.2 ns       1.8x
CurrentSyncCommitteeBranch.hash_tree_root        random           x180224   bend       2413.7 ns  ref      742.7 ns       3.2x
CurrentSyncCommitteeBranch.deserialize           saturated        x5000000  bend         35.6 ns  ref       58.5 ns       0.6x
CurrentSyncCommitteeBranch.serialize             saturated        x5000000  bend         56.2 ns  ref       30.5 ns       1.8x
CurrentSyncCommitteeBranch.hash_tree_root        saturated        x180224   bend       2424.8 ns  ref      756.3 ns       3.2x
CustodyIndex.deserialize                         zero             x5000000  bend         13.4 ns  ref       36.7 ns       0.4x
CustodyIndex.serialize                           zero             x5000000  bend          8.2 ns  ref       13.6 ns       0.6x
CustodyIndex.hash_tree_root                      zero             x5000000  bend          7.8 ns  ref      209.6 ns       0.0x
CustodyIndex.deserialize                         random           x5000000  bend         13.8 ns  ref       35.9 ns       0.4x
CustodyIndex.serialize                           random           x5000000  bend          7.4 ns  ref       12.2 ns       0.6x
CustodyIndex.hash_tree_root                      random           x5000000  bend          7.6 ns  ref      201.2 ns       0.0x
CustodyIndex.deserialize                         saturated        x5000000  bend         13.8 ns  ref       35.7 ns       0.4x
CustodyIndex.serialize                           saturated        x5000000  bend          7.4 ns  ref       12.4 ns       0.6x
CustodyIndex.hash_tree_root                      saturated        x5000000  bend          7.6 ns  ref      202.8 ns       0.0x
DataColumnSidecar.deserialize                    small-fixture    x286720   bend       1649.7 ns  ref      890.1 ns       1.9x
DataColumnSidecar.serialize                      small-fixture    x335872   bend       1458.9 ns  ref      455.0 ns       3.2x
DataColumnSidecar.hash_tree_root                 small-fixture    x5248     bend      73932.9 ns  ref    18216.6 ns       4.1x
DataColumnSidecar.deserialize                    medium-fixture   x57344    bend       5004.9 ns  ref     2171.9 ns       2.3x
DataColumnSidecar.serialize                      medium-fixture   x106496   bend       4629.3 ns  ref      942.4 ns       4.9x
DataColumnSidecar.hash_tree_root                 medium-fixture   x2176     bend     189338.2 ns  ref    46094.6 ns       4.1x
DataColumnSidecar.deserialize                    large-fixture    x106496   bend       5211.5 ns  ref     2389.3 ns       2.2x
DataColumnSidecar.serialize                      large-fixture    x98304    bend       4842.1 ns  ref     1230.4 ns       3.9x
DataColumnSidecar.hash_tree_root                 large-fixture    x1920     bend     214062.5 ns  ref    51721.9 ns       4.1x
DataColumnsByRootIdentifier.deserialize          small-fixture    x5000000  bend         44.0 ns  ref       46.8 ns       0.9x
DataColumnsByRootIdentifier.serialize            small-fixture    x5000000  bend         23.4 ns  ref       24.3 ns       1.0x
DataColumnsByRootIdentifier.hash_tree_root       small-fixture    x524288   bend        659.9 ns  ref      214.0 ns       3.1x
DataColumnsByRootIdentifier.deserialize          medium-fixture   x5000000  bend         52.8 ns  ref       71.6 ns       0.7x
DataColumnsByRootIdentifier.serialize            medium-fixture   x5000000  bend         26.4 ns  ref       25.5 ns       1.0x
DataColumnsByRootIdentifier.hash_tree_root       medium-fixture   x163840   bend       2374.3 ns  ref      659.5 ns       3.6x
DataColumnsByRootIdentifier.deserialize          large-fixture    x4980736  bend         63.2 ns  ref       74.0 ns       0.9x
DataColumnsByRootIdentifier.serialize            large-fixture    x5000000  bend         36.0 ns  ref       30.5 ns       1.2x
DataColumnsByRootIdentifier.hash_tree_root       large-fixture    x155648   bend       2621.3 ns  ref      644.8 ns       4.1x
Deposit.deserialize                              small-fixture    x1572864  bend        292.5 ns  ref      895.5 ns       0.3x
Deposit.serialize                                small-fixture    x2621440  bend        180.1 ns  ref      156.4 ns       1.2x
Deposit.hash_tree_root                           small-fixture    x24576    bend      14892.6 ns  ref     3866.6 ns       3.9x
Deposit.deserialize                              medium-fixture   x1048576  bend        302.3 ns  ref      922.3 ns       0.3x
Deposit.serialize                                medium-fixture   x2621440  bend        182.7 ns  ref      154.6 ns       1.2x
Deposit.hash_tree_root                           medium-fixture   x24576    bend      14851.9 ns  ref     3925.5 ns       3.8x
Deposit.deserialize                              large-fixture    x1572864  bend        337.0 ns  ref     1030.5 ns       0.3x
Deposit.serialize                                large-fixture    x2097152  bend        178.8 ns  ref      154.4 ns       1.2x
Deposit.hash_tree_root                           large-fixture    x24576    bend      14851.9 ns  ref     3856.0 ns       3.9x
DepositData.deserialize                          small-fixture    x3670016  bend        151.8 ns  ref       55.8 ns       2.7x
DepositData.serialize                            small-fixture    x5000000  bend         58.0 ns  ref       32.6 ns       1.8x
DepositData.hash_tree_root                       small-fixture    x102400   bend       2285.2 ns  ref      638.0 ns       3.6x
DepositData.deserialize                          medium-fixture   x3670016  bend        151.8 ns  ref       56.6 ns       2.7x
DepositData.serialize                            medium-fixture   x5000000  bend         56.8 ns  ref       33.2 ns       1.7x
DepositData.hash_tree_root                       medium-fixture   x180224   bend       2263.8 ns  ref      639.4 ns       3.5x
DepositData.deserialize                          large-fixture    x3670016  bend        152.9 ns  ref       56.2 ns       2.7x
DepositData.serialize                            large-fixture    x5000000  bend         59.4 ns  ref       32.6 ns       1.8x
DepositData.hash_tree_root                       large-fixture    x180224   bend       2286.0 ns  ref      639.2 ns       3.6x
DepositMessage.deserialize                       small-fixture    x5000000  bend         53.0 ns  ref       44.2 ns       1.2x
DepositMessage.serialize                         small-fixture    x5000000  bend         29.8 ns  ref       25.9 ns       1.1x
DepositMessage.hash_tree_root                    small-fixture    x167936   bend       1298.1 ns  ref      385.1 ns       3.4x
DepositMessage.deserialize                       medium-fixture   x5000000  bend         52.8 ns  ref       44.4 ns       1.2x
DepositMessage.serialize                         medium-fixture   x5000000  bend         29.6 ns  ref       29.5 ns       1.0x
DepositMessage.hash_tree_root                    medium-fixture   x253952   bend       1295.5 ns  ref      382.9 ns       3.4x
DepositMessage.deserialize                       large-fixture    x5000000  bend         55.6 ns  ref       46.6 ns       1.2x
DepositMessage.serialize                         large-fixture    x5000000  bend         29.8 ns  ref       26.7 ns       1.1x
DepositMessage.hash_tree_root                    large-fixture    x286720   bend       1311.4 ns  ref      393.7 ns       3.3x
DepositRequest.deserialize                       small-fixture    x3670016  bend        149.9 ns  ref       54.2 ns       2.8x
DepositRequest.serialize                         small-fixture    x5000000  bend         66.4 ns  ref       33.3 ns       2.0x
DepositRequest.hash_tree_root                    small-fixture    x114688   bend       3304.6 ns  ref      893.8 ns       3.7x
DepositRequest.deserialize                       medium-fixture   x3670016  bend        148.0 ns  ref       58.0 ns       2.6x
DepositRequest.serialize                         medium-fixture   x5000000  bend         64.2 ns  ref       34.9 ns       1.8x
DepositRequest.hash_tree_root                    medium-fixture   x114688   bend       3269.7 ns  ref      885.0 ns       3.7x
DepositRequest.deserialize                       large-fixture    x3670016  bend        146.6 ns  ref       57.6 ns       2.5x
DepositRequest.serialize                         large-fixture    x3932160  bend         66.4 ns  ref       34.5 ns       1.9x
DepositRequest.hash_tree_root                    large-fixture    x114688   bend       3339.5 ns  ref      923.6 ns       3.6x
Domain.deserialize                               zero             x5000000  bend         41.0 ns  ref       41.3 ns       1.0x
Domain.serialize                                 zero             x5000000  bend         14.8 ns  ref       21.8 ns       0.7x
Domain.hash_tree_root                            zero             x5000000  bend          8.8 ns  ref      205.9 ns       0.0x
Domain.deserialize                               random           x5000000  bend         39.0 ns  ref       39.5 ns       1.0x
Domain.serialize                                 random           x5000000  bend         13.6 ns  ref       19.4 ns       0.7x
Domain.hash_tree_root                            random           x5000000  bend          8.2 ns  ref      194.3 ns       0.0x
Domain.deserialize                               saturated        x5000000  bend         41.2 ns  ref       41.1 ns       1.0x
Domain.serialize                                 saturated        x5000000  bend         13.4 ns  ref       19.4 ns       0.7x
Domain.hash_tree_root                            saturated        x5000000  bend          8.2 ns  ref      186.4 ns       0.0x
DomainType.deserialize                           zero             x5000000  bend          7.2 ns  ref       37.2 ns       0.2x
DomainType.serialize                             zero             x5000000  bend          9.0 ns  ref       12.4 ns       0.7x
DomainType.hash_tree_root                        zero             x5000000  bend          8.4 ns  ref      232.5 ns       0.0x
DomainType.deserialize                           random           x5000000  bend          8.6 ns  ref       43.1 ns       0.2x
DomainType.serialize                             random           x5000000  bend         10.0 ns  ref       14.1 ns       0.7x
DomainType.hash_tree_root                        random           x5000000  bend          7.6 ns  ref      204.8 ns       0.0x
DomainType.deserialize                           saturated        x5000000  bend          7.6 ns  ref       36.9 ns       0.2x
DomainType.serialize                             saturated        x5000000  bend          9.0 ns  ref       12.3 ns       0.7x
DomainType.hash_tree_root                        saturated        x5000000  bend          7.6 ns  ref      204.2 ns       0.0x
Epoch.deserialize                                zero             x5000000  bend         15.4 ns  ref       36.0 ns       0.4x
Epoch.serialize                                  zero             x5000000  bend          8.0 ns  ref       13.1 ns       0.6x
Epoch.hash_tree_root                             zero             x5000000  bend          7.6 ns  ref      210.1 ns       0.0x
Epoch.deserialize                                random           x5000000  bend         15.8 ns  ref       35.9 ns       0.4x
Epoch.serialize                                  random           x5000000  bend          7.8 ns  ref       12.4 ns       0.6x
Epoch.hash_tree_root                             random           x5000000  bend          7.4 ns  ref      204.9 ns       0.0x
Epoch.deserialize                                saturated        x5000000  bend         15.8 ns  ref       35.8 ns       0.4x
Epoch.serialize                                  saturated        x5000000  bend          7.8 ns  ref       12.3 ns       0.6x
Epoch.hash_tree_root                             saturated        x5000000  bend          7.4 ns  ref      198.9 ns       0.0x
Eth1Block.deserialize                            small-fixture    x5000000  bend         34.6 ns  ref       43.0 ns       0.8x
Eth1Block.serialize                              small-fixture    x5000000  bend         14.2 ns  ref       22.6 ns       0.6x
Eth1Block.hash_tree_root                         small-fixture    x409600   bend        974.1 ns  ref      292.7 ns       3.3x
Eth1Block.deserialize                            medium-fixture   x5000000  bend         31.8 ns  ref       39.7 ns       0.8x
Eth1Block.serialize                              medium-fixture   x5000000  bend         14.8 ns  ref       25.2 ns       0.6x
Eth1Block.hash_tree_root                         medium-fixture   x335872   bend        964.7 ns  ref      294.1 ns       3.3x
Eth1Block.deserialize                            large-fixture    x5000000  bend         37.0 ns  ref       47.9 ns       0.8x
Eth1Block.serialize                              large-fixture    x5000000  bend         16.2 ns  ref       28.4 ns       0.6x
Eth1Block.hash_tree_root                         large-fixture    x204800   bend        961.9 ns  ref      289.8 ns       3.3x
Eth1Data.deserialize                             small-fixture    x5000000  bend         55.4 ns  ref       61.5 ns       0.9x
Eth1Data.serialize                               small-fixture    x5000000  bend         27.0 ns  ref       25.8 ns       1.0x
Eth1Data.hash_tree_root                          small-fixture    x335872   bend        982.5 ns  ref      293.7 ns       3.3x
Eth1Data.deserialize                             medium-fixture   x5000000  bend         57.8 ns  ref       62.1 ns       0.9x
Eth1Data.serialize                               medium-fixture   x5000000  bend         26.8 ns  ref       26.0 ns       1.0x
Eth1Data.hash_tree_root                          medium-fixture   x409600   bend        981.4 ns  ref      295.0 ns       3.3x
Eth1Data.deserialize                             large-fixture    x5000000  bend         59.4 ns  ref       63.1 ns       0.9x
Eth1Data.serialize                               large-fixture    x5000000  bend         26.8 ns  ref       25.6 ns       1.0x
Eth1Data.hash_tree_root                          large-fixture    x409600   bend       1008.3 ns  ref      301.5 ns       3.3x
Ether.deserialize                                zero             x5000000  bend         16.2 ns  ref       34.8 ns       0.5x
Ether.serialize                                  zero             x5000000  bend         10.2 ns  ref       13.6 ns       0.7x
Ether.hash_tree_root                             zero             x5000000  bend          7.8 ns  ref      211.0 ns       0.0x
Ether.deserialize                                random           x5000000  bend         18.0 ns  ref       35.4 ns       0.5x
Ether.serialize                                  random           x5000000  bend          9.2 ns  ref       12.3 ns       0.7x
Ether.hash_tree_root                             random           x5000000  bend          7.8 ns  ref      209.9 ns       0.0x
Ether.deserialize                                saturated        x5000000  bend         18.6 ns  ref       36.0 ns       0.5x
Ether.serialize                                  saturated        x5000000  bend          9.2 ns  ref       12.6 ns       0.7x
Ether.hash_tree_root                             saturated        x5000000  bend          7.6 ns  ref      208.9 ns       0.0x
ExecutionAddress.deserialize                     zero             x5000000  bend         23.0 ns  ref       41.1 ns       0.6x
ExecutionAddress.serialize                       zero             x5000000  bend         10.0 ns  ref       19.2 ns       0.5x
ExecutionAddress.hash_tree_root                  zero             x5000000  bend          7.8 ns  ref      219.5 ns       0.0x
ExecutionAddress.deserialize                     random           x5000000  bend         24.6 ns  ref       41.2 ns       0.6x
ExecutionAddress.serialize                       random           x5000000  bend         10.0 ns  ref       19.1 ns       0.5x
ExecutionAddress.hash_tree_root                  random           x5000000  bend          7.8 ns  ref      213.2 ns       0.0x
ExecutionAddress.deserialize                     saturated        x5000000  bend         24.6 ns  ref       41.8 ns       0.6x
ExecutionAddress.serialize                       saturated        x5000000  bend         10.0 ns  ref       18.5 ns       0.5x
ExecutionAddress.hash_tree_root                  saturated        x5000000  bend          7.8 ns  ref      217.1 ns       0.0x
ExecutionBranch.deserialize                      zero             x5000000  bend         31.4 ns  ref       49.5 ns       0.6x
ExecutionBranch.serialize                        zero             x5000000  bend         34.6 ns  ref       24.5 ns       1.4x
ExecutionBranch.hash_tree_root                   zero             x253952   bend       1078.9 ns  ref      484.6 ns       2.2x
ExecutionBranch.deserialize                      random           x5000000  bend         31.0 ns  ref       49.0 ns       0.6x
ExecutionBranch.serialize                        random           x5000000  bend         36.4 ns  ref       25.5 ns       1.4x
ExecutionBranch.hash_tree_root                   random           x409600   bend       1027.8 ns  ref      467.1 ns       2.2x
ExecutionBranch.deserialize                      saturated        x5000000  bend         30.2 ns  ref       47.7 ns       0.6x
ExecutionBranch.serialize                        saturated        x5000000  bend         36.4 ns  ref       26.1 ns       1.4x
ExecutionBranch.hash_tree_root                   saturated        x409600   bend       1018.1 ns  ref      463.9 ns       2.2x
ExecutionPayload.deserialize                     small-fixture    x253952   bend       1185.3 ns  ref      407.1 ns       2.9x
ExecutionPayload.serialize                       small-fixture    x524288   bend        686.6 ns  ref      231.5 ns       3.0x
ExecutionPayload.hash_tree_root                  small-fixture    x3968     bend      57711.7 ns  ref    14187.1 ns       4.1x
ExecutionPayload.deserialize                     medium-fixture   x204800   bend       1430.7 ns  ref      606.2 ns       2.4x
ExecutionPayload.serialize                       medium-fixture   x253952   bend       1012.0 ns  ref      308.9 ns       3.3x
ExecutionPayload.hash_tree_root                  medium-fixture   x5248     bend      76219.5 ns  ref    18538.4 ns       4.1x
ExecutionPayload.deserialize                     large-fixture    x221184   bend       2400.7 ns  ref      778.0 ns       3.1x
ExecutionPayload.serialize                       large-fixture    x204800   bend       1210.9 ns  ref      404.5 ns       3.0x
ExecutionPayload.hash_tree_root                  large-fixture    x3200     bend     120312.5 ns  ref    28698.4 ns       4.2x
ExecutionPayloadHeader.deserialize               small-fixture    x1048576  bend        412.0 ns  ref      123.5 ns       3.3x
ExecutionPayloadHeader.serialize                 small-fixture    x1048576  bend        489.2 ns  ref       97.6 ns       5.0x
ExecutionPayloadHeader.hash_tree_root            small-fixture    x40960    bend       9375.0 ns  ref     2406.2 ns       3.9x
ExecutionPayloadHeader.deserialize               medium-fixture   x1048576  bend        412.0 ns  ref      125.5 ns       3.3x
ExecutionPayloadHeader.serialize                 medium-fixture   x524288   bend        492.1 ns  ref       95.6 ns       5.1x
ExecutionPayloadHeader.hash_tree_root            medium-fixture   x32768    bend       9552.0 ns  ref     2431.3 ns       3.9x
ExecutionPayloadHeader.deserialize               large-fixture    x1048576  bend        412.0 ns  ref      132.4 ns       3.1x
ExecutionPayloadHeader.serialize                 large-fixture    x1048576  bend        483.5 ns  ref       93.9 ns       5.1x
ExecutionPayloadHeader.hash_tree_root            large-fixture    x40960    bend       9423.8 ns  ref     2382.9 ns       4.0x
ExecutionRequests.deserialize                    small-fixture    x1572864  bend        289.3 ns  ref      182.9 ns       1.6x
ExecutionRequests.serialize                      small-fixture    x2621440  bend        171.7 ns  ref       59.7 ns       2.9x
ExecutionRequests.hash_tree_root                 small-fixture    x24576    bend      12939.5 ns  ref     3347.4 ns       3.9x
ExecutionRequests.deserialize                    medium-fixture   x524288   bend        694.3 ns  ref      354.5 ns       2.0x
ExecutionRequests.serialize                      medium-fixture   x1048576  bend        295.6 ns  ref      122.0 ns       2.4x
ExecutionRequests.hash_tree_root                 medium-fixture   x16384    bend      22155.8 ns  ref     5952.8 ns       3.7x
ExecutionRequests.deserialize                    large-fixture    x524288   bend        982.3 ns  ref      576.9 ns       1.7x
ExecutionRequests.serialize                      large-fixture    x524288   bend        677.1 ns  ref      188.6 ns       3.6x
ExecutionRequests.hash_tree_root                 large-fixture    x8192     bend      36010.7 ns  ref     9457.8 ns       3.8x
FinalityBranch.deserialize                       zero             x5000000  bend         37.6 ns  ref       57.7 ns       0.7x
FinalityBranch.serialize                         zero             x5000000  bend         55.6 ns  ref       35.1 ns       1.6x
FinalityBranch.hash_tree_root                    zero             x180224   bend       2408.1 ns  ref      837.3 ns       2.9x
FinalityBranch.deserialize                       random           x5000000  bend         41.8 ns  ref       58.4 ns       0.7x
FinalityBranch.serialize                         random           x5000000  bend         53.2 ns  ref       33.5 ns       1.6x
FinalityBranch.hash_tree_root                    random           x180224   bend       2397.0 ns  ref      848.9 ns       2.8x
FinalityBranch.deserialize                       saturated        x5000000  bend         44.6 ns  ref       59.1 ns       0.8x
FinalityBranch.serialize                         saturated        x5000000  bend         54.4 ns  ref       33.8 ns       1.6x
FinalityBranch.hash_tree_root                    saturated        x180224   bend       2424.8 ns  ref      851.4 ns       2.8x
Fork.deserialize                                 small-fixture    x5000000  bend         22.2 ns  ref       16.4 ns       1.4x
Fork.serialize                                   small-fixture    x5000000  bend         12.6 ns  ref       21.1 ns       0.6x
Fork.hash_tree_root                              small-fixture    x409600   bend        971.7 ns  ref      295.4 ns       3.3x
Fork.deserialize                                 medium-fixture   x5000000  bend         21.2 ns  ref       15.0 ns       1.4x
Fork.serialize                                   medium-fixture   x5000000  bend         12.4 ns  ref       21.1 ns       0.6x
Fork.hash_tree_root                              medium-fixture   x204800   bend        986.3 ns  ref      305.5 ns       3.2x
Fork.deserialize                                 large-fixture    x5000000  bend         19.6 ns  ref       13.9 ns       1.4x
Fork.serialize                                   large-fixture    x5000000  bend         12.6 ns  ref       20.7 ns       0.6x
Fork.hash_tree_root                              large-fixture    x204800   bend        991.2 ns  ref      311.9 ns       3.2x
ForkData.deserialize                             small-fixture    x5000000  bend         36.8 ns  ref       18.0 ns       2.0x
ForkData.serialize                               small-fixture    x5000000  bend         18.4 ns  ref       22.2 ns       0.8x
ForkData.hash_tree_root                          small-fixture    x1048576  bend        339.5 ns  ref      130.9 ns       2.6x
ForkData.deserialize                             medium-fixture   x5000000  bend         37.4 ns  ref       17.8 ns       2.1x
ForkData.serialize                               medium-fixture   x5000000  bend         18.6 ns  ref       22.2 ns       0.8x
ForkData.hash_tree_root                          medium-fixture   x1048576  bend        343.3 ns  ref      133.3 ns       2.6x
ForkData.deserialize                             large-fixture    x5000000  bend         40.0 ns  ref       18.3 ns       2.2x
ForkData.serialize                               large-fixture    x5000000  bend         18.4 ns  ref       23.8 ns       0.8x
ForkData.hash_tree_root                          large-fixture    x1048576  bend        334.7 ns  ref      131.2 ns       2.6x
ForkDigest.deserialize                           zero             x5000000  bend          7.0 ns  ref       36.0 ns       0.2x
ForkDigest.serialize                             zero             x5000000  bend          8.8 ns  ref       12.8 ns       0.7x
ForkDigest.hash_tree_root                        zero             x5000000  bend          7.4 ns  ref      211.3 ns       0.0x
ForkDigest.deserialize                           random           x5000000  bend          8.0 ns  ref       37.1 ns       0.2x
ForkDigest.serialize                             random           x5000000  bend          8.2 ns  ref       12.1 ns       0.7x
ForkDigest.hash_tree_root                        random           x5000000  bend          7.4 ns  ref      211.7 ns       0.0x
ForkDigest.deserialize                           saturated        x5000000  bend          7.8 ns  ref       37.2 ns       0.2x
ForkDigest.serialize                             saturated        x5000000  bend          8.8 ns  ref       12.3 ns       0.7x
ForkDigest.hash_tree_root                        saturated        x5000000  bend          7.4 ns  ref      216.4 ns       0.0x
G1Point.deserialize                              zero             x5000000  bend         38.0 ns  ref       42.4 ns       0.9x
G1Point.serialize                                zero             x5000000  bend         19.4 ns  ref       20.4 ns       1.0x
G1Point.hash_tree_root                           zero             x1048576  bend        368.1 ns  ref      311.6 ns       1.2x
G1Point.deserialize                              random           x5000000  bend         40.0 ns  ref       42.0 ns       1.0x
G1Point.serialize                                random           x5000000  bend         20.2 ns  ref       20.3 ns       1.0x
G1Point.hash_tree_root                           random           x1048576  bend        366.2 ns  ref      311.6 ns       1.2x
G1Point.deserialize                              saturated        x5000000  bend         39.6 ns  ref       42.1 ns       0.9x
G1Point.serialize                                saturated        x5000000  bend         22.4 ns  ref       21.0 ns       1.1x
G1Point.hash_tree_root                           saturated        x1048576  bend        366.2 ns  ref      302.1 ns       1.2x
G2Point.deserialize                              zero             x5000000  bend         69.6 ns  ref       44.7 ns       1.6x
G2Point.serialize                                zero             x5000000  bend         27.4 ns  ref       25.4 ns       1.1x
G2Point.hash_tree_root                           zero             x204800   bend       1074.2 ns  ref      485.4 ns       2.2x
G2Point.deserialize                              random           x5000000  bend         67.0 ns  ref       45.8 ns       1.5x
G2Point.serialize                                random           x5000000  bend         26.4 ns  ref       23.9 ns       1.1x
G2Point.hash_tree_root                           random           x409600   bend       1040.0 ns  ref      471.5 ns       2.2x
G2Point.deserialize                              saturated        x5000000  bend         72.8 ns  ref       46.7 ns       1.6x
G2Point.serialize                                saturated        x5000000  bend         26.8 ns  ref       24.9 ns       1.1x
G2Point.hash_tree_root                           saturated        x204800   bend       1054.7 ns  ref      478.9 ns       2.2x
Gwei.deserialize                                 zero             x5000000  bend         14.4 ns  ref       32.9 ns       0.4x
Gwei.serialize                                   zero             x5000000  bend          8.2 ns  ref       12.9 ns       0.6x
Gwei.hash_tree_root                              zero             x5000000  bend          7.6 ns  ref      212.4 ns       0.0x
Gwei.deserialize                                 random           x5000000  bend         16.2 ns  ref       35.3 ns       0.5x
Gwei.serialize                                   random           x5000000  bend          8.0 ns  ref       12.5 ns       0.6x
Gwei.hash_tree_root                              random           x5000000  bend          7.6 ns  ref      212.6 ns       0.0x
Gwei.deserialize                                 saturated        x5000000  bend         16.0 ns  ref       35.8 ns       0.4x
Gwei.serialize                                   saturated        x5000000  bend          8.0 ns  ref       12.3 ns       0.6x
Gwei.hash_tree_root                              saturated        x5000000  bend          7.6 ns  ref      201.0 ns       0.0x
Hash32.deserialize                               zero             x5000000  bend         25.4 ns  ref       40.7 ns       0.6x
Hash32.serialize                                 zero             x5000000  bend         11.4 ns  ref       19.3 ns       0.6x
Hash32.hash_tree_root                            zero             x5000000  bend          7.8 ns  ref      191.0 ns       0.0x
Hash32.deserialize                               random           x5000000  bend         26.4 ns  ref       41.4 ns       0.6x
Hash32.serialize                                 random           x5000000  bend         11.4 ns  ref       19.0 ns       0.6x
Hash32.hash_tree_root                            random           x5000000  bend          7.8 ns  ref      188.3 ns       0.0x
Hash32.deserialize                               saturated        x5000000  bend         29.6 ns  ref       41.4 ns       0.7x
Hash32.serialize                                 saturated        x5000000  bend         11.4 ns  ref       19.2 ns       0.6x
Hash32.hash_tree_root                            saturated        x5000000  bend          7.8 ns  ref      183.6 ns       0.0x
HistoricalBatch.deserialize                      small-fixture    x8192     bend      65551.8 ns  ref   451316.0 ns       0.1x
HistoricalBatch.serialize                        small-fixture    x4480     bend     100669.6 ns  ref    90192.2 ns       1.1x
HistoricalBatch.hash_tree_root                   small-fixture    x41       bend    5365853.7 ns  ref  1399326.0 ns       3.8x
HistoricalBatch.deserialize                      medium-fixture   x8192     bend      68847.7 ns  ref   490837.0 ns       0.1x
HistoricalBatch.serialize                        medium-fixture   x3968     bend     108114.9 ns  ref    91605.5 ns       1.2x
HistoricalBatch.hash_tree_root                   medium-fixture   x82       bend    5317073.2 ns  ref  1384062.5 ns       3.8x
HistoricalBatch.deserialize                      large-fixture    x7936     bend      64390.1 ns  ref   438211.1 ns       0.1x
HistoricalBatch.serialize                        large-fixture    x4480     bend      98660.7 ns  ref    89894.5 ns       1.1x
HistoricalBatch.hash_tree_root                   large-fixture    x70       bend    5242857.1 ns  ref  1391618.8 ns       3.8x
HistoricalSummary.deserialize                    small-fixture    x4980736  bend         66.5 ns  ref       22.5 ns       3.0x
HistoricalSummary.serialize                      small-fixture    x5000000  bend         28.0 ns  ref       27.6 ns       1.0x
HistoricalSummary.hash_tree_root                 small-fixture    x1048576  bend        329.0 ns  ref      124.0 ns       2.7x
HistoricalSummary.deserialize                    medium-fixture   x5000000  bend         51.8 ns  ref       20.2 ns       2.6x
HistoricalSummary.serialize                      medium-fixture   x5000000  bend         24.8 ns  ref       23.1 ns       1.1x
HistoricalSummary.hash_tree_root                 medium-fixture   x1048576  bend        347.1 ns  ref      129.1 ns       2.7x
HistoricalSummary.deserialize                    large-fixture    x5000000  bend         50.8 ns  ref       18.7 ns       2.7x
HistoricalSummary.serialize                      large-fixture    x5000000  bend         24.6 ns  ref       22.8 ns       1.1x
HistoricalSummary.hash_tree_root                 large-fixture    x1048576  bend        340.5 ns  ref      130.2 ns       2.6x
IndexedAttestation.deserialize                   small-fixture    x2097152  bend        295.6 ns  ref      128.7 ns       2.3x
IndexedAttestation.serialize                     small-fixture    x3145728  bend        135.7 ns  ref       44.0 ns       3.1x
IndexedAttestation.hash_tree_root                small-fixture    x32768    bend       9765.6 ns  ref     2643.4 ns       3.7x
IndexedAttestation.deserialize                   medium-fixture   x2097152  bend        279.9 ns  ref      122.4 ns       2.3x
IndexedAttestation.serialize                     medium-fixture   x2621440  bend        156.8 ns  ref       50.4 ns       3.1x
IndexedAttestation.hash_tree_root                medium-fixture   x32768    bend      10223.4 ns  ref     2688.7 ns       3.8x
IndexedAttestation.deserialize                   large-fixture    x1572864  bend        284.2 ns  ref      126.5 ns       2.2x
IndexedAttestation.serialize                     large-fixture    x3145728  bend        158.9 ns  ref       54.6 ns       2.9x
IndexedAttestation.hash_tree_root                large-fixture    x32768    bend      10192.9 ns  ref     2749.4 ns       3.7x
KZGCommitment.deserialize                        zero             x5000000  bend         41.2 ns  ref       41.7 ns       1.0x
KZGCommitment.serialize                          zero             x5000000  bend         16.6 ns  ref       20.5 ns       0.8x
KZGCommitment.hash_tree_root                     zero             x1048576  bend        361.4 ns  ref      302.4 ns       1.2x
KZGCommitment.deserialize                        random           x5000000  bend         47.2 ns  ref       39.7 ns       1.2x
KZGCommitment.serialize                          random           x5000000  bend         19.8 ns  ref       20.2 ns       1.0x
KZGCommitment.hash_tree_root                     random           x1048576  bend        365.3 ns  ref      294.9 ns       1.2x
KZGCommitment.deserialize                        saturated        x5000000  bend         43.0 ns  ref       41.8 ns       1.0x
KZGCommitment.serialize                          saturated        x5000000  bend         19.4 ns  ref       20.3 ns       1.0x
KZGCommitment.hash_tree_root                     saturated        x1048576  bend        359.5 ns  ref      293.1 ns       1.2x
KZGProof.deserialize                             zero             x5000000  bend         36.2 ns  ref       42.5 ns       0.9x
KZGProof.serialize                               zero             x5000000  bend         14.2 ns  ref       20.1 ns       0.7x
KZGProof.hash_tree_root                          zero             x1048576  bend        349.0 ns  ref      301.9 ns       1.2x
KZGProof.deserialize                             random           x5000000  bend         38.4 ns  ref       39.7 ns       1.0x
KZGProof.serialize                               random           x5000000  bend         15.0 ns  ref       20.4 ns       0.7x
KZGProof.hash_tree_root                          random           x1048576  bend        364.3 ns  ref      314.6 ns       1.2x
KZGProof.deserialize                             saturated        x5000000  bend         36.8 ns  ref       41.7 ns       0.9x
KZGProof.serialize                               saturated        x5000000  bend         15.0 ns  ref       20.5 ns       0.7x
KZGProof.hash_tree_root                          saturated        x1048576  bend        357.6 ns  ref      303.2 ns       1.2x
LightClientBootstrap.deserialize                 small-fixture    x77824    bend       4009.0 ns  ref    12594.3 ns       0.3x
LightClientBootstrap.serialize                   small-fixture    x81920    bend       5358.9 ns  ref     2444.5 ns       2.2x
LightClientBootstrap.hash_tree_root              small-fixture    x1152     bend     368055.6 ns  ref    95292.9 ns       3.9x
LightClientBootstrap.deserialize                 medium-fixture   x77824    bend       4060.4 ns  ref    12777.6 ns       0.3x
LightClientBootstrap.serialize                   medium-fixture   x81920    bend       5224.6 ns  ref     2385.1 ns       2.2x
LightClientBootstrap.hash_tree_root              medium-fixture   x1280     bend     357812.5 ns  ref    95125.3 ns       3.8x
LightClientBootstrap.deserialize                 large-fixture    x77824    bend       3970.5 ns  ref    12992.6 ns       0.3x
LightClientBootstrap.serialize                   large-fixture    x81920    bend       5310.1 ns  ref     2331.8 ns       2.3x
LightClientBootstrap.hash_tree_root              large-fixture    x1280     bend     371093.8 ns  ref    95179.6 ns       3.9x
LightClientFinalityUpdate.deserialize            small-fixture    x167936   bend       1923.4 ns  ref     1423.5 ns       1.4x
LightClientFinalityUpdate.serialize              small-fixture    x167936   bend       1476.8 ns  ref      239.1 ns       6.2x
LightClientFinalityUpdate.hash_tree_root         small-fixture    x8192     bend      34179.7 ns  ref     8447.9 ns       4.0x
LightClientFinalityUpdate.deserialize            medium-fixture   x167936   bend       1935.3 ns  ref     1414.2 ns       1.4x
LightClientFinalityUpdate.serialize              medium-fixture   x335872   bend       1500.6 ns  ref      245.6 ns       6.1x
LightClientFinalityUpdate.hash_tree_root         medium-fixture   x8192     bend      32836.9 ns  ref     8324.7 ns       3.9x
LightClientFinalityUpdate.deserialize            large-fixture    x167936   bend       1917.4 ns  ref     1388.5 ns       1.4x
LightClientFinalityUpdate.serialize              large-fixture    x286720   bend       1489.3 ns  ref      230.1 ns       6.5x
LightClientFinalityUpdate.hash_tree_root         large-fixture    x8192     bend      32959.0 ns  ref     8329.0 ns       4.0x
LightClientHeader.deserialize                    small-fixture    x524288   bend        679.0 ns  ref      534.0 ns       1.3x
LightClientHeader.serialize                      small-fixture    x524288   bend        520.7 ns  ref      108.5 ns       4.8x
LightClientHeader.hash_tree_root                 small-fixture    x24576    bend      13468.4 ns  ref     3504.9 ns       3.8x
LightClientHeader.deserialize                    medium-fixture   x524288   bend        690.5 ns  ref      528.2 ns       1.3x
LightClientHeader.serialize                      medium-fixture   x524288   bend        503.5 ns  ref      114.1 ns       4.4x
LightClientHeader.hash_tree_root                 medium-fixture   x24576    bend      13549.8 ns  ref     3465.0 ns       3.9x
LightClientHeader.deserialize                    large-fixture    x524288   bend        684.7 ns  ref      541.7 ns       1.3x
LightClientHeader.serialize                      large-fixture    x524288   bend        509.3 ns  ref      111.1 ns       4.6x
LightClientHeader.hash_tree_root                 large-fixture    x24576    bend      13305.7 ns  ref     3404.6 ns       3.9x
LightClientOptimisticUpdate.deserialize          small-fixture    x524288   bend        835.4 ns  ref      623.0 ns       1.3x
LightClientOptimisticUpdate.serialize            small-fixture    x524288   bend        581.7 ns  ref      132.1 ns       4.4x
LightClientOptimisticUpdate.hash_tree_root       small-fixture    x16384    bend      17822.3 ns  ref     4729.4 ns       3.8x
LightClientOptimisticUpdate.deserialize          medium-fixture   x524288   bend        831.6 ns  ref      628.5 ns       1.3x
LightClientOptimisticUpdate.serialize            medium-fixture   x524288   bend        589.4 ns  ref      127.1 ns       4.6x
LightClientOptimisticUpdate.hash_tree_root       medium-fixture   x24576    bend      16398.1 ns  ref     4343.2 ns       3.8x
LightClientOptimisticUpdate.deserialize          large-fixture    x524288   bend        808.7 ns  ref      633.6 ns       1.3x
LightClientOptimisticUpdate.serialize            large-fixture    x524288   bend        654.2 ns  ref      142.9 ns       4.6x
LightClientOptimisticUpdate.hash_tree_root       large-fixture    x24576    bend      18351.2 ns  ref     4734.6 ns       3.9x
LightClientUpdate.deserialize                    small-fixture    x90112    bend       5360.0 ns  ref    13492.2 ns       0.4x
LightClientUpdate.serialize                      small-fixture    x65536    bend       6317.1 ns  ref     2495.9 ns       2.5x
LightClientUpdate.hash_tree_root                 small-fixture    x1152     bend     381944.4 ns  ref    99996.8 ns       3.8x
LightClientUpdate.deserialize                    medium-fixture   x61440    bend       5354.8 ns  ref    13637.4 ns       0.4x
LightClientUpdate.serialize                      medium-fixture   x65536    bend       7049.6 ns  ref     2715.3 ns       2.6x
LightClientUpdate.hash_tree_root                 medium-fixture   x896      bend     373883.9 ns  ref    96152.0 ns       3.9x
LightClientUpdate.deserialize                    large-fixture    x57344    bend       5528.0 ns  ref    13722.6 ns       0.4x
LightClientUpdate.serialize                      large-fixture    x65536    bend       6332.4 ns  ref     2425.4 ns       2.6x
LightClientUpdate.hash_tree_root                 large-fixture    x1024     bend     382812.5 ns  ref    99895.4 ns       3.8x
MatrixEntry.deserialize                          small-fixture    x1572864  bend        291.2 ns  ref      239.3 ns       1.2x
MatrixEntry.serialize                            small-fixture    x524288   bend        566.5 ns  ref      182.8 ns       3.1x
MatrixEntry.hash_tree_root                       small-fixture    x16384    bend      22155.8 ns  ref     5455.1 ns       4.1x
MatrixEntry.deserialize                          medium-fixture   x1572864  bend        288.0 ns  ref      237.6 ns       1.2x
MatrixEntry.serialize                            medium-fixture   x524288   bend        574.1 ns  ref      178.5 ns       3.2x
MatrixEntry.hash_tree_root                       medium-fixture   x16384    bend      22033.7 ns  ref     5461.1 ns       4.0x
MatrixEntry.deserialize                          large-fixture    x1572864  bend        293.1 ns  ref      237.6 ns       1.2x
MatrixEntry.serialize                            large-fixture    x524288   bend        577.9 ns  ref      189.7 ns       3.0x
MatrixEntry.hash_tree_root                       large-fixture    x16384    bend      21728.5 ns  ref     5365.4 ns       4.0x
NextSyncCommitteeBranch.deserialize              zero             x5000000  bend         34.8 ns  ref       55.0 ns       0.6x
NextSyncCommitteeBranch.serialize                zero             x5000000  bend         56.4 ns  ref       31.3 ns       1.8x
NextSyncCommitteeBranch.hash_tree_root           zero             x180224   bend       2385.9 ns  ref      727.0 ns       3.3x
NextSyncCommitteeBranch.deserialize              random           x5000000  bend         35.6 ns  ref       55.7 ns       0.6x
NextSyncCommitteeBranch.serialize                random           x5000000  bend         52.2 ns  ref       30.4 ns       1.7x
NextSyncCommitteeBranch.hash_tree_root           random           x180224   bend       2441.4 ns  ref      755.3 ns       3.2x
NextSyncCommitteeBranch.deserialize              saturated        x5000000  bend         37.4 ns  ref       55.0 ns       0.7x
NextSyncCommitteeBranch.serialize                saturated        x5000000  bend         52.4 ns  ref       30.7 ns       1.7x
NextSyncCommitteeBranch.hash_tree_root           saturated        x163840   bend       2386.5 ns  ref      751.3 ns       3.2x
NodeID.deserialize                               zero             x5000000  bend         37.2 ns  ref       41.7 ns       0.9x
NodeID.serialize                                 zero             x5000000  bend         12.6 ns  ref       19.0 ns       0.7x
NodeID.hash_tree_root                            zero             x5000000  bend          8.0 ns  ref      183.1 ns       0.0x
NodeID.deserialize                               random           x5000000  bend         40.4 ns  ref       40.7 ns       1.0x
NodeID.serialize                                 random           x5000000  bend         14.0 ns  ref       19.1 ns       0.7x
NodeID.hash_tree_root                            random           x5000000  bend          8.2 ns  ref      186.9 ns       0.0x
NodeID.deserialize                               saturated        x5000000  bend         40.4 ns  ref       41.2 ns       1.0x
NodeID.serialize                                 saturated        x5000000  bend         14.0 ns  ref       19.0 ns       0.7x
NodeID.hash_tree_root                            saturated        x5000000  bend          8.2 ns  ref      191.3 ns       0.0x
ParticipationFlags.deserialize                   zero             x5000000  bend          8.8 ns  ref       35.4 ns       0.2x
ParticipationFlags.serialize                     zero             x5000000  bend          9.4 ns  ref       11.5 ns       0.8x
ParticipationFlags.hash_tree_root                zero             x5000000  bend          6.8 ns  ref      198.9 ns       0.0x
ParticipationFlags.deserialize                   random           x5000000  bend          8.8 ns  ref       34.7 ns       0.3x
ParticipationFlags.serialize                     random           x5000000  bend          9.2 ns  ref       11.7 ns       0.8x
ParticipationFlags.hash_tree_root                random           x5000000  bend          7.4 ns  ref      202.8 ns       0.0x
ParticipationFlags.deserialize                   saturated        x5000000  bend          8.8 ns  ref       34.6 ns       0.3x
ParticipationFlags.serialize                     saturated        x5000000  bend          8.8 ns  ref       11.3 ns       0.8x
ParticipationFlags.hash_tree_root                saturated        x5000000  bend          7.4 ns  ref      208.5 ns       0.0x
PayloadId.deserialize                            zero             x5000000  bend         20.8 ns  ref       35.7 ns       0.6x
PayloadId.serialize                              zero             x5000000  bend         10.4 ns  ref       12.2 ns       0.9x
PayloadId.hash_tree_root                         zero             x5000000  bend          7.8 ns  ref      205.4 ns       0.0x
PayloadId.deserialize                            random           x5000000  bend         20.6 ns  ref       35.6 ns       0.6x
PayloadId.serialize                              random           x5000000  bend         10.4 ns  ref       12.4 ns       0.8x
PayloadId.hash_tree_root                         random           x5000000  bend          7.8 ns  ref      204.8 ns       0.0x
PayloadId.deserialize                            saturated        x5000000  bend         20.6 ns  ref       36.0 ns       0.6x
PayloadId.serialize                              saturated        x5000000  bend         10.4 ns  ref       12.4 ns       0.8x
PayloadId.hash_tree_root                         saturated        x5000000  bend          7.8 ns  ref      207.9 ns       0.0x
PendingAttestation.deserialize                   small-fixture    x3145728  bend        155.4 ns  ref       96.7 ns       1.6x
PendingAttestation.serialize                     small-fixture    x4194304  bend        109.9 ns  ref       38.8 ns       2.8x
PendingAttestation.hash_tree_root                small-fixture    x81920    bend       4895.0 ns  ref     1334.9 ns       3.7x
PendingAttestation.deserialize                   medium-fixture   x3670016  bend        172.8 ns  ref      108.9 ns       1.6x
PendingAttestation.serialize                     medium-fixture   x3670016  bend        105.4 ns  ref       37.1 ns       2.8x
PendingAttestation.hash_tree_root                medium-fixture   x81920    bend       4956.1 ns  ref     1338.9 ns       3.7x
PendingAttestation.deserialize                   large-fixture    x3670016  bend        155.0 ns  ref       98.0 ns       1.6x
PendingAttestation.serialize                     large-fixture    x4718592  bend        108.5 ns  ref       39.7 ns       2.7x
PendingAttestation.hash_tree_root                large-fixture    x81920    bend       4882.8 ns  ref     1358.5 ns       3.6x
PendingConsolidation.deserialize                 small-fixture    x5000000  bend         22.2 ns  ref       16.2 ns       1.4x
PendingConsolidation.serialize                   small-fixture    x5000000  bend         10.0 ns  ref       19.5 ns       0.5x
PendingConsolidation.hash_tree_root              small-fixture    x1048576  bend        329.0 ns  ref      122.8 ns       2.7x
PendingConsolidation.deserialize                 medium-fixture   x5000000  bend         19.6 ns  ref       15.3 ns       1.3x
PendingConsolidation.serialize                   medium-fixture   x5000000  bend         10.0 ns  ref       19.1 ns       0.5x
PendingConsolidation.hash_tree_root              medium-fixture   x1048576  bend        338.6 ns  ref      128.9 ns       2.6x
PendingConsolidation.deserialize                 large-fixture    x5000000  bend         20.4 ns  ref       15.2 ns       1.3x
PendingConsolidation.serialize                   large-fixture    x5000000  bend         10.0 ns  ref       19.3 ns       0.5x
PendingConsolidation.hash_tree_root              large-fixture    x1048576  bend        333.8 ns  ref      123.8 ns       2.7x
PendingDeposit.deserialize                       small-fixture    x4194304  bend        125.4 ns  ref       57.9 ns       2.2x
PendingDeposit.serialize                         small-fixture    x4194304  bend         62.2 ns  ref       33.9 ns       1.8x
PendingDeposit.hash_tree_root                    small-fixture    x114688   bend       3217.4 ns  ref      883.0 ns       3.6x
PendingDeposit.deserialize                       medium-fixture   x4718592  bend        121.4 ns  ref       54.0 ns       2.2x
PendingDeposit.serialize                         medium-fixture   x5000000  bend         59.8 ns  ref       31.9 ns       1.9x
PendingDeposit.hash_tree_root                    medium-fixture   x131072   bend       3097.5 ns  ref      854.4 ns       3.6x
PendingDeposit.deserialize                       large-fixture    x4194304  bend        127.6 ns  ref       54.5 ns       2.3x
PendingDeposit.serialize                         large-fixture    x4194304  bend         61.5 ns  ref       31.6 ns       1.9x
PendingDeposit.hash_tree_root                    large-fixture    x122880   bend       3108.7 ns  ref      853.4 ns       3.6x
PendingPartialWithdrawal.deserialize             small-fixture    x5000000  bend         23.8 ns  ref       16.4 ns       1.4x
PendingPartialWithdrawal.serialize               small-fixture    x5000000  bend          9.8 ns  ref       21.4 ns       0.5x
PendingPartialWithdrawal.hash_tree_root          small-fixture    x335872   bend        961.7 ns  ref      278.2 ns       3.5x
PendingPartialWithdrawal.deserialize             medium-fixture   x5000000  bend         23.0 ns  ref       15.8 ns       1.5x
PendingPartialWithdrawal.serialize               medium-fixture   x5000000  bend          9.4 ns  ref       20.0 ns       0.5x
PendingPartialWithdrawal.hash_tree_root          medium-fixture   x253952   bend        945.1 ns  ref      284.8 ns       3.3x
PendingPartialWithdrawal.deserialize             large-fixture    x5000000  bend         22.6 ns  ref       15.9 ns       1.4x
PendingPartialWithdrawal.serialize               large-fixture    x5000000  bend          9.4 ns  ref       19.7 ns       0.5x
PendingPartialWithdrawal.hash_tree_root          large-fixture    x409600   bend        939.9 ns  ref      281.0 ns       3.3x
PowBlock.deserialize                             small-fixture    x4980736  bend         57.4 ns  ref       81.6 ns       0.7x
PowBlock.serialize                               small-fixture    x5000000  bend         28.0 ns  ref       25.0 ns       1.1x
PowBlock.hash_tree_root                          small-fixture    x409600   bend        937.5 ns  ref      284.2 ns       3.3x
PowBlock.deserialize                             medium-fixture   x4980736  bend         57.8 ns  ref       79.0 ns       0.7x
PowBlock.serialize                               medium-fixture   x5000000  bend         28.2 ns  ref       25.3 ns       1.1x
PowBlock.hash_tree_root                          medium-fixture   x409600   bend        947.3 ns  ref      278.7 ns       3.4x
PowBlock.deserialize                             large-fixture    x4980736  bend         58.0 ns  ref       78.3 ns       0.7x
PowBlock.serialize                               large-fixture    x5000000  bend         28.0 ns  ref       24.6 ns       1.1x
PowBlock.hash_tree_root                          large-fixture    x253952   bend        949.0 ns  ref      292.6 ns       3.2x
ProposerSlashing.deserialize                     small-fixture    x1048576  bend        396.7 ns  ref      122.2 ns       3.2x
ProposerSlashing.serialize                       small-fixture    x2621440  bend        183.5 ns  ref       54.5 ns       3.4x
ProposerSlashing.hash_tree_root                  small-fixture    x57344    bend       6539.5 ns  ref     1756.3 ns       3.7x
ProposerSlashing.deserialize                     medium-fixture   x1048576  bend        397.7 ns  ref      119.9 ns       3.3x
ProposerSlashing.serialize                       medium-fixture   x2621440  bend        183.1 ns  ref       54.0 ns       3.4x
ProposerSlashing.hash_tree_root                  medium-fixture   x57344    bend       6522.0 ns  ref     1755.7 ns       3.7x
ProposerSlashing.deserialize                     large-fixture    x1048576  bend        386.2 ns  ref      116.7 ns       3.3x
ProposerSlashing.serialize                       large-fixture    x2621440  bend        193.0 ns  ref       57.7 ns       3.3x
ProposerSlashing.hash_tree_root                  large-fixture    x49152    bend       6815.6 ns  ref     1843.4 ns       3.7x
Root.deserialize                                 zero             x5000000  bend         31.8 ns  ref       40.9 ns       0.8x
Root.serialize                                   zero             x5000000  bend         14.4 ns  ref       20.7 ns       0.7x
Root.hash_tree_root                              zero             x5000000  bend          8.0 ns  ref      189.8 ns       0.0x
Root.deserialize                                 random           x5000000  bend         32.6 ns  ref       41.9 ns       0.8x
Root.serialize                                   random           x5000000  bend         13.2 ns  ref       19.1 ns       0.7x
Root.hash_tree_root                              random           x5000000  bend          8.0 ns  ref      180.9 ns       0.0x
Root.deserialize                                 saturated        x5000000  bend         30.2 ns  ref       41.1 ns       0.7x
Root.serialize                                   saturated        x5000000  bend         13.0 ns  ref       18.9 ns       0.7x
Root.hash_tree_root                              saturated        x5000000  bend          8.0 ns  ref      187.7 ns       0.0x
RowIndex.deserialize                             zero             x5000000  bend         20.2 ns  ref       34.9 ns       0.6x
RowIndex.serialize                               zero             x5000000  bend          9.2 ns  ref       12.1 ns       0.8x
RowIndex.hash_tree_root                          zero             x5000000  bend          7.6 ns  ref      220.3 ns       0.0x
RowIndex.deserialize                             random           x5000000  bend         20.6 ns  ref       35.2 ns       0.6x
RowIndex.serialize                               random           x5000000  bend          8.8 ns  ref       12.2 ns       0.7x
RowIndex.hash_tree_root                          random           x5000000  bend          7.2 ns  ref      200.2 ns       0.0x
RowIndex.deserialize                             saturated        x5000000  bend         20.2 ns  ref       35.0 ns       0.6x
RowIndex.serialize                               saturated        x5000000  bend          9.2 ns  ref       12.5 ns       0.7x
RowIndex.hash_tree_root                          saturated        x5000000  bend          7.2 ns  ref      197.2 ns       0.0x
SignedAggregateAndProof.deserialize              small-fixture    x1048576  bend        456.8 ns  ref      194.5 ns       2.3x
SignedAggregateAndProof.serialize                small-fixture    x1572864  bend        288.6 ns  ref       69.7 ns       4.1x
SignedAggregateAndProof.hash_tree_root           small-fixture    x32768    bend      11169.4 ns  ref     2941.4 ns       3.8x
SignedAggregateAndProof.deserialize              medium-fixture   x1048576  bend        469.2 ns  ref      194.7 ns       2.4x
SignedAggregateAndProof.serialize                medium-fixture   x1572864  bend        281.0 ns  ref       71.1 ns       4.0x
SignedAggregateAndProof.hash_tree_root           medium-fixture   x49152    bend       8077.0 ns  ref     2196.9 ns       3.7x
SignedAggregateAndProof.deserialize              large-fixture    x1048576  bend        475.9 ns  ref      194.7 ns       2.4x
SignedAggregateAndProof.serialize                large-fixture    x1572864  bend        282.9 ns  ref       70.6 ns       4.0x
SignedAggregateAndProof.hash_tree_root           large-fixture    x32768    bend      11200.0 ns  ref     2991.0 ns       3.7x
SignedBLSToExecutionChange.deserialize           small-fixture    x2097152  bend        132.6 ns  ref       49.7 ns       2.7x
SignedBLSToExecutionChange.serialize             small-fixture    x5000000  bend         58.6 ns  ref       31.5 ns       1.9x
SignedBLSToExecutionChange.hash_tree_root        small-fixture    x163840   bend       2612.3 ns  ref      735.3 ns       3.6x
SignedBLSToExecutionChange.deserialize           medium-fixture   x1835008  bend        146.6 ns  ref       51.0 ns       2.9x
SignedBLSToExecutionChange.serialize             medium-fixture   x5000000  bend         58.6 ns  ref       32.8 ns       1.8x
SignedBLSToExecutionChange.hash_tree_root        medium-fixture   x163840   bend       2612.3 ns  ref      735.1 ns       3.6x
SignedBLSToExecutionChange.deserialize           large-fixture    x3670016  bend        145.0 ns  ref       47.6 ns       3.0x
SignedBLSToExecutionChange.serialize             large-fixture    x4194304  bend         56.0 ns  ref       31.7 ns       1.8x
SignedBLSToExecutionChange.hash_tree_root        large-fixture    x155648   bend       2614.9 ns  ref      735.8 ns       3.6x
SignedBeaconBlock.deserialize                    small-fixture    x32768    bend      16082.8 ns  ref    10531.9 ns       1.5x
SignedBeaconBlock.serialize                      small-fixture    x49152    bend       8239.7 ns  ref     1471.5 ns       5.6x
SignedBeaconBlock.hash_tree_root                 small-fixture    x1536     bend     266927.1 ns  ref    68734.1 ns       3.9x
SignedBeaconBlock.deserialize                    medium-fixture   x24576    bend      23885.1 ns  ref    10844.1 ns       2.2x
SignedBeaconBlock.serialize                      medium-fixture   x40960    bend      11425.8 ns  ref     1663.0 ns       6.9x
SignedBeaconBlock.hash_tree_root                 medium-fixture   x1280     bend     317968.8 ns  ref    84116.8 ns       3.8x
SignedBeaconBlock.deserialize                    large-fixture    x16384    bend      25451.7 ns  ref    13309.9 ns       1.9x
SignedBeaconBlock.serialize                      large-fixture    x40960    bend      11499.0 ns  ref     2113.9 ns       5.4x
SignedBeaconBlock.hash_tree_root                 large-fixture    x1024     bend     406250.0 ns  ref   102985.2 ns       3.9x
SignedBeaconBlockHeader.deserialize              small-fixture    x2621440  bend        205.2 ns  ref       53.5 ns       3.8x
SignedBeaconBlockHeader.serialize                small-fixture    x5000000  bend         87.2 ns  ref       34.2 ns       2.6x
SignedBeaconBlockHeader.hash_tree_root           small-fixture    x106496   bend       3765.4 ns  ref     1024.3 ns       3.7x
SignedBeaconBlockHeader.deserialize              medium-fixture   x2621440  bend        199.9 ns  ref       53.8 ns       3.7x
SignedBeaconBlockHeader.serialize                medium-fixture   x5000000  bend         83.4 ns  ref       37.1 ns       2.2x
SignedBeaconBlockHeader.hash_tree_root           medium-fixture   x114688   bend       3295.9 ns  ref      900.9 ns       3.7x
SignedBeaconBlockHeader.deserialize              large-fixture    x2621440  bend        209.4 ns  ref       53.3 ns       3.9x
SignedBeaconBlockHeader.serialize                large-fixture    x5000000  bend         80.4 ns  ref       35.7 ns       2.3x
SignedBeaconBlockHeader.hash_tree_root           large-fixture    x114688   bend       3269.7 ns  ref      890.1 ns       3.7x
SignedContributionAndProof.deserialize           small-fixture    x1572864  bend        286.7 ns  ref      121.4 ns       2.4x
SignedContributionAndProof.serialize             small-fixture    x2097152  bend        204.6 ns  ref       54.5 ns       3.8x
SignedContributionAndProof.hash_tree_root        small-fixture    x57344    bend       6190.7 ns  ref     1660.5 ns       3.7x
SignedContributionAndProof.deserialize           medium-fixture   x1572864  bend        286.7 ns  ref      118.4 ns       2.4x
SignedContributionAndProof.serialize             medium-fixture   x2097152  bend        197.9 ns  ref       52.9 ns       3.7x
SignedContributionAndProof.hash_tree_root        medium-fixture   x65536    bend       6073.0 ns  ref     1659.4 ns       3.7x
SignedContributionAndProof.deserialize           large-fixture    x1572864  bend        346.5 ns  ref      143.2 ns       2.4x
SignedContributionAndProof.serialize             large-fixture    x2097152  bend        194.5 ns  ref       55.5 ns       3.5x
SignedContributionAndProof.hash_tree_root        large-fixture    x57344    bend       6173.3 ns  ref     1659.3 ns       3.7x
SignedVoluntaryExit.deserialize                  small-fixture    x5000000  bend         73.6 ns  ref       41.1 ns       1.8x
SignedVoluntaryExit.serialize                    small-fixture    x5000000  bend         35.8 ns  ref       26.8 ns       1.3x
SignedVoluntaryExit.hash_tree_root               small-fixture    x253952   bend       1583.0 ns  ref      474.0 ns       3.3x
SignedVoluntaryExit.deserialize                  medium-fixture   x5000000  bend         75.6 ns  ref       42.4 ns       1.8x
SignedVoluntaryExit.serialize                    medium-fixture   x5000000  bend         37.0 ns  ref       28.9 ns       1.3x
SignedVoluntaryExit.hash_tree_root               medium-fixture   x221184   bend       1623.1 ns  ref      463.6 ns       3.5x
SignedVoluntaryExit.deserialize                  large-fixture    x5000000  bend         75.0 ns  ref       41.7 ns       1.8x
SignedVoluntaryExit.serialize                    large-fixture    x5000000  bend         36.2 ns  ref       27.8 ns       1.3x
SignedVoluntaryExit.hash_tree_root               large-fixture    x221184   bend       1591.4 ns  ref      477.2 ns       3.3x
SigningData.deserialize                          small-fixture    x5000000  bend         49.2 ns  ref       19.1 ns       2.6x
SigningData.serialize                            small-fixture    x5000000  bend         24.4 ns  ref       22.7 ns       1.1x
SigningData.hash_tree_root                       small-fixture    x1048576  bend        337.6 ns  ref      126.0 ns       2.7x
SigningData.deserialize                          medium-fixture   x5000000  bend         50.6 ns  ref       19.7 ns       2.6x
SigningData.serialize                            medium-fixture   x5000000  bend         24.4 ns  ref       22.5 ns       1.1x
SigningData.hash_tree_root                       medium-fixture   x1048576  bend        347.1 ns  ref      128.6 ns       2.7x
SigningData.deserialize                          large-fixture    x5000000  bend         48.8 ns  ref       18.8 ns       2.6x
SigningData.serialize                            large-fixture    x5000000  bend         24.2 ns  ref       22.7 ns       1.1x
SigningData.hash_tree_root                       large-fixture    x1048576  bend        345.2 ns  ref      129.4 ns       2.7x
SingleAttestation.deserialize                    small-fixture    x2097152  bend        231.3 ns  ref       88.6 ns       2.6x
SingleAttestation.serialize                      small-fixture    x5000000  bend         92.6 ns  ref       41.8 ns       2.2x
SingleAttestation.hash_tree_root                 small-fixture    x90112    bend       4583.2 ns  ref     1275.0 ns       3.6x
SingleAttestation.deserialize                    medium-fixture   x2097152  bend        230.8 ns  ref       89.1 ns       2.6x
SingleAttestation.serialize                      medium-fixture   x5000000  bend         93.2 ns  ref       42.5 ns       2.2x
SingleAttestation.hash_tree_root                 medium-fixture   x90112    bend       4561.0 ns  ref     1267.1 ns       3.6x
SingleAttestation.deserialize                    large-fixture    x1310720  bend        240.3 ns  ref       95.2 ns       2.5x
SingleAttestation.serialize                      large-fixture    x5000000  bend         94.0 ns  ref       41.5 ns       2.3x
SingleAttestation.hash_tree_root                 large-fixture    x81920    bend       4711.9 ns  ref     1287.6 ns       3.7x
Slot.deserialize                                 zero             x5000000  bend         15.0 ns  ref       35.4 ns       0.4x
Slot.serialize                                   zero             x5000000  bend          7.8 ns  ref       12.5 ns       0.6x
Slot.hash_tree_root                              zero             x5000000  bend          7.6 ns  ref      213.6 ns       0.0x
Slot.deserialize                                 random           x5000000  bend         15.4 ns  ref       35.7 ns       0.4x
Slot.serialize                                   random           x5000000  bend          7.8 ns  ref       12.5 ns       0.6x
Slot.hash_tree_root                              random           x5000000  bend          7.6 ns  ref      209.6 ns       0.0x
Slot.deserialize                                 saturated        x5000000  bend         15.4 ns  ref       35.6 ns       0.4x
Slot.serialize                                   saturated        x5000000  bend          8.0 ns  ref       12.8 ns       0.6x
Slot.hash_tree_root                              saturated        x5000000  bend          7.6 ns  ref      207.5 ns       0.0x
SubnetID.deserialize                             zero             x5000000  bend         17.6 ns  ref       35.4 ns       0.5x
SubnetID.serialize                               zero             x5000000  bend          9.2 ns  ref       12.5 ns       0.7x
SubnetID.hash_tree_root                          zero             x5000000  bend          7.8 ns  ref      210.6 ns       0.0x
SubnetID.deserialize                             random           x5000000  bend         17.6 ns  ref       35.6 ns       0.5x
SubnetID.serialize                               random           x5000000  bend          9.2 ns  ref       12.2 ns       0.8x
SubnetID.hash_tree_root                          random           x5000000  bend          7.0 ns  ref      206.0 ns       0.0x
SubnetID.deserialize                             saturated        x5000000  bend         17.6 ns  ref       35.6 ns       0.5x
SubnetID.serialize                               saturated        x5000000  bend          9.2 ns  ref       12.5 ns       0.7x
SubnetID.hash_tree_root                          saturated        x5000000  bend          7.6 ns  ref      205.8 ns       0.0x
SyncAggregate.deserialize                        small-fixture    x2359296  bend        107.2 ns  ref       47.7 ns       2.2x
SyncAggregate.serialize                          small-fixture    x5000000  bend         50.0 ns  ref       28.9 ns       1.7x
SyncAggregate.hash_tree_root                     small-fixture    x143360   bend       1632.3 ns  ref      471.6 ns       3.5x
SyncAggregate.deserialize                        medium-fixture   x5000000  bend        102.0 ns  ref       46.1 ns       2.2x
SyncAggregate.serialize                          medium-fixture   x4980736  bend         50.2 ns  ref       29.4 ns       1.7x
SyncAggregate.hash_tree_root                     medium-fixture   x143360   bend       1632.3 ns  ref      471.2 ns       3.5x
SyncAggregate.deserialize                        large-fixture    x5000000  bend        102.8 ns  ref       47.3 ns       2.2x
SyncAggregate.serialize                          large-fixture    x5000000  bend         50.4 ns  ref       31.5 ns       1.6x
SyncAggregate.hash_tree_root                     large-fixture    x253952   bend       1583.0 ns  ref      455.6 ns       3.5x
SyncAggregatorSelectionData.deserialize          small-fixture    x5000000  bend         16.6 ns  ref       14.5 ns       1.1x
SyncAggregatorSelectionData.serialize            small-fixture    x5000000  bend          8.8 ns  ref       18.9 ns       0.5x
SyncAggregatorSelectionData.hash_tree_root       small-fixture    x1048576  bend        330.0 ns  ref      123.5 ns       2.7x
SyncAggregatorSelectionData.deserialize          medium-fixture   x5000000  bend         16.4 ns  ref       15.1 ns       1.1x
SyncAggregatorSelectionData.serialize            medium-fixture   x5000000  bend          8.8 ns  ref       18.9 ns       0.5x
SyncAggregatorSelectionData.hash_tree_root       medium-fixture   x1048576  bend        327.1 ns  ref      125.3 ns       2.6x
SyncAggregatorSelectionData.deserialize          large-fixture    x5000000  bend         19.6 ns  ref       16.8 ns       1.2x
SyncAggregatorSelectionData.serialize            large-fixture    x5000000  bend         10.0 ns  ref       23.0 ns       0.4x
SyncAggregatorSelectionData.hash_tree_root       large-fixture    x1048576  bend        322.3 ns  ref      121.7 ns       2.6x
SyncCommittee.deserialize                        small-fixture    x110592   bend       2739.8 ns  ref     1582.9 ns       1.7x
SyncCommittee.serialize                          small-fixture    x163840   bend       2679.4 ns  ref     1986.3 ns       1.3x
SyncCommittee.hash_tree_root                     small-fixture    x1280     bend     347656.2 ns  ref    98589.3 ns       3.5x
SyncCommittee.deserialize                        medium-fixture   x110592   bend       2730.8 ns  ref     1693.3 ns       1.6x
SyncCommittee.serialize                          medium-fixture   x90112    bend       2508.0 ns  ref     1994.3 ns       1.3x
SyncCommittee.hash_tree_root                     medium-fixture   x1280     bend     345312.5 ns  ref    98482.3 ns       3.5x
SyncCommittee.deserialize                        large-fixture    x110592   bend       2694.6 ns  ref     1649.4 ns       1.6x
SyncCommittee.serialize                          large-fixture    x180224   bend       2652.3 ns  ref     2069.6 ns       1.3x
SyncCommittee.hash_tree_root                     large-fixture    x1408     bend     367187.5 ns  ref   103484.6 ns       3.5x
SyncCommitteeContribution.deserialize            small-fixture    x4194304  bend        117.3 ns  ref       51.4 ns       2.3x
SyncCommitteeContribution.serialize              small-fixture    x5000000  bend         51.6 ns  ref       33.2 ns       1.6x
SyncCommitteeContribution.hash_tree_root         small-fixture    x139264   bend       2922.5 ns  ref      794.6 ns       3.7x
SyncCommitteeContribution.deserialize            medium-fixture   x4718592  bend        120.6 ns  ref       53.1 ns       2.3x
SyncCommitteeContribution.serialize              medium-fixture   x5000000  bend         52.8 ns  ref       32.5 ns       1.6x
SyncCommitteeContribution.hash_tree_root         medium-fixture   x131072   bend       2937.3 ns  ref      803.3 ns       3.7x
SyncCommitteeContribution.deserialize            large-fixture    x4718592  bend        119.7 ns  ref       52.3 ns       2.3x
SyncCommitteeContribution.serialize              large-fixture    x4980736  bend         53.6 ns  ref       32.5 ns       1.7x
SyncCommitteeContribution.hash_tree_root         large-fixture    x131072   bend       2937.3 ns  ref      794.8 ns       3.7x
SyncCommitteeMessage.deserialize                 small-fixture    x5000000  bend         97.0 ns  ref       26.5 ns       3.7x
SyncCommitteeMessage.serialize                   small-fixture    x5000000  bend         48.6 ns  ref       31.4 ns       1.5x
SyncCommitteeMessage.hash_tree_root              small-fixture    x204800   bend       1948.2 ns  ref      548.3 ns       3.6x
SyncCommitteeMessage.deserialize                 medium-fixture   x4194304  bend         96.3 ns  ref       27.1 ns       3.6x
SyncCommitteeMessage.serialize                   medium-fixture   x5000000  bend         47.2 ns  ref       29.2 ns       1.6x
SyncCommitteeMessage.hash_tree_root              medium-fixture   x204800   bend       1987.3 ns  ref      548.2 ns       3.6x
SyncCommitteeMessage.deserialize                 large-fixture    x5000000  bend         95.2 ns  ref       27.9 ns       3.4x
SyncCommitteeMessage.serialize                   large-fixture    x5000000  bend         50.2 ns  ref       30.7 ns       1.6x
SyncCommitteeMessage.hash_tree_root              large-fixture    x204800   bend       1904.3 ns  ref      545.2 ns       3.5x
Transaction.deserialize                          small            x5000000  bend         35.4 ns  ref       40.9 ns       0.9x
Transaction.serialize                            small            x5000000  bend         16.2 ns  ref       20.6 ns       0.8x
Transaction.hash_tree_root                       small            x40960    bend       8911.1 ns  ref     2439.8 ns       3.7x
Transaction.deserialize                          medium           x409600   bend       1232.9 ns  ref      366.0 ns       3.4x
Transaction.serialize                            medium           x524288   bend        770.6 ns  ref      332.2 ns       2.3x
Transaction.hash_tree_root                       medium           x7936     bend      50529.2 ns  ref    12748.7 ns       4.0x
Transaction.deserialize                          large            x1408     bend     299005.7 ns  ref    52087.9 ns       5.7x
Transaction.serialize                            large            x2560     bend     195312.5 ns  ref    52353.3 ns       3.7x
Transaction.hash_tree_root                       large            x38       bend   10447368.4 ns  ref  2693801.8 ns       3.9x
Validator.deserialize                            small-fixture    x5000000  bend         95.2 ns  ref       46.3 ns       2.1x
Validator.serialize                              small-fixture    x5000000  bend         43.8 ns  ref       30.2 ns       1.4x
Validator.hash_tree_root                         small-fixture    x155648   bend       2589.2 ns  ref      715.5 ns       3.6x
Validator.deserialize                            medium-fixture   x5000000  bend         97.2 ns  ref       46.8 ns       2.1x
Validator.serialize                              medium-fixture   x5000000  bend         44.2 ns  ref       29.7 ns       1.5x
Validator.hash_tree_root                         medium-fixture   x163840   bend       2520.8 ns  ref      702.0 ns       3.6x
Validator.deserialize                            large-fixture    x5000000  bend         94.0 ns  ref       48.2 ns       2.0x
Validator.serialize                              large-fixture    x5000000  bend         44.0 ns  ref       30.1 ns       1.5x
Validator.hash_tree_root                         large-fixture    x155648   bend       2544.2 ns  ref      717.0 ns       3.5x
ValidatorIndex.deserialize                       zero             x5000000  bend         15.0 ns  ref       33.3 ns       0.5x
ValidatorIndex.serialize                         zero             x5000000  bend          8.2 ns  ref       12.8 ns       0.6x
ValidatorIndex.hash_tree_root                    zero             x5000000  bend          7.6 ns  ref      203.5 ns       0.0x
ValidatorIndex.deserialize                       random           x5000000  bend         15.6 ns  ref       35.2 ns       0.4x
ValidatorIndex.serialize                         random           x5000000  bend          8.0 ns  ref       12.3 ns       0.7x
ValidatorIndex.hash_tree_root                    random           x5000000  bend          7.6 ns  ref      199.0 ns       0.0x
ValidatorIndex.deserialize                       saturated        x5000000  bend         15.6 ns  ref       35.8 ns       0.4x
ValidatorIndex.serialize                         saturated        x5000000  bend          8.0 ns  ref       12.2 ns       0.7x
ValidatorIndex.hash_tree_root                    saturated        x5000000  bend          7.4 ns  ref      200.7 ns       0.0x
Version.deserialize                              zero             x5000000  bend          7.4 ns  ref       35.9 ns       0.2x
Version.serialize                                zero             x5000000  bend          7.6 ns  ref       11.9 ns       0.6x
Version.hash_tree_root                           zero             x5000000  bend          7.0 ns  ref      189.4 ns       0.0x
Version.deserialize                              random           x5000000  bend          7.8 ns  ref       37.4 ns       0.2x
Version.serialize                                random           x5000000  bend          7.6 ns  ref       12.1 ns       0.6x
Version.hash_tree_root                           random           x5000000  bend          7.0 ns  ref      195.6 ns       0.0x
Version.deserialize                              saturated        x5000000  bend          7.6 ns  ref       36.0 ns       0.2x
Version.serialize                                saturated        x5000000  bend          7.0 ns  ref       11.3 ns       0.6x
Version.hash_tree_root                           saturated        x5000000  bend          7.0 ns  ref      200.0 ns       0.0x
VersionedHash.deserialize                        zero             x5000000  bend         29.8 ns  ref       40.7 ns       0.7x
VersionedHash.serialize                          zero             x5000000  bend         12.6 ns  ref       19.1 ns       0.7x
VersionedHash.hash_tree_root                     zero             x5000000  bend          7.6 ns  ref      187.6 ns       0.0x
VersionedHash.deserialize                        random           x5000000  bend         31.8 ns  ref       41.3 ns       0.8x
VersionedHash.serialize                          random           x5000000  bend         14.0 ns  ref       19.0 ns       0.7x
VersionedHash.hash_tree_root                     random           x5000000  bend          7.8 ns  ref      187.7 ns       0.0x
VersionedHash.deserialize                        saturated        x5000000  bend         30.2 ns  ref       40.2 ns       0.8x
VersionedHash.serialize                          saturated        x5000000  bend         14.0 ns  ref       19.1 ns       0.7x
VersionedHash.hash_tree_root                     saturated        x5000000  bend          8.0 ns  ref      185.8 ns       0.0x
VoluntaryExit.deserialize                        small-fixture    x5000000  bend         21.8 ns  ref       15.9 ns       1.4x
VoluntaryExit.serialize                          small-fixture    x5000000  bend         10.4 ns  ref       18.4 ns       0.6x
VoluntaryExit.hash_tree_root                     small-fixture    x1048576  bend        330.0 ns  ref      123.1 ns       2.7x
VoluntaryExit.deserialize                        medium-fixture   x5000000  bend         19.2 ns  ref       14.9 ns       1.3x
VoluntaryExit.serialize                          medium-fixture   x5000000  bend         10.4 ns  ref       19.0 ns       0.5x
VoluntaryExit.hash_tree_root                     medium-fixture   x1048576  bend        329.0 ns  ref      122.0 ns       2.7x
VoluntaryExit.deserialize                        large-fixture    x5000000  bend         20.0 ns  ref       15.0 ns       1.3x
VoluntaryExit.serialize                          large-fixture    x5000000  bend         10.4 ns  ref       19.0 ns       0.5x
VoluntaryExit.hash_tree_root                     large-fixture    x1048576  bend        330.9 ns  ref      122.5 ns       2.7x
Withdrawal.deserialize                           small-fixture    x5000000  bend         40.4 ns  ref       16.8 ns       2.4x
Withdrawal.serialize                             small-fixture    x5000000  bend         16.6 ns  ref       23.0 ns       0.7x
Withdrawal.hash_tree_root                        small-fixture    x409600   bend        966.8 ns  ref      292.3 ns       3.3x
Withdrawal.deserialize                           medium-fixture   x5000000  bend         40.6 ns  ref       16.7 ns       2.4x
Withdrawal.serialize                             medium-fixture   x5000000  bend         18.2 ns  ref       22.5 ns       0.8x
Withdrawal.hash_tree_root                        medium-fixture   x409600   bend        981.4 ns  ref      297.0 ns       3.3x
Withdrawal.deserialize                           large-fixture    x5000000  bend         40.2 ns  ref       16.7 ns       2.4x
Withdrawal.serialize                             large-fixture    x5000000  bend         18.0 ns  ref       22.9 ns       0.8x
Withdrawal.hash_tree_root                        large-fixture    x204800   bend       1005.9 ns  ref      298.7 ns       3.4x
WithdrawalIndex.deserialize                      zero             x5000000  bend         17.8 ns  ref       32.3 ns       0.6x
WithdrawalIndex.serialize                        zero             x5000000  bend          9.4 ns  ref       12.4 ns       0.8x
WithdrawalIndex.hash_tree_root                   zero             x5000000  bend          8.4 ns  ref      223.3 ns       0.0x
WithdrawalIndex.deserialize                      random           x5000000  bend         19.4 ns  ref       35.4 ns       0.5x
WithdrawalIndex.serialize                        random           x5000000  bend          9.4 ns  ref       12.4 ns       0.8x
WithdrawalIndex.hash_tree_root                   random           x5000000  bend          7.4 ns  ref      201.6 ns       0.0x
WithdrawalIndex.deserialize                      saturated        x5000000  bend         20.6 ns  ref       34.5 ns       0.6x
WithdrawalIndex.serialize                        saturated        x5000000  bend          9.4 ns  ref       12.3 ns       0.8x
WithdrawalIndex.hash_tree_root                   saturated        x5000000  bend          7.8 ns  ref      204.3 ns       0.0x
WithdrawalRequest.deserialize                    small-fixture    x5000000  bend         50.8 ns  ref       20.5 ns       2.5x
WithdrawalRequest.serialize                      small-fixture    x5000000  bend         26.2 ns  ref       23.7 ns       1.1x
WithdrawalRequest.hash_tree_root                 small-fixture    x167936   bend       1298.1 ns  ref      387.4 ns       3.4x
WithdrawalRequest.deserialize                    medium-fixture   x5000000  bend         48.8 ns  ref       20.2 ns       2.4x
WithdrawalRequest.serialize                      medium-fixture   x5000000  bend         27.2 ns  ref       24.9 ns       1.1x
WithdrawalRequest.hash_tree_root                 medium-fixture   x286720   bend       1269.5 ns  ref      386.6 ns       3.3x
WithdrawalRequest.deserialize                    large-fixture    x5000000  bend         46.8 ns  ref       20.8 ns       2.2x
WithdrawalRequest.serialize                      large-fixture    x5000000  bend         26.4 ns  ref       24.8 ns       1.1x
WithdrawalRequest.hash_tree_root                 large-fixture    x167936   bend       1292.2 ns  ref      387.6 ns       3.3x
boolean.deserialize                              false            x5000000  bend          7.6 ns  ref       31.0 ns       0.2x
boolean.serialize                                false            x5000000  bend          6.4 ns  ref       10.9 ns       0.6x
boolean.hash_tree_root                           false            x5000000  bend          7.4 ns  ref      201.1 ns       0.0x
boolean.deserialize                              true             x5000000  bend          8.2 ns  ref       34.8 ns       0.2x
boolean.serialize                                true             x5000000  bend          6.6 ns  ref       10.8 ns       0.6x
boolean.hash_tree_root                           true             x5000000  bend          7.4 ns  ref      205.2 ns       0.0x
uint256.deserialize                              zero             x5000000  bend         24.4 ns  ref       40.2 ns       0.6x
uint256.serialize                                zero             x5000000  bend         11.0 ns  ref       19.2 ns       0.6x
uint256.hash_tree_root                           zero             x5000000  bend          8.0 ns  ref      184.4 ns       0.0x
uint256.deserialize                              random           x5000000  bend         27.2 ns  ref       40.6 ns       0.7x
uint256.serialize                                random           x5000000  bend         10.8 ns  ref       18.7 ns       0.6x
uint256.hash_tree_root                           random           x5000000  bend          8.0 ns  ref      184.2 ns       0.0x
uint256.deserialize                              saturated        x5000000  bend         26.2 ns  ref       41.1 ns       0.6x
uint256.serialize                                saturated        x5000000  bend         10.6 ns  ref       18.8 ns       0.6x
uint256.hash_tree_root                           saturated        x5000000  bend          7.2 ns  ref      187.8 ns       0.0x
uint32.deserialize                               zero             x5000000  bend          6.8 ns  ref       36.5 ns       0.2x
uint32.serialize                                 zero             x5000000  bend          6.6 ns  ref       11.6 ns       0.6x
uint32.hash_tree_root                            zero             x5000000  bend          7.0 ns  ref      197.7 ns       0.0x
uint32.deserialize                               random           x5000000  bend          7.2 ns  ref       36.7 ns       0.2x
uint32.serialize                                 random           x5000000  bend          6.8 ns  ref       11.6 ns       0.6x
uint32.hash_tree_root                            random           x5000000  bend          7.4 ns  ref      194.6 ns       0.0x
uint32.deserialize                               saturated        x5000000  bend          7.6 ns  ref       36.1 ns       0.2x
uint32.serialize                                 saturated        x5000000  bend          7.2 ns  ref       12.2 ns       0.6x
uint32.hash_tree_root                            saturated        x5000000  bend          7.0 ns  ref      197.1 ns       0.0x
uint64.deserialize                               zero             x5000000  bend         15.0 ns  ref       35.7 ns       0.4x
uint64.serialize                                 zero             x5000000  bend          7.8 ns  ref       12.1 ns       0.6x
uint64.hash_tree_root                            zero             x5000000  bend          7.6 ns  ref      197.2 ns       0.0x
uint64.deserialize                               random           x5000000  bend         15.4 ns  ref       38.7 ns       0.4x
uint64.serialize                                 random           x5000000  bend          8.6 ns  ref       14.0 ns       0.6x
uint64.hash_tree_root                            random           x5000000  bend          8.4 ns  ref      228.6 ns       0.0x
uint64.deserialize                               saturated        x5000000  bend         15.4 ns  ref       36.1 ns       0.4x
uint64.serialize                                 saturated        x5000000  bend          7.6 ns  ref       11.7 ns       0.6x
uint64.hash_tree_root                            saturated        x5000000  bend          7.0 ns  ref      197.3 ns       0.0x
uint8.deserialize                                zero             x5000000  bend          8.0 ns  ref       33.5 ns       0.2x
uint8.serialize                                  zero             x5000000  bend          7.2 ns  ref       11.3 ns       0.6x
uint8.hash_tree_root                             zero             x5000000  bend          7.0 ns  ref      198.8 ns       0.0x
uint8.deserialize                                random           x5000000  bend          8.0 ns  ref       34.6 ns       0.2x
uint8.serialize                                  random           x5000000  bend          6.6 ns  ref       10.8 ns       0.6x
uint8.hash_tree_root                             random           x5000000  bend          7.6 ns  ref      197.1 ns       0.0x
uint8.deserialize                                saturated        x5000000  bend          8.0 ns  ref       33.5 ns       0.2x
uint8.serialize                                  saturated        x5000000  bend          6.6 ns  ref       10.9 ns       0.6x
uint8.hash_tree_root                             saturated        x5000000  bend          6.8 ns  ref      197.8 ns       0.0x
978 workloads, 327 of 327 required operations covered
PERFORMANCE GATE: ('BeaconBlock.serialize', 'small-fixture'): 6.8622x exceeds 5x
