2026-09-23 00:08:51 proofs/obj/spec_small.bend exit=0 peak=1.88GB elapsed=70.0s all_terms_check=True unsafe=False killed=False heap_hint=3000000000 -> PASS
2026-09-23 00:17:20 proofs/obj/spec_unique_small.bend exit=0 peak=4.79GB elapsed=509.4s all_terms_check=True unsafe=False killed=False heap_hint=3000000000 -> PASS
2026-09-23 01:32:28 proofs/obj/cache.bend exit=0 peak=1.14GB elapsed=1.8s all_terms_check=True unsafe=False killed=False heap_hint=3000000000 -> PASS
2026-09-23 01:32:30 proofs/obj/codec_0.bend exit=0 peak=1.20GB elapsed=1.8s all_terms_check=True unsafe=False killed=False heap_hint=3000000000 -> PASS
2026-09-23 01:32:33 proofs/obj/codec_1.bend exit=0 peak=1.17GB elapsed=2.3s all_terms_check=True unsafe=False killed=False heap_hint=3000000000 -> PASS
2026-09-23 01:32:35 proofs/obj/codec_2.bend exit=0 peak=1.15GB elapsed=2.4s all_terms_check=True unsafe=False killed=False heap_hint=3000000000 -> PASS
2026-09-23 01:32:39 proofs/obj/codec_3.bend exit=0 peak=1.16GB elapsed=3.7s all_terms_check=True unsafe=False killed=False heap_hint=3000000000 -> PASS
2026-09-23 01:32:42 proofs/obj/codec_4.bend exit=0 peak=1.19GB elapsed=2.7s all_terms_check=True unsafe=False killed=False heap_hint=3000000000 -> PASS
2026-09-23 01:32:43 proofs/obj/codec_5.bend exit=0 peak=1.18GB elapsed=1.6s all_terms_check=True unsafe=False killed=False heap_hint=3000000000 -> PASS
2026-09-23 01:32:45 proofs/obj/collections_0.bend exit=0 peak=1.04GB elapsed=1.2s all_terms_check=True unsafe=False killed=False heap_hint=3000000000 -> PASS
2026-09-23 01:32:46 proofs/obj/collections_1.bend exit=0 peak=1.19GB elapsed=1.2s all_terms_check=True unsafe=False killed=False heap_hint=3000000000 -> PASS
2026-09-23 01:32:47 proofs/obj/cost.bend exit=0 peak=0.16GB elapsed=0.8s all_terms_check=True unsafe=False killed=False heap_hint=3000000000 -> PASS
2026-09-23 01:32:48 proofs/obj/fields_0.bend exit=0 peak=1.07GB elapsed=1.0s all_terms_check=True unsafe=False killed=False heap_hint=3000000000 -> PASS
2026-09-23 01:32:49 proofs/obj/fields_1.bend exit=0 peak=1.06GB elapsed=1.0s all_terms_check=True unsafe=False killed=False heap_hint=3000000000 -> PASS
2026-09-23 01:32:50 proofs/obj/fields_2.bend exit=0 peak=1.08GB elapsed=1.1s all_terms_check=True unsafe=False killed=False heap_hint=3000000000 -> PASS
2026-09-23 01:32:51 proofs/obj/fields_3.bend exit=0 peak=1.05GB elapsed=1.0s all_terms_check=True unsafe=False killed=False heap_hint=3000000000 -> PASS
2026-09-23 01:32:52 proofs/obj/fields_4.bend exit=0 peak=1.08GB elapsed=1.1s all_terms_check=True unsafe=False killed=False heap_hint=3000000000 -> PASS
2026-09-23 01:32:53 proofs/obj/fields_5.bend exit=0 peak=1.09GB elapsed=1.0s all_terms_check=True unsafe=False killed=False heap_hint=3000000000 -> PASS
2026-09-23 01:32:55 proofs/obj/fields_6.bend exit=0 peak=1.11GB elapsed=1.2s all_terms_check=True unsafe=False killed=False heap_hint=3000000000 -> PASS
2026-09-23 01:32:56 proofs/obj/gcodec_0.bend exit=0 peak=1.19GB elapsed=1.4s all_terms_check=True unsafe=False killed=False heap_hint=3000000000 -> PASS
2026-09-23 01:32:58 proofs/obj/seq_elem.bend exit=0 peak=1.16GB elapsed=1.9s all_terms_check=True unsafe=False killed=False heap_hint=3000000000 -> PASS
2026-09-23 01:32:58 proofs/obj/sha_bridge.bend exit=0 peak=0.12GB elapsed=0.2s all_terms_check=True unsafe=False killed=False heap_hint=3000000000 -> PASS
2026-09-23 01:33:00 proofs/obj/spec_bits.bend exit=0 peak=0.40GB elapsed=1.6s all_terms_check=True unsafe=False killed=False heap_hint=3000000000 -> PASS
2026-09-23 01:33:06 proofs/obj/spec_codec_0.bend exit=0 peak=1.32GB elapsed=6.2s all_terms_check=True unsafe=False killed=False heap_hint=3000000000 -> PASS
2026-09-23 01:33:14 proofs/obj/spec_codec_1.bend exit=0 peak=1.58GB elapsed=8.0s all_terms_check=True unsafe=False killed=False heap_hint=3000000000 -> PASS
2026-09-23 01:33:49 proofs/obj/spec_codec_2.bend exit=0 peak=2.17GB elapsed=34.5s all_terms_check=True unsafe=False killed=False heap_hint=3000000000 -> PASS
2026-09-23 01:34:28 proofs/obj/spec_codec_3.bend exit=0 peak=2.28GB elapsed=39.3s all_terms_check=True unsafe=False killed=False heap_hint=3000000000 -> PASS
2026-09-23 01:34:48 proofs/obj/spec_codec_4.bend exit=0 peak=1.84GB elapsed=20.0s all_terms_check=True unsafe=False killed=False heap_hint=3000000000 -> PASS
2026-09-23 01:35:00 proofs/obj/spec_codec_5.bend exit=0 peak=1.49GB elapsed=12.0s all_terms_check=True unsafe=False killed=False heap_hint=3000000000 -> PASS
2026-09-23 01:35:01 proofs/obj/spec_fixed.bend exit=0 peak=0.41GB elapsed=1.0s all_terms_check=True unsafe=False killed=False heap_hint=3000000000 -> PASS
2026-09-23 01:36:14 proofs/obj/spec_small.bend exit=0 peak=1.87GB elapsed=72.0s all_terms_check=True unsafe=False killed=False heap_hint=3000000000 -> PASS
2026-09-23 01:50:38 proofs/obj/spec_unique_0.bend exit=0 peak=4.88GB elapsed=864.2s all_terms_check=True unsafe=False killed=False heap_hint=3000000000 -> PASS
2026-09-23 02:03:37 proofs/obj/spec_unique_1.bend exit=0 peak=4.78GB elapsed=778.7s all_terms_check=True unsafe=False killed=False heap_hint=3000000000 -> PASS
2026-09-23 02:12:35 proofs/obj/spec_unique_small.bend exit=0 peak=4.77GB elapsed=537.8s all_terms_check=True unsafe=False killed=False heap_hint=3000000000 -> PASS
2026-09-23 02:12:35 proofs/compact/arith.bend exit=0 peak=0.15GB elapsed=0.8s all_terms_check=True unsafe=False killed=False heap_hint=3000000000 -> PASS
2026-09-23 02:12:36 proofs/compact/bits.bend exit=0 peak=0.40GB elapsed=0.8s all_terms_check=True unsafe=False killed=False heap_hint=3000000000 -> PASS
2026-09-23 02:12:38 proofs/compact/buf.bend exit=0 peak=0.43GB elapsed=1.5s all_terms_check=True unsafe=False killed=False heap_hint=3000000000 -> PASS
2026-09-23 02:12:39 proofs/compact/found.bend exit=0 peak=0.16GB elapsed=0.8s all_terms_check=True unsafe=False killed=False heap_hint=3000000000 -> PASS
2026-09-23 02:12:40 proofs/compact/reads.bend exit=0 peak=0.38GB elapsed=1.0s all_terms_check=True unsafe=False killed=False heap_hint=3000000000 -> PASS
2026-09-23 02:12:48 HASH_PROOF.bend exit=0 peak=1.17GB elapsed=8.7s all_terms_check=True unsafe=False killed=False heap_hint=3000000000 -> PASS
2026-09-23 02:14:06 END_TO_END.bend exit=0 peak=3.81GB elapsed=77.3s all_terms_check=True unsafe=False killed=False heap_hint=3000000000 -> PASS
2026-09-23 02:15:19 ROOT_DOMAIN.bend exit=0 peak=3.78GB elapsed=72.7s all_terms_check=True unsafe=False killed=False heap_hint=3000000000 -> PASS
2026-09-23 02:16:46 PROOF.bend exit=0 peak=3.56GB elapsed=87.4s all_terms_check=True unsafe=False killed=False heap_hint=3000000000 -> PASS
2026-09-23 02:19:36 proofs/obj/zz_probe.bend exit=0 peak=0.12GB elapsed=0.3s all_terms_check=True unsafe=False killed=False heap_hint=3000000000 -> PASS
2026-09-23 02:19:42 proofs/obj/zz_probe.bend exit=0 peak=0.12GB elapsed=2.5s all_terms_check=True unsafe=False killed=False heap_hint=3000000000 -> PASS
2026-09-23 02:20:55 proofs/obj/zz_probe.bend exit=0 peak=0.16GB elapsed=71.2s all_terms_check=True unsafe=False killed=False heap_hint=3000000000 -> PASS
2026-09-23 02:27:28 proofs/obj/repr.bend exit=1 peak=0.08GB elapsed=0.1s all_terms_check=False unsafe=False killed=False heap_hint=3000000000 -> FAIL
2026-09-23 02:27:35 proofs/obj/repr.bend exit=1 peak=0.16GB elapsed=0.8s all_terms_check=False unsafe=False killed=False heap_hint=3000000000 -> FAIL
2026-09-23 02:27:49 proofs/obj/repr.bend exit=0 peak=0.15GB elapsed=0.7s all_terms_check=True unsafe=False killed=False heap_hint=3000000000 -> PASS
2026-09-23 02:28:47 proofs/obj/zz_probe.bend exit=0 peak=2.26GB elapsed=40.6s all_terms_check=True unsafe=False killed=False heap_hint=3000000000 -> PASS
2026-09-23 02:30:35 proofs/obj/spec_repr_small.bend exit=0 peak=1.82GB elapsed=71.8s all_terms_check=True unsafe=False killed=False heap_hint=3000000000 -> PASS
2026-09-23 02:30:49 proofs/obj/spec_repr_0.bend exit=0 peak=1.42GB elapsed=7.2s all_terms_check=True unsafe=False killed=False heap_hint=3000000000 -> PASS
2026-09-23 02:30:59 proofs/obj/spec_repr_1.bend exit=0 peak=1.44GB elapsed=9.9s all_terms_check=True unsafe=False killed=False heap_hint=3000000000 -> PASS
2026-09-23 02:31:39 proofs/obj/spec_repr_2.bend exit=0 peak=2.18GB elapsed=40.0s all_terms_check=True unsafe=False killed=False heap_hint=3000000000 -> PASS
2026-09-23 02:32:27 proofs/obj/spec_repr_3.bend exit=0 peak=2.47GB elapsed=47.5s all_terms_check=True unsafe=False killed=False heap_hint=3000000000 -> PASS
2026-09-23 02:32:50 proofs/obj/spec_repr_4.bend exit=0 peak=1.77GB elapsed=22.5s all_terms_check=True unsafe=False killed=False heap_hint=3000000000 -> PASS
2026-09-23 02:33:02 proofs/obj/spec_repr_5.bend exit=0 peak=1.44GB elapsed=12.8s all_terms_check=True unsafe=False killed=False heap_hint=3000000000 -> PASS
2026-09-23 02:33:12 proofs/obj/zz_probe.bend exit=1 peak=0.26GB elapsed=0.3s all_terms_check=False unsafe=False killed=False heap_hint=3000000000 -> FAIL
2026-09-23 02:37:31 proofs/obj/load.bend exit=0 peak=9.11GB elapsed=216.2s all_terms_check=True unsafe=False killed=False heap_hint=3000000000 -> PASS
2026-09-23 02:37:59 proofs/obj/load.bend exit=1 peak=0.42GB elapsed=2.0s all_terms_check=False unsafe=False killed=False heap_hint=3000000000 -> FAIL
2026-09-23 02:38:09 proofs/obj/load.bend exit=0 peak=0.67GB elapsed=4.1s all_terms_check=True unsafe=False killed=False heap_hint=3000000000 -> PASS
2026-09-23 02:38:23 proofs/obj/spec_input_0.bend exit=0 peak=1.61GB elapsed=9.3s all_terms_check=True unsafe=False killed=False heap_hint=3000000000 -> PASS
2026-09-23 02:38:36 proofs/obj/spec_input_1.bend exit=0 peak=1.73GB elapsed=12.9s all_terms_check=True unsafe=False killed=False heap_hint=3000000000 -> PASS
2026-09-23 02:39:20 proofs/obj/spec_input_2.bend exit=0 peak=2.51GB elapsed=44.3s all_terms_check=True unsafe=False killed=False heap_hint=3000000000 -> PASS
2026-09-23 02:40:12 proofs/obj/spec_input_3.bend exit=0 peak=2.50GB elapsed=52.4s all_terms_check=True unsafe=False killed=False heap_hint=3000000000 -> PASS
2026-09-23 02:40:38 proofs/obj/spec_input_4.bend exit=0 peak=2.27GB elapsed=25.4s all_terms_check=True unsafe=False killed=False heap_hint=3000000000 -> PASS
2026-09-23 02:40:53 proofs/obj/spec_input_5.bend exit=0 peak=1.59GB elapsed=14.8s all_terms_check=True unsafe=False killed=False heap_hint=3000000000 -> PASS
2026-09-23 04:05:51 proofs/obj/serialize_0.bend exit=0 peak=1.42GB elapsed=1.5s all_terms_check=True unsafe=False killed=False heap_hint=3000000000 -> PASS
2026-09-23 04:05:58 proofs/obj/serialize_1.bend exit=0 peak=1.42GB elapsed=1.5s all_terms_check=True unsafe=False killed=False heap_hint=3000000000 -> PASS
2026-09-23 04:05:59 proofs/obj/serialize_2.bend exit=0 peak=1.36GB elapsed=1.2s all_terms_check=True unsafe=False killed=False heap_hint=3000000000 -> PASS
2026-09-23 04:07:30 proofs/obj/zz_probe.bend exit=-9 peak=0.57GB elapsed=0.7s all_terms_check=False unsafe=False killed=False heap_hint=3000000000 -> FAIL
2026-09-23 04:25:53 proofs/obj/zz_probe.bend exit=0 peak=1.70GB elapsed=2.5s all_terms_check=True unsafe=False killed=False heap_hint=3000000000 -> PASS
2026-09-23 04:27:29 proofs/obj/spec_codec_1.bend exit=0 peak=2.09GB elapsed=13.0s all_terms_check=True unsafe=False killed=False heap_hint=3000000000 -> PASS
2026-09-23 04:28:24 proofs/obj/spec_codec_4.bend exit=0 peak=2.81GB elapsed=50.4s all_terms_check=True unsafe=False killed=False heap_hint=3000000000 -> PASS
2026-09-23 04:29:19 proofs/obj/spec_codec_6.bend exit=0 peak=2.90GB elapsed=54.6s all_terms_check=True unsafe=False killed=False heap_hint=3000000000 -> PASS
2026-09-23 04:29:30 proofs/obj/spec_fixed.bend exit=0 peak=0.45GB elapsed=1.1s all_terms_check=True unsafe=False killed=False heap_hint=3000000000 -> PASS
2026-09-23 04:29:32 proofs/obj/spec_bits.bend exit=0 peak=0.41GB elapsed=1.5s all_terms_check=True unsafe=False killed=False heap_hint=3000000000 -> PASS
2026-09-23 04:29:33 proofs/obj/repr.bend exit=0 peak=0.16GB elapsed=0.8s all_terms_check=True unsafe=False killed=False heap_hint=3000000000 -> PASS
2026-09-23 04:29:42 proofs/obj/load.bend exit=0 peak=0.91GB elapsed=9.6s all_terms_check=True unsafe=False killed=False heap_hint=3000000000 -> PASS
2026-09-23 05:48:10 proofs/active_slot_bound.bend exit=0 peak=1.43GB elapsed=8.9s all_terms_check=True unsafe=False killed=False heap_hint=3000000000 -> PASS
2026-09-23 05:48:10 proofs/basic_root.bend exit=0 peak=0.09GB elapsed=0.1s all_terms_check=True unsafe=False killed=False heap_hint=3000000000 -> PASS
2026-09-23 05:48:19 proofs/bit_chunk_count.bend exit=0 peak=1.09GB elapsed=9.0s all_terms_check=True unsafe=False killed=False heap_hint=3000000000 -> PASS
2026-09-23 05:48:33 proofs/bit_decode.bend exit=0 peak=0.20GB elapsed=13.9s all_terms_check=True unsafe=False killed=False heap_hint=3000000000 -> PASS
2026-09-23 05:48:48 proofs/bit_decoding.bend exit=0 peak=0.17GB elapsed=14.5s all_terms_check=True unsafe=False killed=False heap_hint=3000000000 -> PASS
2026-09-23 05:48:59 proofs/bit_delimiter.bend exit=0 peak=1.07GB elapsed=10.9s all_terms_check=True unsafe=False killed=False heap_hint=3000000000 -> PASS
2026-09-23 05:49:00 proofs/bit_inverse.bend exit=0 peak=0.17GB elapsed=1.2s all_terms_check=True unsafe=False killed=False heap_hint=3000000000 -> PASS
2026-09-23 05:49:22 proofs/bit_list_canonical.bend exit=0 peak=1.16GB elapsed=22.0s all_terms_check=True unsafe=False killed=False heap_hint=3000000000 -> PASS
2026-09-23 05:49:45 proofs/bit_list_codec.bend exit=0 peak=1.15GB elapsed=22.9s all_terms_check=True unsafe=False killed=False heap_hint=3000000000 -> PASS
2026-09-23 05:49:47 proofs/bit_list_inverse.bend exit=0 peak=0.18GB elapsed=1.3s all_terms_check=True unsafe=False killed=False heap_hint=3000000000 -> PASS
2026-09-23 05:50:12 proofs/bit_list_root.bend exit=0 peak=1.33GB elapsed=24.9s all_terms_check=True unsafe=False killed=False heap_hint=3000000000 -> PASS
2026-09-23 05:50:12 proofs/bit_packing.bend exit=0 peak=0.15GB elapsed=0.5s all_terms_check=True unsafe=False killed=False heap_hint=3000000000 -> PASS
2026-09-23 05:50:22 proofs/bit_padding.bend exit=0 peak=1.12GB elapsed=9.7s all_terms_check=True unsafe=False killed=False heap_hint=3000000000 -> PASS
2026-09-23 05:50:31 proofs/bit_padding_pack.bend exit=0 peak=1.08GB elapsed=9.4s all_terms_check=True unsafe=False killed=False heap_hint=3000000000 -> PASS
2026-09-23 05:50:55 proofs/bit_root.bend exit=0 peak=1.30GB elapsed=24.0s all_terms_check=True unsafe=False killed=False heap_hint=3000000000 -> PASS
2026-09-23 05:50:56 proofs/bit_take_unique.bend exit=0 peak=0.08GB elapsed=0.1s all_terms_check=True unsafe=False killed=False heap_hint=3000000000 -> PASS
2026-09-23 05:51:12 proofs/bit_vector_canonical.bend exit=0 peak=0.20GB elapsed=16.3s all_terms_check=True unsafe=False killed=False heap_hint=3000000000 -> PASS
2026-09-23 05:51:29 proofs/bit_vector_inverse.bend exit=0 peak=0.18GB elapsed=16.6s all_terms_check=True unsafe=False killed=False heap_hint=3000000000 -> PASS
2026-09-23 05:51:29 proofs/bitfields.bend exit=0 peak=0.17GB elapsed=0.7s all_terms_check=True unsafe=False killed=False heap_hint=3000000000 -> PASS
2026-09-23 05:51:29 proofs/boolean_canonical.bend exit=0 peak=0.06GB elapsed=0.1s all_terms_check=True unsafe=False killed=False heap_hint=3000000000 -> PASS
2026-09-23 05:51:30 proofs/byte_arithmetic.bend exit=0 peak=0.14GB elapsed=0.2s all_terms_check=True unsafe=False killed=False heap_hint=3000000000 -> PASS
2026-09-23 05:51:56 proofs/byte_list.bend exit=0 peak=1.35GB elapsed=25.9s all_terms_check=True unsafe=False killed=False heap_hint=3000000000 -> PASS
2026-09-23 05:52:07 proofs/byte_root.bend exit=0 peak=1.16GB elapsed=11.0s all_terms_check=True unsafe=False killed=False heap_hint=3000000000 -> PASS
2026-09-23 05:52:07 proofs/bytes.bend exit=0 peak=0.12GB elapsed=0.2s all_terms_check=True unsafe=False killed=False heap_hint=3000000000 -> PASS
2026-09-23 05:52:17 proofs/cached_tree.bend exit=0 peak=1.10GB elapsed=10.2s all_terms_check=True unsafe=False killed=False heap_hint=3000000000 -> PASS
2026-09-23 05:52:27 proofs/codec_accumulator.bend exit=0 peak=1.27GB elapsed=9.6s all_terms_check=True unsafe=False killed=False heap_hint=3000000000 -> PASS
2026-09-23 05:52:56 proofs/codec_composition.bend exit=0 peak=1.56GB elapsed=28.9s all_terms_check=True unsafe=False killed=False heap_hint=3000000000 -> PASS
2026-09-23 05:53:05 proofs/codec_count.bend exit=0 peak=1.26GB elapsed=9.4s all_terms_check=True unsafe=False killed=False heap_hint=3000000000 -> PASS
2026-09-23 05:53:30 proofs/codec_helpers.bend exit=0 peak=1.36GB elapsed=24.3s all_terms_check=True unsafe=False killed=False heap_hint=3000000000 -> PASS
2026-09-23 05:53:30 proofs/codec_inverse.bend exit=0 peak=0.17GB elapsed=0.5s all_terms_check=True unsafe=False killed=False heap_hint=3000000000 -> PASS
2026-09-23 05:53:54 proofs/codec_leaves.bend exit=0 peak=1.38GB elapsed=23.1s all_terms_check=True unsafe=False killed=False heap_hint=3000000000 -> PASS
2026-09-23 05:53:54 proofs/codec_shape.bend exit=0 peak=0.12GB elapsed=0.2s all_terms_check=True unsafe=False killed=False heap_hint=3000000000 -> PASS
2026-09-23 05:53:55 proofs/compact/arith.bend exit=0 peak=0.15GB elapsed=0.9s all_terms_check=True unsafe=False killed=False heap_hint=3000000000 -> PASS
2026-09-23 05:53:56 proofs/compact/bits.bend exit=0 peak=0.39GB elapsed=1.0s all_terms_check=True unsafe=False killed=False heap_hint=3000000000 -> PASS
2026-09-23 05:53:58 proofs/compact/buf.bend exit=0 peak=0.41GB elapsed=1.7s all_terms_check=True unsafe=False killed=False heap_hint=3000000000 -> PASS
2026-09-23 05:53:59 proofs/compact/found.bend exit=0 peak=0.17GB elapsed=0.9s all_terms_check=True unsafe=False killed=False heap_hint=3000000000 -> PASS
2026-09-23 05:54:00 proofs/compact/reads.bend exit=0 peak=0.37GB elapsed=1.1s all_terms_check=True unsafe=False killed=False heap_hint=3000000000 -> PASS
2026-09-23 05:54:00 proofs/compatibility_bounded.bend exit=0 peak=0.35GB elapsed=0.5s all_terms_check=True unsafe=False killed=False heap_hint=3000000000 -> PASS
2026-09-23 05:54:01 proofs/compatibility_choice.bend exit=0 peak=0.11GB elapsed=0.2s all_terms_check=True unsafe=False killed=False heap_hint=3000000000 -> PASS
2026-09-23 05:54:26 proofs/compatibility_complete.bend exit=0 peak=2.30GB elapsed=25.5s all_terms_check=True unsafe=False killed=False heap_hint=3000000000 -> PASS
2026-09-23 05:54:26 proofs/compatibility_derivation.bend exit=0 peak=0.12GB elapsed=0.2s all_terms_check=True unsafe=False killed=False heap_hint=3000000000 -> PASS
2026-09-23 05:54:27 proofs/compatibility_equations.bend exit=0 peak=0.45GB elapsed=0.7s all_terms_check=True unsafe=False killed=False heap_hint=3000000000 -> PASS
2026-09-23 05:55:10 proofs/compatibility_equivalence.bend exit=0 peak=3.03GB elapsed=42.4s all_terms_check=True unsafe=False killed=False heap_hint=3000000000 -> PASS
2026-09-23 05:55:41 proofs/compatibility_finite.bend exit=0 peak=2.15GB elapsed=31.1s all_terms_check=True unsafe=False killed=False heap_hint=3000000000 -> PASS
2026-09-23 05:56:08 proofs/compatibility_finite_identity.bend exit=0 peak=2.26GB elapsed=27.0s all_terms_check=True unsafe=False killed=False heap_hint=3000000000 -> PASS
2026-09-23 05:56:18 proofs/compatibility_identity.bend exit=0 peak=1.46GB elapsed=9.5s all_terms_check=True unsafe=False killed=False heap_hint=3000000000 -> PASS
2026-09-23 05:56:28 proofs/compatibility_measure.bend exit=0 peak=1.31GB elapsed=10.2s all_terms_check=True unsafe=False killed=False heap_hint=3000000000 -> PASS
2026-09-23 05:56:31 proofs/compatibility_monotone.bend exit=0 peak=0.90GB elapsed=2.8s all_terms_check=True unsafe=False killed=False heap_hint=3000000000 -> PASS
2026-09-23 05:56:34 proofs/compatibility_named.bend exit=0 peak=0.93GB elapsed=2.8s all_terms_check=True unsafe=False killed=False heap_hint=3000000000 -> PASS
2026-09-23 05:56:34 proofs/compatibility_positions.bend exit=0 peak=0.35GB elapsed=0.6s all_terms_check=True unsafe=False killed=False heap_hint=3000000000 -> PASS
2026-09-23 05:57:29 proofs/compatibility_public_budget.bend exit=0 peak=3.09GB elapsed=54.3s all_terms_check=True unsafe=False killed=False heap_hint=3000000000 -> PASS
2026-09-23 05:57:57 proofs/compatibility_rank.bend exit=0 peak=1.45GB elapsed=27.9s all_terms_check=True unsafe=False killed=False heap_hint=3000000000 -> PASS
2026-09-23 05:58:07 proofs/compatibility_slot_shape.bend exit=0 peak=1.28GB elapsed=10.4s all_terms_check=True unsafe=False killed=False heap_hint=3000000000 -> PASS
2026-09-23 05:58:29 proofs/compatibility_soundness.bend exit=0 peak=2.33GB elapsed=21.4s all_terms_check=True unsafe=False killed=False heap_hint=3000000000 -> PASS
2026-09-23 05:59:04 proofs/compatibility_stability.bend exit=0 peak=2.85GB elapsed=35.3s all_terms_check=True unsafe=False killed=False heap_hint=3000000000 -> PASS
2026-09-23 05:59:29 proofs/complete_decode.bend exit=0 peak=1.83GB elapsed=24.9s all_terms_check=True unsafe=False killed=False heap_hint=3000000000 -> PASS
2026-09-23 05:59:54 proofs/complete_leaves.bend exit=0 peak=1.49GB elapsed=24.8s all_terms_check=True unsafe=False killed=False heap_hint=3000000000 -> PASS
2026-09-23 06:00:19 proofs/complete_regions.bend exit=0 peak=1.65GB elapsed=24.5s all_terms_check=True unsafe=False killed=False heap_hint=3000000000 -> PASS
2026-09-23 06:00:43 proofs/complete_step.bend exit=0 peak=1.74GB elapsed=24.6s all_terms_check=True unsafe=False killed=False heap_hint=3000000000 -> PASS
2026-09-23 06:01:08 proofs/complete_walk.bend exit=0 peak=1.83GB elapsed=24.7s all_terms_check=True unsafe=False killed=False heap_hint=3000000000 -> PASS
2026-09-23 06:01:32 proofs/cursor_cases.bend exit=0 peak=1.50GB elapsed=23.8s all_terms_check=True unsafe=False killed=False heap_hint=3000000000 -> PASS
2026-09-23 06:01:56 proofs/cursor_leaves.bend exit=0 peak=1.42GB elapsed=23.9s all_terms_check=True unsafe=False killed=False heap_hint=3000000000 -> PASS
2026-09-23 06:02:22 proofs/cursor_legal.bend exit=0 peak=1.75GB elapsed=25.6s all_terms_check=True unsafe=False killed=False heap_hint=3000000000 -> PASS
2026-09-23 06:02:47 proofs/cursor_sound.bend exit=0 peak=1.56GB elapsed=25.6s all_terms_check=True unsafe=False killed=False heap_hint=3000000000 -> PASS
2026-09-23 06:03:12 proofs/cursor_walk.bend exit=0 peak=1.62GB elapsed=24.4s all_terms_check=True unsafe=False killed=False heap_hint=3000000000 -> PASS
2026-09-23 06:03:21 proofs/cvalue_chain.bend exit=0 peak=1.38GB elapsed=9.2s all_terms_check=True unsafe=False killed=False heap_hint=3000000000 -> PASS
2026-09-23 06:03:21 proofs/decode_budget.bend exit=0 peak=0.00GB elapsed=0.1s all_terms_check=True unsafe=False killed=False heap_hint=3000000000 -> PASS
2026-09-23 06:03:52 proofs/decode_canonical.bend exit=0 peak=2.84GB elapsed=30.7s all_terms_check=True unsafe=False killed=False heap_hint=3000000000 -> PASS
2026-09-23 06:05:12 proofs/decode_complete.bend exit=0 peak=3.65GB elapsed=79.7s all_terms_check=True unsafe=False killed=False heap_hint=3000000000 -> PASS
2026-09-23 06:05:12 proofs/decode_congruence.bend exit=0 peak=0.00GB elapsed=0.1s all_terms_check=True unsafe=False killed=False heap_hint=3000000000 -> PASS
2026-09-23 06:05:12 proofs/decode_count_bound.bend exit=0 peak=0.00GB elapsed=0.1s all_terms_check=True unsafe=False killed=False heap_hint=3000000000 -> PASS
2026-09-23 06:05:36 proofs/decode_facts.bend exit=0 peak=1.45GB elapsed=23.5s all_terms_check=True unsafe=False killed=False heap_hint=3000000000 -> PASS
2026-09-23 06:05:36 proofs/decode_goal.bend exit=0 peak=0.00GB elapsed=0.1s all_terms_check=True unsafe=False killed=False heap_hint=3000000000 -> PASS
2026-09-23 06:06:18 proofs/decode_image.bend exit=0 peak=3.11GB elapsed=42.4s all_terms_check=True unsafe=False killed=False heap_hint=3000000000 -> PASS
2026-09-23 06:06:18 proofs/decode_inputs.bend exit=0 peak=0.00GB elapsed=0.1s all_terms_check=True unsafe=False killed=False heap_hint=3000000000 -> PASS
2026-09-23 06:06:18 proofs/decode_inverse.bend exit=0 peak=0.00GB elapsed=0.1s all_terms_check=True unsafe=False killed=False heap_hint=3000000000 -> PASS
2026-09-23 06:06:19 proofs/decode_layout_bound.bend exit=0 peak=0.00GB elapsed=0.1s all_terms_check=True unsafe=False killed=False heap_hint=3000000000 -> PASS
2026-09-23 06:06:19 proofs/decode_monotone.bend exit=0 peak=0.00GB elapsed=0.1s all_terms_check=True unsafe=False killed=False heap_hint=3000000000 -> PASS
2026-09-23 06:06:41 proofs/decode_rank.bend exit=0 peak=1.36GB elapsed=22.6s all_terms_check=True unsafe=False killed=False heap_hint=3000000000 -> PASS
2026-09-23 06:06:51 proofs/decode_selection_bound.bend exit=0 peak=1.31GB elapsed=9.2s all_terms_check=True unsafe=False killed=False heap_hint=3000000000 -> PASS
2026-09-23 06:07:17 proofs/decode_shape.bend exit=0 peak=1.58GB elapsed=26.0s all_terms_check=True unsafe=False killed=False heap_hint=3000000000 -> PASS
2026-09-23 06:07:48 proofs/decode_soundness.bend exit=0 peak=2.94GB elapsed=30.9s all_terms_check=True unsafe=False killed=False heap_hint=3000000000 -> PASS
2026-09-23 06:07:48 proofs/decode_stability.bend exit=0 peak=0.00GB elapsed=0.1s all_terms_check=True unsafe=False killed=False heap_hint=3000000000 -> PASS
2026-09-23 06:08:19 proofs/decode_top.bend exit=0 peak=2.94GB elapsed=31.2s all_terms_check=True unsafe=False killed=False heap_hint=3000000000 -> PASS
2026-09-23 06:08:43 proofs/division.bend exit=0 peak=1.17GB elapsed=23.4s all_terms_check=True unsafe=False killed=False heap_hint=3000000000 -> PASS
2026-09-23 06:08:43 proofs/encoding_complete.bend exit=0 peak=0.20GB elapsed=0.7s all_terms_check=True unsafe=False killed=False heap_hint=3000000000 -> PASS
2026-09-23 06:09:12 proofs/encoding_domain.bend exit=0 peak=2.35GB elapsed=28.1s all_terms_check=True unsafe=False killed=False heap_hint=3000000000 -> PASS
2026-09-23 06:09:12 proofs/exact_division.bend exit=0 peak=0.12GB elapsed=0.2s all_terms_check=True unsafe=False killed=False heap_hint=3000000000 -> PASS
2026-09-23 06:09:22 proofs/fulu_adapter_complete.bend exit=0 peak=1.29GB elapsed=10.4s all_terms_check=True unsafe=False killed=False heap_hint=3000000000 -> PASS
2026-09-23 06:09:32 proofs/fulu_adapter_inverse.bend exit=0 peak=1.38GB elapsed=9.5s all_terms_check=True unsafe=False killed=False heap_hint=3000000000 -> PASS
2026-09-23 06:09:42 proofs/fulu_adapter_preservation.bend exit=0 peak=1.31GB elapsed=10.1s all_terms_check=True unsafe=False killed=False heap_hint=3000000000 -> PASS
2026-09-23 06:09:52 proofs/fulu_byte_inventory.bend exit=0 peak=1.16GB elapsed=9.8s all_terms_check=True unsafe=False killed=False heap_hint=3000000000 -> PASS
2026-09-23 06:10:02 proofs/fulu_bytes.bend exit=0 peak=1.18GB elapsed=9.9s all_terms_check=True unsafe=False killed=False heap_hint=3000000000 -> PASS
2026-09-23 06:10:12 proofs/fulu_legality.bend exit=0 peak=1.43GB elapsed=10.1s all_terms_check=True unsafe=False killed=False heap_hint=3000000000 -> PASS
2026-09-23 06:10:36 proofs/fulu_list_inventory.bend exit=0 peak=1.31GB elapsed=24.1s all_terms_check=True unsafe=False killed=False heap_hint=3000000000 -> PASS
2026-09-23 06:10:47 proofs/fulu_named.bend exit=0 peak=1.65GB elapsed=11.0s all_terms_check=True unsafe=False killed=False heap_hint=3000000000 -> PASS
2026-09-23 06:10:48 proofs/fulu_primitives.bend exit=0 peak=0.19GB elapsed=0.8s all_terms_check=True unsafe=False killed=False heap_hint=3000000000 -> PASS
2026-09-23 06:11:14 proofs/fulu_serialization_inventory.bend exit=0 peak=1.71GB elapsed=25.9s all_terms_check=True unsafe=False killed=False heap_hint=3000000000 -> PASS
2026-09-23 06:11:37 proofs/identity_decision.bend exit=0 peak=1.69GB elapsed=22.7s all_terms_check=True unsafe=False killed=False heap_hint=3000000000 -> PASS
2026-09-23 06:11:47 proofs/identity_equivalence.bend exit=0 peak=1.35GB elapsed=9.6s all_terms_check=True unsafe=False killed=False heap_hint=3000000000 -> PASS
2026-09-23 06:11:56 proofs/identity_legality.bend exit=0 peak=1.35GB elapsed=9.5s all_terms_check=True unsafe=False killed=False heap_hint=3000000000 -> PASS
2026-09-23 06:11:56 proofs/identity_logic.bend exit=0 peak=0.07GB elapsed=0.1s all_terms_check=True unsafe=False killed=False heap_hint=3000000000 -> PASS
2026-09-23 06:12:12 proofs/identity_normalization.bend exit=0 peak=0.29GB elapsed=15.8s all_terms_check=True unsafe=False killed=False heap_hint=3000000000 -> PASS
2026-09-23 06:12:23 proofs/identity_total.bend exit=0 peak=1.34GB elapsed=10.5s all_terms_check=True unsafe=False killed=False heap_hint=3000000000 -> PASS
2026-09-23 06:12:23 proofs/identity_unsigned.bend exit=0 peak=0.08GB elapsed=0.1s all_terms_check=True unsafe=False killed=False heap_hint=3000000000 -> PASS
2026-09-23 06:12:23 proofs/integer_decoding.bend exit=0 peak=0.15GB elapsed=0.3s all_terms_check=True unsafe=False killed=False heap_hint=3000000000 -> PASS
2026-09-23 06:12:24 proofs/integer_encoding.bend exit=0 peak=0.14GB elapsed=0.2s all_terms_check=True unsafe=False killed=False heap_hint=3000000000 -> PASS
2026-09-23 06:12:48 proofs/layout.bend exit=0 peak=1.13GB elapsed=24.1s all_terms_check=True unsafe=False killed=False heap_hint=3000000000 -> PASS
2026-09-23 06:13:12 proofs/layout_bounds.bend exit=0 peak=1.15GB elapsed=24.2s all_terms_check=True unsafe=False killed=False heap_hint=3000000000 -> PASS
2026-09-23 06:13:36 proofs/layout_counts.bend exit=0 peak=1.16GB elapsed=24.1s all_terms_check=True unsafe=False killed=False heap_hint=3000000000 -> PASS
2026-09-23 06:13:46 proofs/layout_extents.bend exit=0 peak=1.11GB elapsed=9.6s all_terms_check=True unsafe=False killed=False heap_hint=3000000000 -> PASS
2026-09-23 06:14:12 proofs/layout_headers.bend exit=0 peak=1.15GB elapsed=25.6s all_terms_check=True unsafe=False killed=False heap_hint=3000000000 -> PASS
2026-09-23 06:14:37 proofs/layout_image.bend exit=0 peak=1.19GB elapsed=25.5s all_terms_check=True unsafe=False killed=False heap_hint=3000000000 -> PASS
2026-09-23 06:15:00 proofs/layout_image_extents.bend exit=0 peak=1.18GB elapsed=23.0s all_terms_check=True unsafe=False killed=False heap_hint=3000000000 -> PASS
2026-09-23 06:15:23 proofs/layout_image_headers.bend exit=0 peak=1.07GB elapsed=22.7s all_terms_check=True unsafe=False killed=False heap_hint=3000000000 -> PASS
2026-09-23 06:15:46 proofs/layout_offset_value.bend exit=0 peak=1.21GB elapsed=22.9s all_terms_check=True unsafe=False killed=False heap_hint=3000000000 -> PASS
2026-09-23 06:15:55 proofs/layout_slices.bend exit=0 peak=1.06GB elapsed=9.2s all_terms_check=True unsafe=False killed=False heap_hint=3000000000 -> PASS
2026-09-23 06:16:23 proofs/leaf_sizes.bend exit=0 peak=1.20GB elapsed=27.9s all_terms_check=True unsafe=False killed=False heap_hint=3000000000 -> PASS
2026-09-23 06:16:33 proofs/limits.bend exit=0 peak=1.17GB elapsed=9.9s all_terms_check=True unsafe=False killed=False heap_hint=3000000000 -> PASS
2026-09-23 06:16:34 proofs/lists.bend exit=0 peak=0.09GB elapsed=0.1s all_terms_check=True unsafe=False killed=False heap_hint=3000000000 -> PASS
2026-09-23 06:16:44 proofs/merkle.bend exit=0 peak=1.14GB elapsed=10.2s all_terms_check=True unsafe=False killed=False heap_hint=3000000000 -> PASS
2026-09-23 06:16:44 proofs/metadata_reflection.bend exit=0 peak=0.08GB elapsed=0.1s all_terms_check=True unsafe=False killed=False heap_hint=3000000000 -> PASS
2026-09-23 06:16:54 proofs/mixing.bend exit=0 peak=1.16GB elapsed=9.6s all_terms_check=True unsafe=False killed=False heap_hint=3000000000 -> PASS
2026-09-23 06:17:17 proofs/nat_algebra.bend exit=0 peak=1.16GB elapsed=22.8s all_terms_check=True unsafe=False killed=False heap_hint=3000000000 -> PASS
2026-09-23 06:17:40 proofs/nat_bytes.bend exit=0 peak=1.20GB elapsed=23.0s all_terms_check=True unsafe=False killed=False heap_hint=3000000000 -> PASS
2026-09-23 06:17:49 proofs/nat_order.bend exit=0 peak=1.07GB elapsed=9.5s all_terms_check=True unsafe=False killed=False heap_hint=3000000000 -> PASS
2026-09-23 06:18:18 proofs/normative_encoding.bend exit=0 peak=1.53GB elapsed=28.4s all_terms_check=True unsafe=False killed=False heap_hint=3000000000 -> PASS
2026-09-23 06:18:20 proofs/obj/cache.bend exit=0 peak=1.29GB elapsed=2.5s all_terms_check=True unsafe=False killed=False heap_hint=3000000000 -> PASS
2026-09-23 06:18:23 proofs/obj/codec_0.bend exit=0 peak=1.70GB elapsed=2.8s all_terms_check=True unsafe=False killed=False heap_hint=3000000000 -> PASS
2026-09-23 06:18:26 proofs/obj/codec_1.bend exit=0 peak=1.48GB elapsed=3.2s all_terms_check=True unsafe=False killed=False heap_hint=3000000000 -> PASS
2026-09-23 06:18:30 proofs/obj/codec_2.bend exit=0 peak=1.46GB elapsed=3.4s all_terms_check=True unsafe=False killed=False heap_hint=3000000000 -> PASS
2026-09-23 06:18:35 proofs/obj/codec_3.bend exit=0 peak=1.45GB elapsed=4.9s all_terms_check=True unsafe=False killed=False heap_hint=3000000000 -> PASS
2026-09-23 06:18:39 proofs/obj/codec_4.bend exit=0 peak=1.43GB elapsed=3.8s all_terms_check=True unsafe=False killed=False heap_hint=3000000000 -> PASS
2026-09-23 06:18:41 proofs/obj/codec_5.bend exit=0 peak=1.68GB elapsed=2.5s all_terms_check=True unsafe=False killed=False heap_hint=3000000000 -> PASS
2026-09-23 06:18:43 proofs/obj/collections_0.bend exit=0 peak=1.31GB elapsed=1.7s all_terms_check=True unsafe=False killed=False heap_hint=3000000000 -> PASS
2026-09-23 06:18:45 proofs/obj/collections_1.bend exit=0 peak=1.33GB elapsed=1.7s all_terms_check=True unsafe=False killed=False heap_hint=3000000000 -> PASS
2026-09-23 06:18:46 proofs/obj/cost.bend exit=0 peak=0.15GB elapsed=0.9s all_terms_check=True unsafe=False killed=False heap_hint=3000000000 -> PASS
2026-09-23 06:18:48 proofs/obj/fields_0.bend exit=0 peak=1.32GB elapsed=1.7s all_terms_check=True unsafe=False killed=False heap_hint=3000000000 -> PASS
2026-09-23 06:18:49 proofs/obj/fields_1.bend exit=0 peak=1.30GB elapsed=1.8s all_terms_check=True unsafe=False killed=False heap_hint=3000000000 -> PASS
2026-09-23 06:18:51 proofs/obj/fields_2.bend exit=0 peak=1.30GB elapsed=1.7s all_terms_check=True unsafe=False killed=False heap_hint=3000000000 -> PASS
2026-09-23 06:18:53 proofs/obj/fields_3.bend exit=0 peak=1.33GB elapsed=1.8s all_terms_check=True unsafe=False killed=False heap_hint=3000000000 -> PASS
2026-09-23 06:18:55 proofs/obj/fields_4.bend exit=0 peak=1.32GB elapsed=1.7s all_terms_check=True unsafe=False killed=False heap_hint=3000000000 -> PASS
2026-09-23 06:18:57 proofs/obj/fields_5.bend exit=0 peak=1.28GB elapsed=1.8s all_terms_check=True unsafe=False killed=False heap_hint=3000000000 -> PASS
2026-09-23 06:18:59 proofs/obj/fields_6.bend exit=0 peak=1.32GB elapsed=1.8s all_terms_check=True unsafe=False killed=False heap_hint=3000000000 -> PASS
2026-09-23 06:19:01 proofs/obj/gcodec_0.bend exit=0 peak=1.62GB elapsed=2.2s all_terms_check=True unsafe=False killed=False heap_hint=3000000000 -> PASS
2026-09-23 06:19:10 proofs/obj/load.bend exit=0 peak=0.88GB elapsed=9.3s all_terms_check=True unsafe=False killed=False heap_hint=3000000000 -> PASS
2026-09-23 06:19:11 proofs/obj/repr.bend exit=0 peak=0.15GB elapsed=0.9s all_terms_check=True unsafe=False killed=False heap_hint=3000000000 -> PASS
2026-09-23 06:19:14 proofs/obj/seq_elem.bend exit=0 peak=1.36GB elapsed=2.4s all_terms_check=True unsafe=False killed=False heap_hint=3000000000 -> PASS
2026-09-23 06:19:16 proofs/obj/serialize_0.bend exit=0 peak=1.41GB elapsed=1.9s all_terms_check=True unsafe=False killed=False heap_hint=3000000000 -> PASS
2026-09-23 06:19:18 proofs/obj/serialize_1.bend exit=0 peak=1.40GB elapsed=1.9s all_terms_check=True unsafe=False killed=False heap_hint=3000000000 -> PASS
2026-09-23 06:19:19 proofs/obj/serialize_2.bend exit=0 peak=1.26GB elapsed=1.8s all_terms_check=True unsafe=False killed=False heap_hint=3000000000 -> PASS
2026-09-23 06:19:20 proofs/obj/sha_bridge.bend exit=0 peak=0.12GB elapsed=0.2s all_terms_check=True unsafe=False killed=False heap_hint=3000000000 -> PASS
2026-09-23 06:19:22 proofs/obj/spec_bits.bend exit=0 peak=0.43GB elapsed=1.8s all_terms_check=True unsafe=False killed=False heap_hint=3000000000 -> PASS
2026-09-23 06:19:29 proofs/obj/spec_codec_0.bend exit=0 peak=1.73GB elapsed=7.2s all_terms_check=True unsafe=False killed=False heap_hint=3000000000 -> PASS
2026-09-23 06:19:40 proofs/obj/spec_codec_1.bend exit=0 peak=2.13GB elapsed=11.1s all_terms_check=True unsafe=False killed=False heap_hint=3000000000 -> PASS
2026-09-23 06:20:23 proofs/obj/spec_codec_2.bend exit=0 peak=2.55GB elapsed=42.8s all_terms_check=True unsafe=False killed=False heap_hint=3000000000 -> PASS
2026-09-23 06:21:08 proofs/obj/spec_codec_3.bend exit=0 peak=2.87GB elapsed=45.1s all_terms_check=True unsafe=False killed=False heap_hint=3000000000 -> PASS
2026-09-23 06:22:02 proofs/obj/spec_codec_4.bend exit=0 peak=2.85GB elapsed=53.6s all_terms_check=True unsafe=False killed=False heap_hint=3000000000 -> PASS
2026-09-23 06:22:17 proofs/obj/spec_codec_5.bend exit=0 peak=2.05GB elapsed=15.2s all_terms_check=True unsafe=False killed=False heap_hint=3000000000 -> PASS
2026-09-23 06:23:08 proofs/obj/spec_codec_6.bend exit=0 peak=2.89GB elapsed=50.6s all_terms_check=True unsafe=False killed=False heap_hint=3000000000 -> PASS
2026-09-23 06:23:09 proofs/obj/spec_fixed.bend exit=0 peak=0.38GB elapsed=1.3s all_terms_check=True unsafe=False killed=False heap_hint=3000000000 -> PASS
2026-09-23 06:23:24 proofs/obj/spec_input_0.bend exit=0 peak=2.52GB elapsed=15.1s all_terms_check=True unsafe=False killed=False heap_hint=3000000000 -> PASS
2026-09-23 06:23:51 proofs/obj/spec_input_1.bend exit=0 peak=2.95GB elapsed=26.3s all_terms_check=True unsafe=False killed=False heap_hint=3000000000 -> PASS
2026-09-23 06:25:40 proofs/obj/spec_input_2.bend exit=0 peak=2.97GB elapsed=109.7s all_terms_check=True unsafe=False killed=False heap_hint=3000000000 -> PASS
2026-09-23 06:28:01 proofs/obj/spec_input_3.bend exit=0 peak=3.20GB elapsed=140.4s all_terms_check=True unsafe=False killed=False heap_hint=3000000000 -> PASS
2026-09-23 06:29:56 proofs/obj/spec_input_4.bend exit=0 peak=3.22GB elapsed=115.1s all_terms_check=True unsafe=False killed=False heap_hint=3000000000 -> PASS
2026-09-23 06:30:49 proofs/obj/spec_input_5.bend exit=0 peak=2.95GB elapsed=52.4s all_terms_check=True unsafe=False killed=False heap_hint=3000000000 -> PASS
2026-09-23 06:33:47 proofs/obj/spec_input_6.bend exit=0 peak=3.09GB elapsed=178.0s all_terms_check=True unsafe=False killed=False heap_hint=3000000000 -> PASS
2026-09-23 06:33:55 proofs/obj/spec_repr_0.bend exit=0 peak=1.64GB elapsed=8.1s all_terms_check=True unsafe=False killed=False heap_hint=3000000000 -> PASS
2026-09-23 06:34:06 proofs/obj/spec_repr_1.bend exit=0 peak=1.98GB elapsed=11.2s all_terms_check=True unsafe=False killed=False heap_hint=3000000000 -> PASS
2026-09-23 06:34:46 proofs/obj/spec_repr_2.bend exit=0 peak=2.48GB elapsed=39.6s all_terms_check=True unsafe=False killed=False heap_hint=3000000000 -> PASS
2026-09-23 06:35:43 proofs/obj/spec_repr_3.bend exit=0 peak=2.91GB elapsed=57.0s all_terms_check=True unsafe=False killed=False heap_hint=3000000000 -> PASS
2026-09-23 06:39:10 proofs/obj/spec_repr_4.bend exit=0 peak=2.94GB elapsed=206.6s all_terms_check=True unsafe=False killed=False heap_hint=3000000000 -> PASS
2026-09-23 06:39:26 proofs/obj/spec_repr_5.bend exit=0 peak=2.10GB elapsed=16.6s all_terms_check=True unsafe=False killed=False heap_hint=3000000000 -> PASS
2026-09-23 07:00:57 proofs/obj/spec_repr_6.bend exit=0 peak=2.96GB elapsed=1290.9s all_terms_check=True unsafe=False killed=False heap_hint=3000000000 -> PASS
2026-09-23 07:02:19 proofs/obj/spec_repr_small.bend exit=0 peak=2.06GB elapsed=81.3s all_terms_check=True unsafe=False killed=False heap_hint=3000000000 -> PASS
2026-09-23 07:03:53 proofs/obj/spec_small.bend exit=0 peak=2.49GB elapsed=94.4s all_terms_check=True unsafe=False killed=False heap_hint=3000000000 -> PASS
2026-09-23 07:16:46 proofs/obj/spec_unique_0.bend exit=0 peak=5.18GB elapsed=773.1s all_terms_check=True unsafe=False killed=False heap_hint=3000000000 -> PASS
2026-09-23 07:29:50 proofs/obj/spec_unique_1.bend exit=0 peak=5.28GB elapsed=783.5s all_terms_check=True unsafe=False killed=False heap_hint=3000000000 -> PASS
2026-09-23 07:40:08 proofs/obj/spec_unique_small.bend exit=0 peak=5.02GB elapsed=617.8s all_terms_check=True unsafe=False killed=False heap_hint=3000000000 -> PASS
2026-09-23 07:40:33 proofs/offset_digits.bend exit=0 peak=1.18GB elapsed=25.3s all_terms_check=True unsafe=False killed=False heap_hint=3000000000 -> PASS
2026-09-23 07:40:34 proofs/packed.bend exit=0 peak=0.22GB elapsed=0.4s all_terms_check=True unsafe=False killed=False heap_hint=3000000000 -> PASS
2026-09-23 07:41:00 proofs/packed_domain.bend exit=0 peak=2.32GB elapsed=26.8s all_terms_check=True unsafe=False killed=False heap_hint=3000000000 -> PASS
2026-09-23 07:41:28 proofs/packed_pack.bend exit=0 peak=2.15GB elapsed=27.2s all_terms_check=True unsafe=False killed=False heap_hint=3000000000 -> PASS
2026-09-23 07:41:55 proofs/packed_pack_acc.bend exit=0 peak=2.42GB elapsed=27.2s all_terms_check=True unsafe=False killed=False heap_hint=3000000000 -> PASS
2026-09-23 07:41:55 proofs/packing.bend exit=0 peak=0.12GB elapsed=0.2s all_terms_check=True unsafe=False killed=False heap_hint=3000000000 -> PASS
2026-09-23 07:42:18 proofs/parts_algebra.bend exit=0 peak=1.16GB elapsed=23.0s all_terms_check=True unsafe=False killed=False heap_hint=3000000000 -> PASS
2026-09-23 07:42:18 proofs/power_division.bend exit=0 peak=0.08GB elapsed=0.1s all_terms_check=True unsafe=False killed=False heap_hint=3000000000 -> PASS
2026-09-23 07:42:19 proofs/prefix.bend exit=0 peak=0.08GB elapsed=0.1s all_terms_check=True unsafe=False killed=False heap_hint=3000000000 -> PASS
2026-09-23 07:42:19 proofs/primitive_invariants.bend exit=0 peak=0.08GB elapsed=0.1s all_terms_check=True unsafe=False killed=False heap_hint=3000000000 -> PASS
2026-09-23 07:42:19 proofs/primitives.bend exit=0 peak=0.07GB elapsed=0.1s all_terms_check=True unsafe=False killed=False heap_hint=3000000000 -> PASS
2026-09-23 07:42:29 proofs/progressive.bend exit=0 peak=1.20GB elapsed=10.3s all_terms_check=True unsafe=False killed=False heap_hint=3000000000 -> PASS
2026-09-23 07:42:30 proofs/representation_erasure.bend exit=0 peak=0.08GB elapsed=0.1s all_terms_check=True unsafe=False killed=False heap_hint=3000000000 -> PASS
2026-09-23 07:43:00 proofs/root_complete.bend exit=0 peak=2.27GB elapsed=30.3s all_terms_check=True unsafe=False killed=False heap_hint=3000000000 -> PASS
2026-09-23 07:43:25 proofs/root_complete_steps.bend exit=0 peak=1.51GB elapsed=25.4s all_terms_check=True unsafe=False killed=False heap_hint=3000000000 -> PASS
2026-09-23 07:44:05 proofs/root_domain_broader.bend exit=0 peak=3.12GB elapsed=39.0s all_terms_check=True unsafe=False killed=False heap_hint=3000000000 -> PASS
2026-09-23 07:44:38 proofs/root_domain_compat.bend exit=0 peak=1.90GB elapsed=33.0s all_terms_check=True unsafe=False killed=False heap_hint=3000000000 -> PASS
2026-09-23 07:45:04 proofs/root_domain_steps.bend exit=0 peak=1.49GB elapsed=26.4s all_terms_check=True unsafe=False killed=False heap_hint=3000000000 -> PASS
2026-09-23 07:45:31 proofs/root_domain_witness.bend exit=0 peak=1.92GB elapsed=27.2s all_terms_check=True unsafe=False killed=False heap_hint=3000000000 -> PASS
2026-09-23 07:45:59 proofs/root_public.bend exit=0 peak=2.38GB elapsed=27.9s all_terms_check=True unsafe=False killed=False heap_hint=3000000000 -> PASS
2026-09-23 07:46:24 proofs/root_relation_leaves.bend exit=0 peak=1.50GB elapsed=24.7s all_terms_check=True unsafe=False killed=False heap_hint=3000000000 -> PASS
2026-09-23 07:46:34 proofs/root_relation_merkle.bend exit=0 peak=1.16GB elapsed=10.2s all_terms_check=True unsafe=False killed=False heap_hint=3000000000 -> PASS
2026-09-23 07:47:00 proofs/root_scope.bend exit=0 peak=1.53GB elapsed=25.3s all_terms_check=True unsafe=False killed=False heap_hint=3000000000 -> PASS
2026-09-23 07:47:28 proofs/root_sound.bend exit=0 peak=2.25GB elapsed=28.1s all_terms_check=True unsafe=False killed=False heap_hint=3000000000 -> PASS
2026-09-23 07:47:54 proofs/root_steps.bend exit=0 peak=1.51GB elapsed=25.7s all_terms_check=True unsafe=False killed=False heap_hint=3000000000 -> PASS
2026-09-23 07:48:26 proofs/root_total.bend exit=0 peak=2.25GB elapsed=32.0s all_terms_check=True unsafe=False killed=False heap_hint=3000000000 -> PASS
2026-09-23 07:48:51 proofs/root_total_steps.bend exit=0 peak=1.69GB elapsed=25.6s all_terms_check=True unsafe=False killed=False heap_hint=3000000000 -> PASS
2026-09-23 07:48:52 proofs/schema.bend exit=0 peak=0.29GB elapsed=0.3s all_terms_check=True unsafe=False killed=False heap_hint=3000000000 -> PASS
2026-09-23 07:48:53 proofs/schema_forest.bend exit=0 peak=0.46GB elapsed=0.8s all_terms_check=True unsafe=False killed=False heap_hint=3000000000 -> PASS
2026-09-23 07:49:19 proofs/schema_lookups.bend exit=0 peak=1.61GB elapsed=26.2s all_terms_check=True unsafe=False killed=False heap_hint=3000000000 -> PASS
2026-09-23 07:49:28 proofs/schema_measure.bend exit=0 peak=1.31GB elapsed=9.1s all_terms_check=True unsafe=False killed=False heap_hint=3000000000 -> PASS
2026-09-23 07:49:39 proofs/schema_selection_shape.bend exit=0 peak=1.30GB elapsed=10.5s all_terms_check=True unsafe=False killed=False heap_hint=3000000000 -> PASS
2026-09-23 07:50:05 proofs/schema_width.bend exit=0 peak=1.52GB elapsed=26.4s all_terms_check=True unsafe=False killed=False heap_hint=3000000000 -> PASS
2026-09-23 07:50:16 proofs/tree.bend exit=0 peak=1.20GB elapsed=10.3s all_terms_check=True unsafe=False killed=False heap_hint=3000000000 -> PASS
2026-09-23 07:50:16 proofs/type_legality_structure.bend exit=0 peak=0.13GB elapsed=0.2s all_terms_check=True unsafe=False killed=False heap_hint=3000000000 -> PASS
2026-09-23 07:50:55 proofs/type_validator_complete.bend exit=0 peak=3.03GB elapsed=38.9s all_terms_check=True unsafe=False killed=False heap_hint=3000000000 -> PASS
2026-09-23 07:51:20 proofs/type_validator_soundness.bend exit=0 peak=2.50GB elapsed=24.7s all_terms_check=True unsafe=False killed=False heap_hint=3000000000 -> PASS
2026-09-23 07:51:20 proofs/u32_order.bend exit=0 peak=0.00GB elapsed=0.1s all_terms_check=True unsafe=False killed=False heap_hint=3000000000 -> PASS
2026-09-23 07:51:45 proofs/validator_fields.bend exit=0 peak=1.32GB elapsed=25.1s all_terms_check=True unsafe=False killed=False heap_hint=3000000000 -> PASS
2026-09-23 07:51:58 proofs/validator_metadata.bend exit=0 peak=1.28GB elapsed=13.2s all_terms_check=True unsafe=False killed=False heap_hint=3000000000 -> PASS
2026-09-23 07:52:08 proofs/validator_selectors.bend exit=0 peak=1.27GB elapsed=10.1s all_terms_check=True unsafe=False killed=False heap_hint=3000000000 -> PASS
2026-09-23 07:52:33 proofs/value_domain.bend exit=0 peak=1.68GB elapsed=24.6s all_terms_check=True unsafe=False killed=False heap_hint=3000000000 -> PASS
2026-09-23 07:52:33 proofs/walk.bend exit=0 peak=0.17GB elapsed=0.2s all_terms_check=True unsafe=False killed=False heap_hint=3000000000 -> PASS
2026-09-23 07:52:33 proofs/word_facts.bend exit=0 peak=0.00GB elapsed=0.1s all_terms_check=True unsafe=False killed=False heap_hint=3000000000 -> PASS
2026-09-23 07:52:34 proofs/word_nat.bend exit=0 peak=0.12GB elapsed=0.2s all_terms_check=True unsafe=False killed=False heap_hint=3000000000 -> PASS
2026-09-23 07:52:34 proofs/word_split.bend exit=0 peak=0.08GB elapsed=0.1s all_terms_check=True unsafe=False killed=False heap_hint=3000000000 -> PASS
2026-09-23 07:52:43 HASH_PROOF.bend exit=0 peak=1.16GB elapsed=9.3s all_terms_check=True unsafe=False killed=False heap_hint=3000000000 -> PASS
2026-09-23 07:54:44 END_TO_END.bend exit=0 peak=3.79GB elapsed=120.8s all_terms_check=True unsafe=False killed=False heap_hint=3000000000 -> PASS
2026-09-23 07:56:51 ROOT_DOMAIN.bend exit=0 peak=3.78GB elapsed=126.9s all_terms_check=True unsafe=False killed=False heap_hint=3000000000 -> PASS
2026-09-23 07:58:46 PROOF.bend exit=0 peak=3.62GB elapsed=115.3s all_terms_check=True unsafe=False killed=False heap_hint=3000000000 -> PASS
2026-09-23 09:00:46 proofs/obj/zero_roots.bend exit=1 peak=0.32GB elapsed=106.0s all_terms_check=False unsafe=False killed=False heap_hint=3000000000 -> FAIL
2026-09-23 09:02:35 proofs/obj/zero_roots.bend exit=1 peak=0.33GB elapsed=94.9s all_terms_check=False unsafe=False killed=False heap_hint=3000000000 -> FAIL
2026-09-23 09:05:15 proofs/obj/mtree_spec.bend exit=1 peak=2.50GB elapsed=159.9s all_terms_check=False unsafe=False killed=False heap_hint=3000000000 -> FAIL
2026-09-23 09:06:55 proofs/obj/zero_roots.bend exit=0 peak=0.33GB elapsed=83.6s all_terms_check=True unsafe=False killed=False heap_hint=3000000000 -> PASS
2026-09-23 09:09:53 proofs/obj/mtree_spec.bend exit=0 peak=2.60GB elapsed=170.7s all_terms_check=True unsafe=False killed=False heap_hint=3000000000 -> PASS
2026-09-23 09:16:50 proofs/obj/root_support.bend exit=0 peak=2.51GB elapsed=164.0s all_terms_check=True unsafe=False killed=False heap_hint=3000000000 -> PASS
2026-09-23 09:59:57 proofs/obj/mtree_run.bend exit=1 peak=2.64GB elapsed=128.2s all_terms_check=False unsafe=False killed=False heap_hint=3000000000 -> FAIL
2026-09-23 10:02:42 proofs/obj/mtree_run.bend exit=1 peak=2.52GB elapsed=153.7s all_terms_check=False unsafe=False killed=False heap_hint=3000000000 -> FAIL
2026-09-23 10:05:52 proofs/obj/mtree_run.bend exit=1 peak=2.50GB elapsed=175.1s all_terms_check=False unsafe=False killed=False heap_hint=3000000000 -> FAIL
2026-09-23 10:08:57 proofs/obj/mtree_run.bend exit=0 peak=2.66GB elapsed=174.1s all_terms_check=True unsafe=False killed=False heap_hint=3000000000 -> PASS
2026-09-23 10:09:26 proofs/obj/mtree_defs.bend exit=1 peak=0.14GB elapsed=0.2s all_terms_check=False unsafe=False killed=False heap_hint=3000000000 -> FAIL
2026-09-23 10:09:26 proofs/obj/mtree_spec.bend exit=1 peak=0.15GB elapsed=0.2s all_terms_check=False unsafe=False killed=False heap_hint=3000000000 -> FAIL
2026-09-23 10:09:27 proofs/obj/root_support.bend exit=1 peak=0.14GB elapsed=0.2s all_terms_check=False unsafe=False killed=False heap_hint=3000000000 -> FAIL
2026-09-23 10:09:41 proofs/obj/mtree_defs.bend exit=0 peak=0.77GB elapsed=0.7s all_terms_check=True unsafe=False killed=False heap_hint=3000000000 -> PASS
2026-09-23 10:09:41 proofs/obj/mtree_spec.bend exit=1 peak=0.47GB elapsed=0.4s all_terms_check=False unsafe=False killed=False heap_hint=3000000000 -> FAIL
2026-09-23 10:09:41 proofs/obj/root_support.bend exit=1 peak=0.38GB elapsed=0.4s all_terms_check=False unsafe=False killed=False heap_hint=3000000000 -> FAIL
2026-09-23 10:09:43 proofs/obj/mtree_run.bend exit=0 peak=0.96GB elapsed=1.3s all_terms_check=True unsafe=False killed=False heap_hint=3000000000 -> PASS
2026-09-23 10:13:03 proofs/obj/mtree_spec.bend exit=0 peak=2.54GB elapsed=181.6s all_terms_check=True unsafe=False killed=False heap_hint=3000000000 -> PASS
2026-09-23 10:16:16 proofs/obj/root_support.bend exit=0 peak=2.63GB elapsed=192.1s all_terms_check=True unsafe=False killed=False heap_hint=3000000000 -> PASS
2026-09-23 10:16:40 proofs/obj/mtree_run.bend exit=1 peak=0.97GB elapsed=1.4s all_terms_check=False unsafe=False killed=False heap_hint=3000000000 -> FAIL
2026-09-23 10:16:52 proofs/obj/mtree_run.bend exit=1 peak=0.97GB elapsed=1.4s all_terms_check=False unsafe=False killed=False heap_hint=3000000000 -> FAIL
2026-09-23 10:17:00 proofs/obj/mtree_run.bend exit=0 peak=0.95GB elapsed=1.4s all_terms_check=True unsafe=False killed=False heap_hint=3000000000 -> PASS
2026-09-23 10:17:52 proofs/obj/mtree_run.bend exit=1 peak=0.96GB elapsed=1.4s all_terms_check=False unsafe=False killed=False heap_hint=3000000000 -> FAIL
2026-09-23 10:18:02 proofs/obj/mtree_run.bend exit=0 peak=0.94GB elapsed=1.6s all_terms_check=True unsafe=False killed=False heap_hint=3000000000 -> PASS
2026-09-23 10:23:59 proofs/obj/words_spec.bend exit=1 peak=1.03GB elapsed=3.8s all_terms_check=False unsafe=False killed=False heap_hint=3000000000 -> FAIL
2026-09-23 10:24:12 proofs/obj/words_spec.bend exit=0 peak=1.01GB elapsed=3.9s all_terms_check=True unsafe=False killed=False heap_hint=3000000000 -> PASS
2026-09-23 10:25:23 proofs/obj/words_spec.bend exit=1 peak=1.03GB elapsed=4.3s all_terms_check=False unsafe=False killed=False heap_hint=3000000000 -> FAIL
2026-09-23 10:25:37 proofs/obj/words_spec.bend exit=1 peak=1.03GB elapsed=4.2s all_terms_check=False unsafe=False killed=False heap_hint=3000000000 -> FAIL
2026-09-23 10:25:49 proofs/obj/words_spec.bend exit=0 peak=1.03GB elapsed=3.9s all_terms_check=True unsafe=False killed=False heap_hint=3000000000 -> PASS
2026-09-23 10:27:15 proofs/obj/words_spec.bend exit=1 peak=1.01GB elapsed=4.5s all_terms_check=False unsafe=False killed=False heap_hint=3000000000 -> FAIL
2026-09-23 10:27:33 proofs/obj/words_spec.bend exit=0 peak=1.04GB elapsed=5.5s all_terms_check=True unsafe=False killed=False heap_hint=3000000000 -> PASS
2026-09-23 10:29:47 proofs/obj/words_spec.bend exit=1 peak=1.06GB elapsed=7.1s all_terms_check=False unsafe=False killed=False heap_hint=3000000000 -> FAIL
2026-09-23 10:30:04 proofs/obj/words_spec.bend exit=1 peak=1.06GB elapsed=6.9s all_terms_check=False unsafe=False killed=False heap_hint=3000000000 -> FAIL
2026-09-23 10:30:22 proofs/obj/words_spec.bend exit=0 peak=1.05GB elapsed=7.3s all_terms_check=True unsafe=False killed=False heap_hint=3000000000 -> PASS
2026-09-23 10:35:38 proofs/obj/words_root.bend exit=0 peak=2.58GB elapsed=261.7s all_terms_check=True unsafe=False killed=False heap_hint=3000000000 -> PASS
2026-09-23 10:42:09 proofs/obj/words_root.bend exit=0 peak=2.65GB elapsed=324.4s all_terms_check=True unsafe=False killed=False heap_hint=3000000000 -> PASS
2026-09-23 10:46:59 proofs/obj/words_root.bend exit=0 peak=2.76GB elapsed=147.9s all_terms_check=True unsafe=False killed=False heap_hint=3000000000 -> PASS
2026-09-23 10:53:17 proofs/obj/root_words.bend exit=1 peak=3.29GB elapsed=367.2s all_terms_check=False unsafe=False killed=False heap_hint=3000000000 -> FAIL
2026-09-23 11:28:43 proofs/obj/words_root.bend exit=0 peak=2.57GB elapsed=349.7s all_terms_check=True unsafe=False killed=False heap_hint=3000000000 -> PASS
2026-09-23 11:36:21 proofs/obj/root_words.bend exit=0 peak=3.33GB elapsed=435.5s all_terms_check=True unsafe=False killed=False heap_hint=3000000000 -> PASS
2026-09-23 11:44:13 proofs/obj/len_bridge.bend exit=1 peak=1.45GB elapsed=37.4s all_terms_check=False unsafe=False killed=False heap_hint=3000000000 -> FAIL
2026-09-23 11:45:01 proofs/obj/len_bridge.bend exit=1 peak=1.41GB elapsed=22.9s all_terms_check=False unsafe=False killed=False heap_hint=3000000000 -> FAIL
2026-09-23 11:45:36 proofs/obj/len_bridge.bend exit=0 peak=1.42GB elapsed=23.6s all_terms_check=True unsafe=False killed=False heap_hint=3000000000 -> PASS
2026-09-23 11:47:07 proofs/obj/words_spec.bend exit=0 peak=1.02GB elapsed=4.5s all_terms_check=True unsafe=False killed=False heap_hint=3000000000 -> PASS
2026-09-23 12:01:18 proofs/obj/words_spec.bend exit=0 peak=1.08GB elapsed=4.5s all_terms_check=True unsafe=False killed=False heap_hint=3000000000 -> PASS
2026-09-23 12:13:18 proofs/obj/probe_blob.bend exit=-15 peak=3.23GB elapsed=707.8s all_terms_check=False unsafe=False killed=False heap_hint=3000000000 -> FAIL
2026-09-23 12:18:01 proofs/obj/probe_blob.bend exit=-15 peak=3.66GB elapsed=264.5s all_terms_check=False unsafe=False killed=False heap_hint=3000000000 -> FAIL
2026-09-23 12:27:40 proofs/obj/probe_blob.bend exit=1 peak=3.28GB elapsed=574.4s all_terms_check=False unsafe=False killed=False heap_hint=3000000000 -> FAIL
2026-09-23 12:30:55 proofs/obj/probe_blob2.bend exit=1 peak=2.61GB elapsed=177.7s all_terms_check=False unsafe=False killed=False heap_hint=3000000000 -> FAIL
2026-09-23 12:34:09 proofs/obj/probe_blob2.bend exit=1 peak=2.46GB elapsed=178.6s all_terms_check=False unsafe=False killed=False heap_hint=3000000000 -> FAIL
2026-09-23 12:51:18 proofs/obj/probe_blob2.bend exit=1 peak=2.62GB elapsed=262.9s all_terms_check=False unsafe=False killed=False heap_hint=3000000000 -> FAIL
2026-09-23 12:54:50 proofs/obj/probe_blob2.bend exit=1 peak=2.61GB elapsed=202.0s all_terms_check=False unsafe=False killed=False heap_hint=3000000000 -> FAIL
2026-09-23 12:59:53 proofs/obj/probe_blob2.bend exit=1 peak=2.41GB elapsed=292.8s all_terms_check=False unsafe=False killed=False heap_hint=3000000000 -> FAIL
2026-09-23 13:06:00 proofs/obj/probe_blob2.bend exit=1 peak=2.45GB elapsed=359.2s all_terms_check=False unsafe=False killed=False heap_hint=3000000000 -> FAIL
2026-09-23 13:11:42 proofs/obj/probe_blob2.bend exit=1 peak=2.55GB elapsed=330.3s all_terms_check=False unsafe=False killed=False heap_hint=3000000000 -> FAIL
2026-09-23 13:12:32 proofs/obj/schema_shapes.bend exit=1 peak=0.71GB elapsed=1.1s all_terms_check=False unsafe=False killed=False heap_hint=3000000000 -> FAIL
2026-09-23 13:12:43 proofs/obj/schema_shapes.bend exit=0 peak=0.69GB elapsed=1.2s all_terms_check=True unsafe=False killed=False heap_hint=3000000000 -> PASS
2026-09-23 13:18:38 proofs/obj/probe_blob2.bend exit=1 peak=2.62GB elapsed=334.3s all_terms_check=False unsafe=False killed=False heap_hint=3000000000 -> FAIL
2026-09-23 13:24:35 proofs/obj/words_obj.bend exit=0 peak=2.71GB elapsed=351.5s all_terms_check=True unsafe=False killed=False heap_hint=3000000000 -> PASS
2026-09-23 13:33:28 proofs/obj/probe_blob2.bend exit=1 peak=2.43GB elapsed=417.9s all_terms_check=False unsafe=False killed=False heap_hint=3000000000 -> FAIL
2026-09-23 13:39:00 proofs/obj/probe_blob2.bend exit=1 peak=2.64GB elapsed=282.0s all_terms_check=False unsafe=False killed=False heap_hint=3000000000 -> FAIL
2026-09-23 13:43:56 proofs/obj/probe_blob2.bend exit=1 peak=2.63GB elapsed=278.4s all_terms_check=False unsafe=False killed=False heap_hint=3000000000 -> FAIL
2026-09-23 13:49:09 proofs/obj/probe_blob2.bend exit=0 peak=3.49GB elapsed=298.6s all_terms_check=True unsafe=False killed=False heap_hint=3000000000 -> PASS
2026-09-23 13:53:27 proofs/obj/probe_wr_a.bend exit=0 peak=2.81GB elapsed=197.5s all_terms_check=True unsafe=False killed=False heap_hint=3000000000 -> PASS
2026-09-23 13:56:43 proofs/obj/probe_wr_a.bend exit=0 peak=2.51GB elapsed=190.2s all_terms_check=True unsafe=False killed=False heap_hint=3000000000 -> PASS
2026-09-23 14:03:16 proofs/obj/list_root.bend exit=1 peak=3.34GB elapsed=381.1s all_terms_check=False unsafe=False killed=False heap_hint=3000000000 -> FAIL
2026-09-23 14:08:21 proofs/obj/list_root.bend exit=0 peak=2.79GB elapsed=291.9s all_terms_check=True unsafe=False killed=False heap_hint=3000000000 -> PASS
2026-09-23 14:09:16 proofs/obj/nat_facts.bend exit=1 peak=0.33GB elapsed=0.4s all_terms_check=False unsafe=False killed=False heap_hint=3000000000 -> FAIL
2026-09-23 14:09:38 proofs/obj/nat_facts.bend exit=0 peak=1.66GB elapsed=12.5s all_terms_check=True unsafe=False killed=False heap_hint=3000000000 -> PASS
2026-09-23 14:19:33 proofs/obj/list_obj.bend exit=0 peak=3.33GB elapsed=558.1s all_terms_check=True unsafe=False killed=False heap_hint=3000000000 -> PASS
2026-09-23 14:23:56 proofs/obj/dk.bend exit=0 peak=0.06GB elapsed=0.1s all_terms_check=True unsafe=False killed=False heap_hint=3000000000 -> PASS
2026-09-23 14:29:29 proofs/obj/probe_blob2.bend exit=0 peak=2.76GB elapsed=209.4s all_terms_check=True unsafe=False killed=False heap_hint=3000000000 -> PASS
2026-09-23 14:30:04 proofs/obj/list_obj.bend exit=1 peak=0.61GB elapsed=0.7s all_terms_check=False unsafe=False killed=False heap_hint=3000000000 -> FAIL
2026-09-23 14:37:04 proofs/obj/list_obj.bend exit=0 peak=3.31GB elapsed=408.2s all_terms_check=True unsafe=False killed=False heap_hint=3000000000 -> PASS
2026-09-23 14:54:38 proofs/obj/list_obj.bend exit=0 peak=3.44GB elapsed=629.7s all_terms_check=True unsafe=False killed=False heap_hint=3000000000 -> PASS
2026-09-23 15:04:46 proofs/obj/pv_obj.bend exit=0 peak=2.61GB elapsed=607.7s all_terms_check=True unsafe=False killed=False heap_hint=3000000000 -> PASS
2026-09-23 15:04:57 proofs/obj/bits_leaf.bend exit=1 peak=0.00GB elapsed=0.1s all_terms_check=False unsafe=False killed=False heap_hint=3000000000 -> FAIL
2026-09-23 15:04:57 proofs/obj/obj_support.bend exit=0 peak=0.09GB elapsed=0.2s all_terms_check=True unsafe=False killed=False heap_hint=3000000000 -> PASS
2026-09-23 15:06:41 proofs/obj/bits_leaf.bend exit=0 peak=1.43GB elapsed=45.4s all_terms_check=True unsafe=False killed=False heap_hint=3000000000 -> PASS
2026-09-23 15:27:20 proofs/obj/root_names.bend exit=1 peak=3.28GB elapsed=1189.7s all_terms_check=False unsafe=False killed=False heap_hint=3000000000 -> FAIL
2026-09-23 15:27:22 proofs/obj/root_types.bend exit=1 peak=0.74GB elapsed=1.5s all_terms_check=False unsafe=False killed=False heap_hint=3000000000 -> FAIL
2026-09-23 15:28:17 proofs/obj/bits_leaf.bend exit=0 peak=1.40GB elapsed=33.8s all_terms_check=True unsafe=False killed=False heap_hint=3000000000 -> PASS
2026-09-23 15:45:31 proofs/obj/root_names.bend exit=0 peak=3.03GB elapsed=1023.9s all_terms_check=True unsafe=False killed=False heap_hint=3000000000 -> PASS
2026-09-23 15:56:48 proofs/obj/ulist_obj.bend exit=0 peak=3.11GB elapsed=676.9s all_terms_check=True unsafe=False killed=False heap_hint=3000000000 -> PASS
2026-09-23 15:56:49 proofs/obj/root_types.bend exit=1 peak=0.78GB elapsed=1.5s all_terms_check=False unsafe=False killed=False heap_hint=3000000000 -> FAIL
2026-09-23 16:10:13 proofs/obj/root_big.bend exit=1 peak=2.87GB elapsed=803.3s all_terms_check=False unsafe=False killed=False heap_hint=3000000000 -> FAIL
2026-09-23 16:34:31 proofs/obj/probe_eqs.bend exit=1 peak=0.00GB elapsed=0.1s all_terms_check=False unsafe=False killed=False heap_hint=3000000000 -> FAIL
2026-09-23 16:34:31 proofs/obj/leaf_small.bend exit=1 peak=0.48GB elapsed=0.5s all_terms_check=False unsafe=False killed=False heap_hint=3000000000 -> FAIL
2026-09-23 16:34:54 proofs/obj/elems_obj.bend exit=1 peak=1.90GB elapsed=22.3s all_terms_check=False unsafe=False killed=False heap_hint=3000000000 -> FAIL
2026-09-23 16:35:21 proofs/obj/fill_pieces.bend exit=1 peak=1.89GB elapsed=27.5s all_terms_check=False unsafe=False killed=False heap_hint=3000000000 -> FAIL
2026-09-23 16:36:09 proofs/obj/fill_pieces.bend exit=1 peak=1.93GB elapsed=25.9s all_terms_check=False unsafe=False killed=False heap_hint=3000000000 -> FAIL
2026-09-23 16:36:53 proofs/obj/leaf_small.bend exit=0 peak=2.95GB elapsed=43.6s all_terms_check=True unsafe=False killed=False heap_hint=3000000000 -> PASS
2026-09-23 16:37:15 proofs/obj/elems_obj.bend exit=1 peak=1.84GB elapsed=21.9s all_terms_check=False unsafe=False killed=False heap_hint=3000000000 -> FAIL
2026-09-23 16:37:47 proofs/obj/elems_obj.bend exit=0 peak=1.82GB elapsed=21.2s all_terms_check=True unsafe=False killed=False heap_hint=3000000000 -> PASS
2026-09-23 16:38:12 proofs/obj/fill_pieces.bend exit=1 peak=1.88GB elapsed=25.6s all_terms_check=False unsafe=False killed=False heap_hint=3000000000 -> FAIL
2026-09-23 16:38:47 proofs/obj/fill_pieces.bend exit=1 peak=1.92GB elapsed=26.0s all_terms_check=False unsafe=False killed=False heap_hint=3000000000 -> FAIL
2026-09-23 16:39:28 proofs/obj/fill_pieces.bend exit=1 peak=1.87GB elapsed=26.0s all_terms_check=False unsafe=False killed=False heap_hint=3000000000 -> FAIL
2026-09-23 16:40:13 proofs/obj/fill_pieces.bend exit=0 peak=1.87GB elapsed=28.0s all_terms_check=True unsafe=False killed=False heap_hint=3000000000 -> PASS
2026-09-23 16:40:24 proofs/obj/root_types.bend exit=1 peak=0.80GB elapsed=0.8s all_terms_check=False unsafe=False killed=False heap_hint=3000000000 -> FAIL
2026-09-23 16:53:11 proofs/obj/root_types.bend exit=1 peak=2.97GB elapsed=728.2s all_terms_check=False unsafe=False killed=False heap_hint=3000000000 -> FAIL
2026-09-23 17:03:40 proofs/obj/obj_support.bend exit=0 peak=0.14GB elapsed=0.3s all_terms_check=True unsafe=False killed=False heap_hint=3000000000 -> PASS
2026-09-23 18:02:38 proofs/obj/cform.bend exit=0 peak=2.89GB elapsed=3533.8s all_terms_check=True unsafe=False killed=False heap_hint=3000000000 -> PASS
2026-09-23 18:02:53 proofs/obj/root_types.bend exit=1 peak=0.74GB elapsed=1.9s all_terms_check=False unsafe=False killed=False heap_hint=3000000000 -> FAIL
2026-09-23 18:03:54 proofs/obj/root_types.bend exit=1 peak=0.73GB elapsed=2.7s all_terms_check=False unsafe=False killed=False heap_hint=3000000000 -> FAIL
2026-09-23 18:04:19 proofs/obj/obj_support.bend exit=0 peak=0.15GB elapsed=0.4s all_terms_check=True unsafe=False killed=False heap_hint=3000000000 -> PASS
2026-09-23 18:04:41 proofs/obj/root_types.bend exit=1 peak=0.71GB elapsed=2.5s all_terms_check=False unsafe=False killed=False heap_hint=3000000000 -> FAIL
2026-09-23 18:35:11 proofs/obj/root_types.bend exit=1 peak=3.68GB elapsed=1816.7s all_terms_check=False unsafe=False killed=False heap_hint=3000000000 -> FAIL
2026-09-23 19:08:32 proofs/obj/zz_probe.bend exit=1 peak=3.64GB elapsed=1940.7s all_terms_check=False unsafe=False killed=False heap_hint=3000000000 -> FAIL
2026-09-23 19:09:17 proofs/obj/zz_probe.bend exit=1 peak=0.70GB elapsed=0.8s all_terms_check=False unsafe=False killed=False heap_hint=3000000000 -> FAIL
2026-09-23 19:09:22 proofs/obj/zz_probe.bend exit=1 peak=0.73GB elapsed=0.8s all_terms_check=False unsafe=False killed=False heap_hint=3000000000 -> FAIL
2026-09-23 19:09:29 proofs/obj/zz_probe.bend exit=1 peak=0.79GB elapsed=1.1s all_terms_check=False unsafe=False killed=False heap_hint=3000000000 -> FAIL
2026-09-23 19:09:37 proofs/obj/zz_probe.bend exit=0 peak=0.73GB elapsed=0.8s all_terms_check=True unsafe=False killed=False heap_hint=3000000000 -> PASS
2026-09-23 19:09:38 proofs/obj/zz_probe.bend exit=0 peak=0.73GB elapsed=0.9s all_terms_check=True unsafe=False killed=False heap_hint=3000000000 -> PASS
2026-09-23 19:09:39 proofs/obj/zz_probe.bend exit=0 peak=0.70GB elapsed=1.0s all_terms_check=True unsafe=False killed=False heap_hint=3000000000 -> PASS
2026-09-23 19:09:40 proofs/obj/zz_probe.bend exit=0 peak=0.76GB elapsed=1.2s all_terms_check=True unsafe=False killed=False heap_hint=3000000000 -> PASS
2026-09-23 19:09:41 proofs/obj/zz_probe.bend exit=1 peak=0.73GB elapsed=1.1s all_terms_check=False unsafe=False killed=False heap_hint=3000000000 -> FAIL
2026-09-23 19:09:42 proofs/obj/zz_probe.bend exit=1 peak=0.75GB elapsed=1.0s all_terms_check=False unsafe=False killed=False heap_hint=3000000000 -> FAIL
2026-09-23 19:09:43 proofs/obj/zz_probe.bend exit=0 peak=0.70GB elapsed=1.0s all_terms_check=True unsafe=False killed=False heap_hint=3000000000 -> PASS
2026-09-23 19:09:45 proofs/obj/zz_probe.bend exit=0 peak=0.67GB elapsed=1.0s all_terms_check=True unsafe=False killed=False heap_hint=3000000000 -> PASS
2026-09-23 19:09:46 proofs/obj/zz_probe.bend exit=0 peak=0.74GB elapsed=1.2s all_terms_check=True unsafe=False killed=False heap_hint=3000000000 -> PASS
2026-09-23 19:09:47 proofs/obj/zz_probe.bend exit=0 peak=0.71GB elapsed=1.0s all_terms_check=True unsafe=False killed=False heap_hint=3000000000 -> PASS
2026-09-23 19:09:48 proofs/obj/zz_probe.bend exit=0 peak=0.72GB elapsed=1.0s all_terms_check=True unsafe=False killed=False heap_hint=3000000000 -> PASS
2026-09-23 19:09:49 proofs/obj/zz_probe.bend exit=0 peak=0.71GB elapsed=1.0s all_terms_check=True unsafe=False killed=False heap_hint=3000000000 -> PASS
2026-09-23 19:09:50 proofs/obj/zz_probe.bend exit=0 peak=0.70GB elapsed=1.1s all_terms_check=True unsafe=False killed=False heap_hint=3000000000 -> PASS
2026-09-23 19:09:51 proofs/obj/zz_probe.bend exit=0 peak=0.72GB elapsed=1.0s all_terms_check=True unsafe=False killed=False heap_hint=3000000000 -> PASS
2026-09-23 19:09:53 proofs/obj/zz_probe.bend exit=0 peak=0.70GB elapsed=1.1s all_terms_check=True unsafe=False killed=False heap_hint=3000000000 -> PASS
2026-09-23 19:09:54 proofs/obj/zz_probe.bend exit=0 peak=1.01GB elapsed=1.6s all_terms_check=True unsafe=False killed=False heap_hint=3000000000 -> PASS
2026-09-23 19:09:56 proofs/obj/zz_probe.bend exit=0 peak=1.02GB elapsed=1.6s all_terms_check=True unsafe=False killed=False heap_hint=3000000000 -> PASS
2026-09-23 19:09:57 proofs/obj/zz_probe.bend exit=0 peak=0.67GB elapsed=1.1s all_terms_check=True unsafe=False killed=False heap_hint=3000000000 -> PASS
2026-09-23 19:09:58 proofs/obj/zz_probe.bend exit=0 peak=0.72GB elapsed=1.1s all_terms_check=True unsafe=False killed=False heap_hint=3000000000 -> PASS
2026-09-23 19:10:54 proofs/obj/zz_probe.bend exit=0 peak=0.10GB elapsed=0.2s all_terms_check=True unsafe=False killed=False heap_hint=3000000000 -> PASS
2026-09-23 19:10:54 proofs/obj/zz_probe.bend exit=0 peak=0.13GB elapsed=0.2s all_terms_check=True unsafe=False killed=False heap_hint=3000000000 -> PASS
2026-09-23 19:10:55 proofs/obj/zz_probe.bend exit=0 peak=0.12GB elapsed=0.2s all_terms_check=True unsafe=False killed=False heap_hint=3000000000 -> PASS
2026-09-23 19:11:16 proofs/obj/zz_probe.bend exit=0 peak=0.68GB elapsed=2.8s all_terms_check=True unsafe=False killed=False heap_hint=3000000000 -> PASS
2026-09-23 19:11:20 proofs/obj/zz_probe.bend exit=0 peak=0.77GB elapsed=3.3s all_terms_check=True unsafe=False killed=False heap_hint=3000000000 -> PASS
2026-09-23 19:11:23 proofs/obj/zz_probe.bend exit=0 peak=0.98GB elapsed=3.0s all_terms_check=True unsafe=False killed=False heap_hint=3000000000 -> PASS
2026-09-23 19:11:39 proofs/obj/zz_probe.bend exit=0 peak=1.38GB elapsed=3.8s all_terms_check=True unsafe=False killed=False heap_hint=3000000000 -> PASS
2026-09-23 19:11:43 proofs/obj/zz_probe.bend exit=0 peak=1.45GB elapsed=3.8s all_terms_check=True unsafe=False killed=False heap_hint=3000000000 -> PASS
2026-09-23 19:11:59 proofs/obj/zz_probe.bend exit=0 peak=1.46GB elapsed=3.8s all_terms_check=True unsafe=False killed=False heap_hint=3000000000 -> PASS
2026-09-23 19:12:03 proofs/obj/zz_probe.bend exit=0 peak=1.47GB elapsed=4.0s all_terms_check=True unsafe=False killed=False heap_hint=3000000000 -> PASS
2026-09-23 19:12:04 proofs/obj/zz_probe.bend exit=0 peak=0.70GB elapsed=1.0s all_terms_check=True unsafe=False killed=False heap_hint=3000000000 -> PASS
2026-09-23 19:12:05 proofs/obj/zz_probe.bend exit=0 peak=0.70GB elapsed=1.1s all_terms_check=True unsafe=False killed=False heap_hint=3000000000 -> PASS
2026-09-23 19:12:40 proofs/obj/zz_probe.bend exit=1 peak=0.76GB elapsed=1.6s all_terms_check=False unsafe=False killed=False heap_hint=3000000000 -> FAIL
2026-09-23 19:12:41 proofs/obj/zz_probe.bend exit=0 peak=0.71GB elapsed=1.3s all_terms_check=True unsafe=False killed=False heap_hint=3000000000 -> PASS
2026-09-23 19:12:43 proofs/obj/zz_probe.bend exit=0 peak=0.69GB elapsed=1.4s all_terms_check=True unsafe=False killed=False heap_hint=3000000000 -> PASS
2026-09-23 19:12:44 proofs/obj/zz_probe.bend exit=1 peak=0.71GB elapsed=1.2s all_terms_check=False unsafe=False killed=False heap_hint=3000000000 -> FAIL
2026-09-23 19:12:46 proofs/obj/zz_probe.bend exit=1 peak=0.69GB elapsed=1.1s all_terms_check=False unsafe=False killed=False heap_hint=3000000000 -> FAIL
2026-09-23 19:13:13 proofs/obj/zz_probe.bend exit=1 peak=1.46GB elapsed=4.6s all_terms_check=False unsafe=False killed=False heap_hint=3000000000 -> FAIL
2026-09-23 19:13:34 proofs/obj/zz_probe.bend exit=1 peak=0.72GB elapsed=1.0s all_terms_check=False unsafe=False killed=False heap_hint=3000000000 -> FAIL
2026-09-23 19:13:35 proofs/obj/zz_probe.bend exit=1 peak=0.74GB elapsed=1.3s all_terms_check=False unsafe=False killed=False heap_hint=3000000000 -> FAIL
2026-09-23 19:13:37 proofs/obj/zz_probe.bend exit=0 peak=0.66GB elapsed=1.1s all_terms_check=True unsafe=False killed=False heap_hint=3000000000 -> PASS
2026-09-23 19:13:38 proofs/obj/zz_probe.bend exit=1 peak=0.68GB elapsed=1.1s all_terms_check=False unsafe=False killed=False heap_hint=3000000000 -> FAIL
2026-09-23 19:43:28 proofs/obj/root_types.bend exit=1 peak=3.61GB elapsed=1714.6s all_terms_check=False unsafe=False killed=False heap_hint=3000000000 -> FAIL
2026-09-23 19:43:53 proofs/obj/zz_probe.bend exit=0 peak=0.74GB elapsed=0.8s all_terms_check=True unsafe=False killed=False heap_hint=3000000000 -> PASS
2026-09-23 19:43:53 proofs/obj/zz_probe.bend exit=0 peak=0.78GB elapsed=0.6s all_terms_check=True unsafe=False killed=False heap_hint=3000000000 -> PASS
2026-09-23 19:43:54 proofs/obj/zz_probe.bend exit=0 peak=0.77GB elapsed=0.7s all_terms_check=True unsafe=False killed=False heap_hint=3000000000 -> PASS
2026-09-23 19:43:55 proofs/obj/zz_probe.bend exit=0 peak=0.70GB elapsed=0.7s all_terms_check=True unsafe=False killed=False heap_hint=3000000000 -> PASS
2026-09-23 19:43:55 proofs/obj/zz_probe.bend exit=0 peak=0.78GB elapsed=0.7s all_terms_check=True unsafe=False killed=False heap_hint=3000000000 -> PASS
2026-09-23 19:43:56 proofs/obj/zz_probe.bend exit=0 peak=0.75GB elapsed=0.7s all_terms_check=True unsafe=False killed=False heap_hint=3000000000 -> PASS
2026-09-23 19:43:57 proofs/obj/zz_probe.bend exit=0 peak=0.77GB elapsed=0.8s all_terms_check=True unsafe=False killed=False heap_hint=3000000000 -> PASS
2026-09-23 19:43:58 proofs/obj/zz_probe.bend exit=0 peak=0.78GB elapsed=0.9s all_terms_check=True unsafe=False killed=False heap_hint=3000000000 -> PASS
2026-09-23 19:43:59 proofs/obj/zz_probe.bend exit=0 peak=0.73GB elapsed=0.8s all_terms_check=True unsafe=False killed=False heap_hint=3000000000 -> PASS
2026-09-23 19:44:00 proofs/obj/zz_probe.bend exit=0 peak=0.71GB elapsed=0.8s all_terms_check=True unsafe=False killed=False heap_hint=3000000000 -> PASS
2026-09-23 19:44:01 proofs/obj/zz_probe.bend exit=0 peak=0.76GB elapsed=0.8s all_terms_check=True unsafe=False killed=False heap_hint=3000000000 -> PASS
2026-09-23 19:44:01 proofs/obj/zz_probe.bend exit=0 peak=0.72GB elapsed=0.7s all_terms_check=True unsafe=False killed=False heap_hint=3000000000 -> PASS
2026-09-23 19:44:02 proofs/obj/zz_probe.bend exit=0 peak=0.78GB elapsed=0.8s all_terms_check=True unsafe=False killed=False heap_hint=3000000000 -> PASS
2026-09-23 19:44:03 proofs/obj/zz_probe.bend exit=0 peak=0.75GB elapsed=0.7s all_terms_check=True unsafe=False killed=False heap_hint=3000000000 -> PASS
2026-09-23 19:44:04 proofs/obj/zz_probe.bend exit=0 peak=0.72GB elapsed=0.7s all_terms_check=True unsafe=False killed=False heap_hint=3000000000 -> PASS
2026-09-23 19:44:05 proofs/obj/zz_probe.bend exit=0 peak=0.78GB elapsed=0.7s all_terms_check=True unsafe=False killed=False heap_hint=3000000000 -> PASS
2026-09-23 20:05:00 proofs/obj/zz_probe.bend exit=0 peak=4.11GB elapsed=1248.0s all_terms_check=True unsafe=False killed=False heap_hint=3000000000 -> PASS
2026-09-23 20:16:06 proofs/obj/zz_probe.bend exit=1 peak=3.57GB elapsed=648.1s all_terms_check=False unsafe=False killed=False heap_hint=3000000000 -> FAIL
2026-09-23 20:25:51 proofs/obj/zz_probe.bend exit=1 peak=2.96GB elapsed=568.1s all_terms_check=False unsafe=False killed=False heap_hint=3000000000 -> FAIL
2026-09-23 20:42:30 proofs/obj/zz_probe.bend exit=0 peak=3.76GB elapsed=983.6s all_terms_check=True unsafe=False killed=False heap_hint=3000000000 -> PASS
2026-09-23 20:51:56 proofs/obj/zz_probe.bend exit=1 peak=2.89GB elapsed=551.8s all_terms_check=False unsafe=False killed=False heap_hint=3000000000 -> FAIL
2026-09-23 21:02:10 proofs/obj/zz_probe.bend exit=1 peak=2.75GB elapsed=567.5s all_terms_check=False unsafe=False killed=False heap_hint=3000000000 -> FAIL
2026-09-23 21:14:11 proofs/obj/zz_probe.bend exit=1 peak=3.28GB elapsed=684.3s all_terms_check=False unsafe=False killed=False heap_hint=3000000000 -> FAIL
2026-09-23 21:54:14 proofs/obj/zz_probe.bend exit=0 peak=4.15GB elapsed=2378.3s all_terms_check=True unsafe=False killed=False heap_hint=3000000000 -> PASS
2026-09-23 22:57:37 proofs/obj/root_types.bend exit=0 peak=3.39GB elapsed=3729.8s all_terms_check=True unsafe=False killed=False heap_hint=3000000000 -> PASS
2026-09-23 23:26:34 proofs/obj/valid_names.bend exit=0 peak=3.35GB elapsed=1728.8s all_terms_check=True unsafe=False killed=False heap_hint=3000000000 -> PASS
2026-09-24 00:49:21 proofs/active_slot_bound.bend exit=0 peak=1.47GB elapsed=8.6s all_terms_check=True unsafe=False killed=False heap_hint=3000000000 -> PASS
2026-09-24 00:49:21 proofs/basic_root.bend exit=0 peak=0.08GB elapsed=0.1s all_terms_check=True unsafe=False killed=False heap_hint=3000000000 -> PASS
2026-09-24 00:49:29 proofs/bit_chunk_count.bend exit=0 peak=1.08GB elapsed=8.6s all_terms_check=True unsafe=False killed=False heap_hint=3000000000 -> PASS
2026-09-24 00:49:43 proofs/bit_decode.bend exit=0 peak=0.17GB elapsed=13.4s all_terms_check=True unsafe=False killed=False heap_hint=3000000000 -> PASS
2026-09-24 00:49:56 proofs/bit_decoding.bend exit=0 peak=0.16GB elapsed=13.4s all_terms_check=True unsafe=False killed=False heap_hint=3000000000 -> PASS
2026-09-24 00:50:05 proofs/bit_delimiter.bend exit=0 peak=1.07GB elapsed=8.3s all_terms_check=True unsafe=False killed=False heap_hint=3000000000 -> PASS
2026-09-24 00:50:06 proofs/bit_inverse.bend exit=0 peak=0.19GB elapsed=1.1s all_terms_check=True unsafe=False killed=False heap_hint=3000000000 -> PASS
2026-09-24 00:50:27 proofs/bit_list_canonical.bend exit=0 peak=1.12GB elapsed=21.2s all_terms_check=True unsafe=False killed=False heap_hint=3000000000 -> PASS
2026-09-24 00:50:48 proofs/bit_list_codec.bend exit=0 peak=1.12GB elapsed=20.7s all_terms_check=True unsafe=False killed=False heap_hint=3000000000 -> PASS
2026-09-24 00:50:49 proofs/bit_list_inverse.bend exit=0 peak=0.18GB elapsed=1.1s all_terms_check=True unsafe=False killed=False heap_hint=3000000000 -> PASS
2026-09-24 00:51:11 proofs/bit_list_root.bend exit=0 peak=1.30GB elapsed=22.2s all_terms_check=True unsafe=False killed=False heap_hint=3000000000 -> PASS
2026-09-24 00:51:12 proofs/bit_packing.bend exit=0 peak=0.15GB elapsed=0.5s all_terms_check=True unsafe=False killed=False heap_hint=3000000000 -> PASS
2026-09-24 00:51:20 proofs/bit_padding.bend exit=0 peak=1.07GB elapsed=8.1s all_terms_check=True unsafe=False killed=False heap_hint=3000000000 -> PASS
2026-09-24 00:51:29 proofs/bit_padding_pack.bend exit=0 peak=1.10GB elapsed=8.4s all_terms_check=True unsafe=False killed=False heap_hint=3000000000 -> PASS
2026-09-24 00:51:50 proofs/bit_root.bend exit=0 peak=1.29GB elapsed=21.8s all_terms_check=True unsafe=False killed=False heap_hint=3000000000 -> PASS
2026-09-24 00:51:51 proofs/bit_take_unique.bend exit=0 peak=0.09GB elapsed=0.1s all_terms_check=True unsafe=False killed=False heap_hint=3000000000 -> PASS
2026-09-24 00:52:05 proofs/bit_vector_canonical.bend exit=0 peak=0.20GB elapsed=14.7s all_terms_check=True unsafe=False killed=False heap_hint=3000000000 -> PASS
2026-09-24 00:52:20 proofs/bit_vector_inverse.bend exit=0 peak=0.22GB elapsed=14.7s all_terms_check=True unsafe=False killed=False heap_hint=3000000000 -> PASS
2026-09-24 00:52:21 proofs/bitfields.bend exit=0 peak=0.17GB elapsed=0.5s all_terms_check=True unsafe=False killed=False heap_hint=3000000000 -> PASS
2026-09-24 00:52:21 proofs/boolean_canonical.bend exit=0 peak=0.08GB elapsed=0.1s all_terms_check=True unsafe=False killed=False heap_hint=3000000000 -> PASS
2026-09-24 00:52:21 proofs/byte_arithmetic.bend exit=0 peak=0.12GB elapsed=0.2s all_terms_check=True unsafe=False killed=False heap_hint=3000000000 -> PASS
2026-09-24 00:52:43 proofs/byte_list.bend exit=0 peak=1.36GB elapsed=21.7s all_terms_check=True unsafe=False killed=False heap_hint=3000000000 -> PASS
2026-09-24 00:52:52 proofs/byte_root.bend exit=0 peak=1.17GB elapsed=8.9s all_terms_check=True unsafe=False killed=False heap_hint=3000000000 -> PASS
2026-09-24 00:52:52 proofs/bytes.bend exit=0 peak=0.09GB elapsed=0.1s all_terms_check=True unsafe=False killed=False heap_hint=3000000000 -> PASS
2026-09-24 00:53:00 proofs/cached_tree.bend exit=0 peak=1.06GB elapsed=8.4s all_terms_check=True unsafe=False killed=False heap_hint=3000000000 -> PASS
2026-09-24 00:53:09 proofs/codec_accumulator.bend exit=0 peak=1.30GB elapsed=8.8s all_terms_check=True unsafe=False killed=False heap_hint=3000000000 -> PASS
2026-09-24 00:53:32 proofs/codec_composition.bend exit=0 peak=1.62GB elapsed=22.3s all_terms_check=True unsafe=False killed=False heap_hint=3000000000 -> PASS
2026-09-24 00:53:40 proofs/codec_count.bend exit=0 peak=1.25GB elapsed=8.7s all_terms_check=True unsafe=False killed=False heap_hint=3000000000 -> PASS
2026-09-24 00:54:02 proofs/codec_helpers.bend exit=0 peak=1.48GB elapsed=21.8s all_terms_check=True unsafe=False killed=False heap_hint=3000000000 -> PASS
2026-09-24 00:54:03 proofs/codec_inverse.bend exit=0 peak=0.17GB elapsed=0.5s all_terms_check=True unsafe=False killed=False heap_hint=3000000000 -> PASS
2026-09-24 00:54:26 proofs/codec_leaves.bend exit=0 peak=1.34GB elapsed=22.9s all_terms_check=True unsafe=False killed=False heap_hint=3000000000 -> PASS
2026-09-24 00:54:26 proofs/codec_shape.bend exit=0 peak=0.12GB elapsed=0.2s all_terms_check=True unsafe=False killed=False heap_hint=3000000000 -> PASS
2026-09-24 00:54:26 proofs/compatibility_bounded.bend exit=0 peak=0.34GB elapsed=0.4s all_terms_check=True unsafe=False killed=False heap_hint=3000000000 -> PASS
2026-09-24 00:54:27 proofs/compatibility_choice.bend exit=0 peak=0.12GB elapsed=0.2s all_terms_check=True unsafe=False killed=False heap_hint=3000000000 -> PASS
2026-09-24 00:54:52 proofs/compatibility_complete.bend exit=0 peak=2.28GB elapsed=24.7s all_terms_check=True unsafe=False killed=False heap_hint=3000000000 -> PASS
2026-09-24 00:54:52 proofs/compatibility_derivation.bend exit=0 peak=0.09GB elapsed=0.1s all_terms_check=True unsafe=False killed=False heap_hint=3000000000 -> PASS
2026-09-24 00:54:52 proofs/compatibility_equations.bend exit=0 peak=0.45GB elapsed=0.7s all_terms_check=True unsafe=False killed=False heap_hint=3000000000 -> PASS
2026-09-24 00:55:28 proofs/compatibility_equivalence.bend exit=0 peak=3.00GB elapsed=35.3s all_terms_check=True unsafe=False killed=False heap_hint=3000000000 -> PASS
2026-09-24 00:55:51 proofs/compatibility_finite.bend exit=0 peak=2.17GB elapsed=23.3s all_terms_check=True unsafe=False killed=False heap_hint=3000000000 -> PASS
2026-09-24 00:56:15 proofs/compatibility_finite_identity.bend exit=0 peak=2.25GB elapsed=23.5s all_terms_check=True unsafe=False killed=False heap_hint=3000000000 -> PASS
2026-09-24 00:56:24 proofs/compatibility_identity.bend exit=0 peak=1.44GB elapsed=9.0s all_terms_check=True unsafe=False killed=False heap_hint=3000000000 -> PASS
2026-09-24 00:56:33 proofs/compatibility_measure.bend exit=0 peak=1.39GB elapsed=8.8s all_terms_check=True unsafe=False killed=False heap_hint=3000000000 -> PASS
2026-09-24 00:56:35 proofs/compatibility_monotone.bend exit=0 peak=0.92GB elapsed=1.9s all_terms_check=True unsafe=False killed=False heap_hint=3000000000 -> PASS
2026-09-24 00:56:37 proofs/compatibility_named.bend exit=0 peak=0.92GB elapsed=1.9s all_terms_check=True unsafe=False killed=False heap_hint=3000000000 -> PASS
2026-09-24 00:56:37 proofs/compatibility_positions.bend exit=0 peak=0.35GB elapsed=0.4s all_terms_check=True unsafe=False killed=False heap_hint=3000000000 -> PASS
2026-09-24 00:57:11 proofs/compatibility_public_budget.bend exit=0 peak=2.74GB elapsed=33.7s all_terms_check=True unsafe=False killed=False heap_hint=3000000000 -> PASS
2026-09-24 00:57:33 proofs/compatibility_rank.bend exit=0 peak=1.42GB elapsed=22.5s all_terms_check=True unsafe=False killed=False heap_hint=3000000000 -> PASS
2026-09-24 00:57:42 proofs/compatibility_slot_shape.bend exit=0 peak=1.29GB elapsed=8.9s all_terms_check=True unsafe=False killed=False heap_hint=3000000000 -> PASS
2026-09-24 00:57:54 proofs/compatibility_soundness.bend exit=0 peak=2.29GB elapsed=11.6s all_terms_check=True unsafe=False killed=False heap_hint=3000000000 -> PASS
2026-09-24 00:58:29 proofs/compatibility_stability.bend exit=0 peak=3.07GB elapsed=34.7s all_terms_check=True unsafe=False killed=False heap_hint=3000000000 -> PASS
2026-09-24 00:58:53 proofs/complete_decode.bend exit=0 peak=1.73GB elapsed=24.0s all_terms_check=True unsafe=False killed=False heap_hint=3000000000 -> PASS
2026-09-24 00:59:16 proofs/complete_leaves.bend exit=0 peak=1.50GB elapsed=22.5s all_terms_check=True unsafe=False killed=False heap_hint=3000000000 -> PASS
2026-09-24 00:59:39 proofs/complete_regions.bend exit=0 peak=1.83GB elapsed=23.5s all_terms_check=True unsafe=False killed=False heap_hint=3000000000 -> PASS
2026-09-24 01:00:03 proofs/complete_step.bend exit=0 peak=1.76GB elapsed=23.5s all_terms_check=True unsafe=False killed=False heap_hint=3000000000 -> PASS
2026-09-24 01:00:26 proofs/complete_walk.bend exit=0 peak=1.79GB elapsed=23.3s all_terms_check=True unsafe=False killed=False heap_hint=3000000000 -> PASS
2026-09-24 01:00:49 proofs/cursor_cases.bend exit=0 peak=1.49GB elapsed=23.1s all_terms_check=True unsafe=False killed=False heap_hint=3000000000 -> PASS
2026-09-24 01:01:12 proofs/cursor_leaves.bend exit=0 peak=1.46GB elapsed=22.4s all_terms_check=True unsafe=False killed=False heap_hint=3000000000 -> PASS
2026-09-24 01:01:36 proofs/cursor_legal.bend exit=0 peak=1.64GB elapsed=23.6s all_terms_check=True unsafe=False killed=False heap_hint=3000000000 -> PASS
2026-09-24 01:01:59 proofs/cursor_sound.bend exit=0 peak=1.59GB elapsed=23.4s all_terms_check=True unsafe=False killed=False heap_hint=3000000000 -> PASS
2026-09-24 01:02:23 proofs/cursor_walk.bend exit=0 peak=1.76GB elapsed=23.6s all_terms_check=True unsafe=False killed=False heap_hint=3000000000 -> PASS
2026-09-24 01:02:32 proofs/cvalue_chain.bend exit=0 peak=1.40GB elapsed=9.2s all_terms_check=True unsafe=False killed=False heap_hint=3000000000 -> PASS
2026-09-24 01:02:32 proofs/decode_budget.bend exit=0 peak=0.00GB elapsed=0.1s all_terms_check=True unsafe=False killed=False heap_hint=3000000000 -> PASS
2026-09-24 01:03:03 proofs/decode_canonical.bend exit=0 peak=2.95GB elapsed=31.0s all_terms_check=True unsafe=False killed=False heap_hint=3000000000 -> PASS
2026-09-24 01:04:38 proofs/decode_complete.bend exit=0 peak=3.66GB elapsed=95.1s all_terms_check=True unsafe=False killed=False heap_hint=3000000000 -> PASS
2026-09-24 01:04:38 proofs/decode_congruence.bend exit=0 peak=0.00GB elapsed=0.1s all_terms_check=True unsafe=False killed=False heap_hint=3000000000 -> PASS
2026-09-24 01:04:39 proofs/decode_count_bound.bend exit=0 peak=0.00GB elapsed=0.1s all_terms_check=True unsafe=False killed=False heap_hint=3000000000 -> PASS
2026-09-24 01:05:02 proofs/decode_facts.bend exit=0 peak=1.48GB elapsed=23.3s all_terms_check=True unsafe=False killed=False heap_hint=3000000000 -> PASS
2026-09-24 01:05:02 proofs/decode_goal.bend exit=0 peak=0.00GB elapsed=0.1s all_terms_check=True unsafe=False killed=False heap_hint=3000000000 -> PASS
2026-09-24 01:05:42 proofs/decode_image.bend exit=0 peak=2.99GB elapsed=39.7s all_terms_check=True unsafe=False killed=False heap_hint=3000000000 -> PASS
2026-09-24 01:05:42 proofs/decode_inputs.bend exit=0 peak=0.00GB elapsed=0.1s all_terms_check=True unsafe=False killed=False heap_hint=3000000000 -> PASS
2026-09-24 01:05:42 proofs/decode_inverse.bend exit=0 peak=0.00GB elapsed=0.1s all_terms_check=True unsafe=False killed=False heap_hint=3000000000 -> PASS
2026-09-24 01:05:42 proofs/decode_layout_bound.bend exit=0 peak=0.00GB elapsed=0.1s all_terms_check=True unsafe=False killed=False heap_hint=3000000000 -> PASS
2026-09-24 01:05:42 proofs/decode_monotone.bend exit=0 peak=0.00GB elapsed=0.1s all_terms_check=True unsafe=False killed=False heap_hint=3000000000 -> PASS
2026-09-24 01:06:05 proofs/decode_rank.bend exit=0 peak=1.32GB elapsed=22.4s all_terms_check=True unsafe=False killed=False heap_hint=3000000000 -> PASS
2026-09-24 01:06:14 proofs/decode_selection_bound.bend exit=0 peak=1.27GB elapsed=9.4s all_terms_check=True unsafe=False killed=False heap_hint=3000000000 -> PASS
2026-09-24 01:06:38 proofs/decode_shape.bend exit=0 peak=1.61GB elapsed=23.9s all_terms_check=True unsafe=False killed=False heap_hint=3000000000 -> PASS
2026-09-24 01:07:09 proofs/decode_soundness.bend exit=0 peak=2.94GB elapsed=30.3s all_terms_check=True unsafe=False killed=False heap_hint=3000000000 -> PASS
2026-09-24 01:07:09 proofs/decode_stability.bend exit=0 peak=0.00GB elapsed=0.1s all_terms_check=True unsafe=False killed=False heap_hint=3000000000 -> PASS
2026-09-24 01:07:39 proofs/decode_top.bend exit=0 peak=3.28GB elapsed=30.2s all_terms_check=True unsafe=False killed=False heap_hint=3000000000 -> PASS
2026-09-24 01:08:02 proofs/division.bend exit=0 peak=1.19GB elapsed=22.8s all_terms_check=True unsafe=False killed=False heap_hint=3000000000 -> PASS
2026-09-24 01:08:03 proofs/encoding_complete.bend exit=0 peak=0.18GB elapsed=0.8s all_terms_check=True unsafe=False killed=False heap_hint=3000000000 -> PASS
2026-09-24 01:08:30 proofs/encoding_domain.bend exit=0 peak=2.22GB elapsed=27.2s all_terms_check=True unsafe=False killed=False heap_hint=3000000000 -> PASS
2026-09-24 01:08:30 proofs/exact_division.bend exit=0 peak=0.09GB elapsed=0.1s all_terms_check=True unsafe=False killed=False heap_hint=3000000000 -> PASS
2026-09-24 01:08:39 proofs/fulu_adapter_complete.bend exit=0 peak=1.35GB elapsed=9.0s all_terms_check=True unsafe=False killed=False heap_hint=3000000000 -> PASS
2026-09-24 01:08:49 proofs/fulu_adapter_inverse.bend exit=0 peak=1.29GB elapsed=10.0s all_terms_check=True unsafe=False killed=False heap_hint=3000000000 -> PASS
2026-09-24 01:08:59 proofs/fulu_adapter_preservation.bend exit=0 peak=1.27GB elapsed=10.0s all_terms_check=True unsafe=False killed=False heap_hint=3000000000 -> PASS
2026-09-24 01:09:10 proofs/fulu_byte_inventory.bend exit=0 peak=1.19GB elapsed=11.1s all_terms_check=True unsafe=False killed=False heap_hint=3000000000 -> PASS
2026-09-24 01:09:21 proofs/fulu_bytes.bend exit=0 peak=1.17GB elapsed=10.1s all_terms_check=True unsafe=False killed=False heap_hint=3000000000 -> PASS
2026-09-24 01:09:31 proofs/fulu_legality.bend exit=0 peak=1.37GB elapsed=10.1s all_terms_check=True unsafe=False killed=False heap_hint=3000000000 -> PASS
2026-09-24 01:09:55 proofs/fulu_list_inventory.bend exit=0 peak=1.32GB elapsed=24.2s all_terms_check=True unsafe=False killed=False heap_hint=3000000000 -> PASS
2026-09-24 01:10:06 proofs/fulu_named.bend exit=0 peak=1.63GB elapsed=11.1s all_terms_check=True unsafe=False killed=False heap_hint=3000000000 -> PASS
2026-09-24 01:10:07 proofs/fulu_primitives.bend exit=0 peak=0.20GB elapsed=0.8s all_terms_check=True unsafe=False killed=False heap_hint=3000000000 -> PASS
2026-09-24 01:10:34 proofs/fulu_serialization_inventory.bend exit=0 peak=1.53GB elapsed=26.5s all_terms_check=True unsafe=False killed=False heap_hint=3000000000 -> PASS
2026-09-24 01:10:56 proofs/identity_decision.bend exit=0 peak=1.63GB elapsed=22.1s all_terms_check=True unsafe=False killed=False heap_hint=3000000000 -> PASS
2026-09-24 01:11:06 proofs/identity_equivalence.bend exit=0 peak=1.33GB elapsed=9.6s all_terms_check=True unsafe=False killed=False heap_hint=3000000000 -> PASS
2026-09-24 01:11:15 proofs/identity_legality.bend exit=0 peak=1.36GB elapsed=9.6s all_terms_check=True unsafe=False killed=False heap_hint=3000000000 -> PASS
2026-09-24 01:11:15 proofs/identity_logic.bend exit=0 peak=0.00GB elapsed=0.1s all_terms_check=True unsafe=False killed=False heap_hint=3000000000 -> PASS
2026-09-24 01:11:31 proofs/identity_normalization.bend exit=0 peak=0.29GB elapsed=15.6s all_terms_check=True unsafe=False killed=False heap_hint=3000000000 -> PASS
2026-09-24 01:11:40 proofs/identity_total.bend exit=0 peak=1.35GB elapsed=9.4s all_terms_check=True unsafe=False killed=False heap_hint=3000000000 -> PASS
2026-09-24 01:11:41 proofs/identity_unsigned.bend exit=0 peak=0.08GB elapsed=0.1s all_terms_check=True unsafe=False killed=False heap_hint=3000000000 -> PASS
2026-09-24 01:11:41 proofs/integer_decoding.bend exit=0 peak=0.15GB elapsed=0.3s all_terms_check=True unsafe=False killed=False heap_hint=3000000000 -> PASS
2026-09-24 01:11:41 proofs/integer_encoding.bend exit=0 peak=0.14GB elapsed=0.2s all_terms_check=True unsafe=False killed=False heap_hint=3000000000 -> PASS
2026-09-24 01:12:04 proofs/layout.bend exit=0 peak=1.15GB elapsed=22.9s all_terms_check=True unsafe=False killed=False heap_hint=3000000000 -> PASS
2026-09-24 01:12:28 proofs/layout_bounds.bend exit=0 peak=1.13GB elapsed=23.3s all_terms_check=True unsafe=False killed=False heap_hint=3000000000 -> PASS
2026-09-24 01:12:50 proofs/layout_counts.bend exit=0 peak=1.09GB elapsed=22.6s all_terms_check=True unsafe=False killed=False heap_hint=3000000000 -> PASS
2026-09-24 01:13:00 proofs/layout_extents.bend exit=0 peak=1.06GB elapsed=9.2s all_terms_check=True unsafe=False killed=False heap_hint=3000000000 -> PASS
2026-09-24 01:13:22 proofs/layout_headers.bend exit=0 peak=1.14GB elapsed=22.7s all_terms_check=True unsafe=False killed=False heap_hint=3000000000 -> PASS
2026-09-24 01:13:45 proofs/layout_image.bend exit=0 peak=1.07GB elapsed=22.4s all_terms_check=True unsafe=False killed=False heap_hint=3000000000 -> PASS
2026-09-24 01:14:08 proofs/layout_image_extents.bend exit=0 peak=1.10GB elapsed=22.7s all_terms_check=True unsafe=False killed=False heap_hint=3000000000 -> PASS
2026-09-24 01:14:30 proofs/layout_image_headers.bend exit=0 peak=1.19GB elapsed=22.8s all_terms_check=True unsafe=False killed=False heap_hint=3000000000 -> PASS
2026-09-24 01:14:54 proofs/layout_offset_value.bend exit=0 peak=1.19GB elapsed=23.0s all_terms_check=True unsafe=False killed=False heap_hint=3000000000 -> PASS
2026-09-24 01:15:03 proofs/layout_slices.bend exit=0 peak=1.04GB elapsed=9.1s all_terms_check=True unsafe=False killed=False heap_hint=3000000000 -> PASS
2026-09-24 01:15:26 proofs/leaf_sizes.bend exit=0 peak=1.17GB elapsed=22.9s all_terms_check=True unsafe=False killed=False heap_hint=3000000000 -> PASS
2026-09-24 01:15:36 proofs/limits.bend exit=0 peak=1.18GB elapsed=10.0s all_terms_check=True unsafe=False killed=False heap_hint=3000000000 -> PASS
2026-09-24 01:15:36 proofs/lists.bend exit=0 peak=0.08GB elapsed=0.2s all_terms_check=True unsafe=False killed=False heap_hint=3000000000 -> PASS
2026-09-24 01:15:46 proofs/merkle.bend exit=0 peak=1.15GB elapsed=9.6s all_terms_check=True unsafe=False killed=False heap_hint=3000000000 -> PASS
2026-09-24 01:15:46 proofs/metadata_reflection.bend exit=0 peak=0.07GB elapsed=0.1s all_terms_check=True unsafe=False killed=False heap_hint=3000000000 -> PASS
2026-09-24 01:15:56 proofs/mixing.bend exit=0 peak=1.14GB elapsed=9.9s all_terms_check=True unsafe=False killed=False heap_hint=3000000000 -> PASS
2026-09-24 01:16:19 proofs/nat_algebra.bend exit=0 peak=1.18GB elapsed=23.0s all_terms_check=True unsafe=False killed=False heap_hint=3000000000 -> PASS
2026-09-24 01:16:42 proofs/nat_bytes.bend exit=0 peak=1.17GB elapsed=22.7s all_terms_check=True unsafe=False killed=False heap_hint=3000000000 -> PASS
2026-09-24 01:16:51 proofs/nat_order.bend exit=0 peak=1.07GB elapsed=9.3s all_terms_check=True unsafe=False killed=False heap_hint=3000000000 -> PASS
2026-09-24 01:17:15 proofs/normative_encoding.bend exit=0 peak=1.62GB elapsed=23.7s all_terms_check=True unsafe=False killed=False heap_hint=3000000000 -> PASS
2026-09-24 01:17:39 proofs/offset_digits.bend exit=0 peak=1.08GB elapsed=24.6s all_terms_check=True unsafe=False killed=False heap_hint=3000000000 -> PASS
2026-09-24 01:17:40 proofs/packed.bend exit=0 peak=0.21GB elapsed=0.3s all_terms_check=True unsafe=False killed=False heap_hint=3000000000 -> PASS
2026-09-24 01:18:07 proofs/packed_domain.bend exit=0 peak=2.18GB elapsed=27.4s all_terms_check=True unsafe=False killed=False heap_hint=3000000000 -> PASS
2026-09-24 01:18:36 proofs/packed_pack.bend exit=0 peak=2.15GB elapsed=28.5s all_terms_check=True unsafe=False killed=False heap_hint=3000000000 -> PASS
2026-09-24 01:19:04 proofs/packed_pack_acc.bend exit=0 peak=2.42GB elapsed=28.5s all_terms_check=True unsafe=False killed=False heap_hint=3000000000 -> PASS
2026-09-24 01:19:05 proofs/packing.bend exit=0 peak=0.12GB elapsed=0.2s all_terms_check=True unsafe=False killed=False heap_hint=3000000000 -> PASS
2026-09-24 01:19:28 proofs/parts_algebra.bend exit=0 peak=1.19GB elapsed=23.3s all_terms_check=True unsafe=False killed=False heap_hint=3000000000 -> PASS
2026-09-24 01:19:28 proofs/power_division.bend exit=0 peak=0.08GB elapsed=0.1s all_terms_check=True unsafe=False killed=False heap_hint=3000000000 -> PASS
2026-09-24 01:19:28 proofs/prefix.bend exit=0 peak=0.08GB elapsed=0.1s all_terms_check=True unsafe=False killed=False heap_hint=3000000000 -> PASS
2026-09-24 01:19:29 proofs/primitive_invariants.bend exit=0 peak=0.12GB elapsed=0.2s all_terms_check=True unsafe=False killed=False heap_hint=3000000000 -> PASS
2026-09-24 01:19:29 proofs/primitives.bend exit=0 peak=0.08GB elapsed=0.1s all_terms_check=True unsafe=False killed=False heap_hint=3000000000 -> PASS
2026-09-24 01:19:39 proofs/progressive.bend exit=0 peak=1.19GB elapsed=9.9s all_terms_check=True unsafe=False killed=False heap_hint=3000000000 -> PASS
2026-09-24 01:19:39 proofs/representation_erasure.bend exit=0 peak=0.09GB elapsed=0.1s all_terms_check=True unsafe=False killed=False heap_hint=3000000000 -> PASS
2026-09-24 01:20:08 proofs/root_complete.bend exit=0 peak=2.25GB elapsed=28.9s all_terms_check=True unsafe=False killed=False heap_hint=3000000000 -> PASS
2026-09-24 01:20:34 proofs/root_complete_steps.bend exit=0 peak=1.56GB elapsed=25.9s all_terms_check=True unsafe=False killed=False heap_hint=3000000000 -> PASS
2026-09-24 01:21:18 proofs/root_domain_broader.bend exit=0 peak=3.19GB elapsed=44.0s all_terms_check=True unsafe=False killed=False heap_hint=3000000000 -> PASS
2026-09-24 01:21:48 proofs/root_domain_compat.bend exit=0 peak=1.93GB elapsed=29.4s all_terms_check=True unsafe=False killed=False heap_hint=3000000000 -> PASS
2026-09-24 01:22:12 proofs/root_domain_steps.bend exit=0 peak=1.62GB elapsed=24.7s all_terms_check=True unsafe=False killed=False heap_hint=3000000000 -> PASS
2026-09-24 01:22:40 proofs/root_domain_witness.bend exit=0 peak=1.93GB elapsed=28.0s all_terms_check=True unsafe=False killed=False heap_hint=3000000000 -> PASS
2026-09-24 01:23:10 proofs/root_public.bend exit=0 peak=2.64GB elapsed=29.3s all_terms_check=True unsafe=False killed=False heap_hint=3000000000 -> PASS
2026-09-24 01:23:35 proofs/root_relation_leaves.bend exit=0 peak=1.47GB elapsed=25.0s all_terms_check=True unsafe=False killed=False heap_hint=3000000000 -> PASS
2026-09-24 01:23:45 proofs/root_relation_merkle.bend exit=0 peak=1.17GB elapsed=9.9s all_terms_check=True unsafe=False killed=False heap_hint=3000000000 -> PASS
2026-09-24 01:24:10 proofs/root_scope.bend exit=0 peak=1.66GB elapsed=25.4s all_terms_check=True unsafe=False killed=False heap_hint=3000000000 -> PASS
2026-09-24 01:24:38 proofs/root_sound.bend exit=0 peak=2.22GB elapsed=27.9s all_terms_check=True unsafe=False killed=False heap_hint=3000000000 -> PASS
2026-09-24 01:25:04 proofs/root_steps.bend exit=0 peak=1.56GB elapsed=25.7s all_terms_check=True unsafe=False killed=False heap_hint=3000000000 -> PASS
2026-09-24 01:25:33 proofs/root_total.bend exit=0 peak=2.61GB elapsed=29.0s all_terms_check=True unsafe=False killed=False heap_hint=3000000000 -> PASS
2026-09-24 01:25:59 proofs/root_total_steps.bend exit=0 peak=1.57GB elapsed=25.5s all_terms_check=True unsafe=False killed=False heap_hint=3000000000 -> PASS
2026-09-24 01:25:59 proofs/schema.bend exit=0 peak=0.32GB elapsed=0.4s all_terms_check=True unsafe=False killed=False heap_hint=3000000000 -> PASS
2026-09-24 01:26:00 proofs/schema_forest.bend exit=0 peak=0.46GB elapsed=0.9s all_terms_check=True unsafe=False killed=False heap_hint=3000000000 -> PASS
2026-09-24 01:26:24 proofs/schema_lookups.bend exit=0 peak=1.61GB elapsed=24.1s all_terms_check=True unsafe=False killed=False heap_hint=3000000000 -> PASS
2026-09-24 01:26:34 proofs/schema_measure.bend exit=0 peak=1.31GB elapsed=9.3s all_terms_check=True unsafe=False killed=False heap_hint=3000000000 -> PASS
2026-09-24 01:26:43 proofs/schema_selection_shape.bend exit=0 peak=1.25GB elapsed=9.0s all_terms_check=True unsafe=False killed=False heap_hint=3000000000 -> PASS
2026-09-24 01:27:07 proofs/schema_width.bend exit=0 peak=1.54GB elapsed=24.1s all_terms_check=True unsafe=False killed=False heap_hint=3000000000 -> PASS
2026-09-24 01:27:17 proofs/tree.bend exit=0 peak=1.22GB elapsed=10.0s all_terms_check=True unsafe=False killed=False heap_hint=3000000000 -> PASS
2026-09-24 01:27:17 proofs/type_legality_structure.bend exit=0 peak=0.12GB elapsed=0.2s all_terms_check=True unsafe=False killed=False heap_hint=3000000000 -> PASS
2026-09-24 01:27:54 proofs/type_validator_complete.bend exit=0 peak=3.03GB elapsed=36.6s all_terms_check=True unsafe=False killed=False heap_hint=3000000000 -> PASS
2026-09-24 01:28:20 proofs/type_validator_soundness.bend exit=0 peak=2.44GB elapsed=26.4s all_terms_check=True unsafe=False killed=False heap_hint=3000000000 -> PASS
2026-09-24 01:28:20 proofs/u32_order.bend exit=0 peak=0.09GB elapsed=0.1s all_terms_check=True unsafe=False killed=False heap_hint=3000000000 -> PASS
2026-09-24 01:28:43 proofs/validator_fields.bend exit=0 peak=1.33GB elapsed=22.4s all_terms_check=True unsafe=False killed=False heap_hint=3000000000 -> PASS
2026-09-24 01:28:52 proofs/validator_metadata.bend exit=0 peak=1.27GB elapsed=9.3s all_terms_check=True unsafe=False killed=False heap_hint=3000000000 -> PASS
2026-09-24 01:29:02 proofs/validator_selectors.bend exit=0 peak=1.32GB elapsed=9.2s all_terms_check=True unsafe=False killed=False heap_hint=3000000000 -> PASS
2026-09-24 01:29:26 proofs/value_domain.bend exit=0 peak=1.54GB elapsed=24.0s all_terms_check=True unsafe=False killed=False heap_hint=3000000000 -> PASS
2026-09-24 01:29:26 proofs/walk.bend exit=0 peak=0.18GB elapsed=0.2s all_terms_check=True unsafe=False killed=False heap_hint=3000000000 -> PASS
2026-09-24 01:29:26 proofs/word_facts.bend exit=0 peak=0.08GB elapsed=0.1s all_terms_check=True unsafe=False killed=False heap_hint=3000000000 -> PASS
2026-09-24 01:29:26 proofs/word_nat.bend exit=0 peak=0.12GB elapsed=0.2s all_terms_check=True unsafe=False killed=False heap_hint=3000000000 -> PASS
2026-09-24 01:29:27 proofs/word_split.bend exit=0 peak=0.08GB elapsed=0.1s all_terms_check=True unsafe=False killed=False heap_hint=3000000000 -> PASS
2026-09-24 01:29:28 proofs/compact/arith.bend exit=0 peak=0.15GB elapsed=0.9s all_terms_check=True unsafe=False killed=False heap_hint=3000000000 -> PASS
2026-09-24 01:29:29 proofs/compact/bits.bend exit=0 peak=0.40GB elapsed=0.9s all_terms_check=True unsafe=False killed=False heap_hint=3000000000 -> PASS
2026-09-24 01:29:30 proofs/compact/buf.bend exit=0 peak=0.47GB elapsed=1.8s all_terms_check=True unsafe=False killed=False heap_hint=3000000000 -> PASS
2026-09-24 01:29:31 proofs/compact/found.bend exit=0 peak=0.16GB elapsed=0.9s all_terms_check=True unsafe=False killed=False heap_hint=3000000000 -> PASS
2026-09-24 01:29:33 proofs/compact/reads.bend exit=0 peak=0.39GB elapsed=1.1s all_terms_check=True unsafe=False killed=False heap_hint=3000000000 -> PASS
2026-09-24 01:29:58 proofs/obj/bits_leaf.bend exit=0 peak=1.39GB elapsed=25.1s all_terms_check=True unsafe=False killed=False heap_hint=3000000000 -> PASS
2026-09-24 01:30:00 proofs/obj/cache.bend exit=0 peak=1.51GB elapsed=2.6s all_terms_check=True unsafe=False killed=False heap_hint=3000000000 -> PASS
2026-09-24 01:35:56 proofs/obj/cform.bend exit=0 peak=3.01GB elapsed=355.1s all_terms_check=True unsafe=False killed=False heap_hint=3000000000 -> PASS
2026-09-24 01:35:58 proofs/obj/codec_0.bend exit=0 peak=1.68GB elapsed=2.4s all_terms_check=True unsafe=False killed=False heap_hint=3000000000 -> PASS
2026-09-24 01:36:01 proofs/obj/codec_1.bend exit=0 peak=1.51GB elapsed=3.0s all_terms_check=True unsafe=False killed=False heap_hint=3000000000 -> PASS
2026-09-24 01:36:05 proofs/obj/codec_2.bend exit=0 peak=1.73GB elapsed=3.5s all_terms_check=True unsafe=False killed=False heap_hint=3000000000 -> PASS
2026-09-24 01:36:09 proofs/obj/codec_3.bend exit=0 peak=1.49GB elapsed=4.8s all_terms_check=True unsafe=False killed=False heap_hint=3000000000 -> PASS
2026-09-24 01:36:13 proofs/obj/codec_4.bend exit=0 peak=1.73GB elapsed=3.8s all_terms_check=True unsafe=False killed=False heap_hint=3000000000 -> PASS
2026-09-24 01:36:16 proofs/obj/codec_5.bend exit=0 peak=1.48GB elapsed=2.2s all_terms_check=True unsafe=False killed=False heap_hint=3000000000 -> PASS
2026-09-24 01:36:17 proofs/obj/collections_0.bend exit=0 peak=1.30GB elapsed=1.7s all_terms_check=True unsafe=False killed=False heap_hint=3000000000 -> PASS
2026-09-24 01:36:19 proofs/obj/collections_1.bend exit=0 peak=1.31GB elapsed=1.8s all_terms_check=True unsafe=False killed=False heap_hint=3000000000 -> PASS
2026-09-24 01:36:20 proofs/obj/cost.bend exit=0 peak=0.15GB elapsed=0.9s all_terms_check=True unsafe=False killed=False heap_hint=3000000000 -> PASS
2026-09-24 01:36:20 proofs/obj/dk.bend exit=0 peak=0.00GB elapsed=0.1s all_terms_check=True unsafe=False killed=False heap_hint=3000000000 -> PASS
2026-09-24 01:45:19 proofs/obj/elems48.bend exit=0 peak=3.01GB elapsed=538.3s all_terms_check=True unsafe=False killed=False heap_hint=3000000000 -> PASS
2026-09-24 01:45:43 proofs/obj/elems_obj.bend exit=0 peak=1.93GB elapsed=24.1s all_terms_check=True unsafe=False killed=False heap_hint=3000000000 -> PASS
2026-09-24 01:45:45 proofs/obj/fields_0.bend exit=0 peak=1.24GB elapsed=1.7s all_terms_check=True unsafe=False killed=False heap_hint=3000000000 -> PASS
2026-09-24 01:45:46 proofs/obj/fields_1.bend exit=0 peak=1.35GB elapsed=1.8s all_terms_check=True unsafe=False killed=False heap_hint=3000000000 -> PASS
2026-09-24 01:45:48 proofs/obj/fields_2.bend exit=0 peak=1.29GB elapsed=1.8s all_terms_check=True unsafe=False killed=False heap_hint=3000000000 -> PASS
2026-09-24 01:45:50 proofs/obj/fields_3.bend exit=0 peak=1.25GB elapsed=1.7s all_terms_check=True unsafe=False killed=False heap_hint=3000000000 -> PASS
2026-09-24 01:45:52 proofs/obj/fields_4.bend exit=0 peak=1.36GB elapsed=1.8s all_terms_check=True unsafe=False killed=False heap_hint=3000000000 -> PASS
2026-09-24 01:45:54 proofs/obj/fields_5.bend exit=0 peak=1.30GB elapsed=1.8s all_terms_check=True unsafe=False killed=False heap_hint=3000000000 -> PASS
2026-09-24 01:45:56 proofs/obj/fields_6.bend exit=0 peak=1.31GB elapsed=1.7s all_terms_check=True unsafe=False killed=False heap_hint=3000000000 -> PASS
2026-09-24 01:46:23 proofs/obj/fill_pieces.bend exit=0 peak=1.89GB elapsed=27.6s all_terms_check=True unsafe=False killed=False heap_hint=3000000000 -> PASS
2026-09-24 01:46:25 proofs/obj/gcodec_0.bend exit=0 peak=1.42GB elapsed=1.9s all_terms_check=True unsafe=False killed=False heap_hint=3000000000 -> PASS
2026-09-24 01:47:14 proofs/obj/leaf_small.bend exit=0 peak=2.85GB elapsed=48.5s all_terms_check=True unsafe=False killed=False heap_hint=3000000000 -> PASS
2026-09-24 01:47:39 proofs/obj/len_bridge.bend exit=0 peak=1.42GB elapsed=25.0s all_terms_check=True unsafe=False killed=False heap_hint=3000000000 -> PASS
2026-09-24 01:53:27 proofs/obj/list_obj.bend exit=0 peak=3.44GB elapsed=347.6s all_terms_check=True unsafe=False killed=False heap_hint=3000000000 -> PASS
2026-09-24 01:59:19 proofs/obj/list_root.bend exit=0 peak=3.42GB elapsed=352.7s all_terms_check=True unsafe=False killed=False heap_hint=3000000000 -> PASS
2026-09-24 01:59:29 proofs/obj/load.bend exit=0 peak=1.01GB elapsed=9.2s all_terms_check=True unsafe=False killed=False heap_hint=3000000000 -> PASS
2026-09-24 01:59:30 proofs/obj/mtree_defs.bend exit=0 peak=0.73GB elapsed=0.9s all_terms_check=True unsafe=False killed=False heap_hint=3000000000 -> PASS
2026-09-24 01:59:32 proofs/obj/mtree_run.bend exit=0 peak=0.95GB elapsed=2.0s all_terms_check=True unsafe=False killed=False heap_hint=3000000000 -> PASS
2026-09-24 02:02:13 proofs/obj/mtree_spec.bend exit=0 peak=2.49GB elapsed=161.6s all_terms_check=True unsafe=False killed=False heap_hint=3000000000 -> PASS
2026-09-24 02:02:27 proofs/obj/nat_facts.bend exit=0 peak=1.76GB elapsed=13.5s all_terms_check=True unsafe=False killed=False heap_hint=3000000000 -> PASS
2026-09-24 02:02:27 proofs/obj/obj_support.bend exit=0 peak=0.15GB elapsed=0.2s all_terms_check=True unsafe=False killed=False heap_hint=3000000000 -> PASS
2026-09-24 02:05:21 proofs/obj/pv_obj.bend exit=0 peak=2.58GB elapsed=173.6s all_terms_check=True unsafe=False killed=False heap_hint=3000000000 -> PASS
2026-09-24 02:05:22 proofs/obj/repr.bend exit=0 peak=0.14GB elapsed=1.0s all_terms_check=True unsafe=False killed=False heap_hint=3000000000 -> PASS
2026-09-24 02:05:26 proofs/obj/root_leaf.bend exit=0 peak=1.05GB elapsed=4.2s all_terms_check=True unsafe=False killed=False heap_hint=3000000000 -> PASS
2026-09-24 02:14:00 proofs/obj/root_names.bend exit=0 peak=2.91GB elapsed=513.6s all_terms_check=True unsafe=False killed=False heap_hint=3000000000 -> PASS
2026-09-24 02:16:56 proofs/obj/root_support.bend exit=0 peak=2.60GB elapsed=175.8s all_terms_check=True unsafe=False killed=False heap_hint=3000000000 -> PASS
2026-09-24 02:26:10 proofs/obj/root_types.bend exit=0 peak=3.40GB elapsed=554.1s all_terms_check=True unsafe=False killed=False heap_hint=3000000000 -> PASS
2026-09-24 02:31:09 proofs/obj/root_words.bend exit=0 peak=3.77GB elapsed=298.9s all_terms_check=True unsafe=False killed=False heap_hint=3000000000 -> PASS
2026-09-24 02:31:10 proofs/obj/schema_shapes.bend exit=0 peak=0.71GB elapsed=0.8s all_terms_check=True unsafe=False killed=False heap_hint=3000000000 -> PASS
2026-09-24 02:31:12 proofs/obj/seq_elem.bend exit=0 peak=1.39GB elapsed=2.3s all_terms_check=True unsafe=False killed=False heap_hint=3000000000 -> PASS
2026-09-24 02:31:14 proofs/obj/serialize_0.bend exit=0 peak=1.47GB elapsed=1.9s all_terms_check=True unsafe=False killed=False heap_hint=3000000000 -> PASS
2026-09-24 02:31:16 proofs/obj/serialize_1.bend exit=0 peak=1.33GB elapsed=2.0s all_terms_check=True unsafe=False killed=False heap_hint=3000000000 -> PASS
2026-09-24 02:31:18 proofs/obj/serialize_2.bend exit=0 peak=1.41GB elapsed=1.7s all_terms_check=True unsafe=False killed=False heap_hint=3000000000 -> PASS
2026-09-24 02:31:18 proofs/obj/sha_bridge.bend exit=0 peak=0.12GB elapsed=0.2s all_terms_check=True unsafe=False killed=False heap_hint=3000000000 -> PASS
2026-09-24 02:31:29 proofs/obj/sha_node.bend exit=0 peak=1.77GB elapsed=11.0s all_terms_check=True unsafe=False killed=False heap_hint=3000000000 -> PASS
2026-09-24 02:31:31 proofs/obj/spec_bits.bend exit=0 peak=0.45GB elapsed=1.9s all_terms_check=True unsafe=False killed=False heap_hint=3000000000 -> PASS
2026-09-24 02:31:38 proofs/obj/spec_codec_0.bend exit=0 peak=1.88GB elapsed=6.7s all_terms_check=True unsafe=False killed=False heap_hint=3000000000 -> PASS
2026-09-24 02:31:47 proofs/obj/spec_codec_1.bend exit=0 peak=1.94GB elapsed=8.8s all_terms_check=True unsafe=False killed=False heap_hint=3000000000 -> PASS
2026-09-24 02:32:21 proofs/obj/spec_codec_2.bend exit=0 peak=2.73GB elapsed=33.8s all_terms_check=True unsafe=False killed=False heap_hint=3000000000 -> PASS
2026-09-24 02:33:06 proofs/obj/spec_codec_3.bend exit=0 peak=2.84GB elapsed=44.8s all_terms_check=True unsafe=False killed=False heap_hint=3000000000 -> PASS
2026-09-24 02:33:54 proofs/obj/spec_codec_4.bend exit=0 peak=2.98GB elapsed=48.5s all_terms_check=True unsafe=False killed=False heap_hint=3000000000 -> PASS
2026-09-24 02:34:12 proofs/obj/spec_codec_5.bend exit=0 peak=2.04GB elapsed=17.4s all_terms_check=True unsafe=False killed=False heap_hint=3000000000 -> PASS
2026-09-24 02:35:07 proofs/obj/spec_codec_6.bend exit=0 peak=2.82GB elapsed=55.0s all_terms_check=True unsafe=False killed=False heap_hint=3000000000 -> PASS
2026-09-24 02:35:08 proofs/obj/spec_fixed.bend exit=0 peak=0.47GB elapsed=1.3s all_terms_check=True unsafe=False killed=False heap_hint=3000000000 -> PASS
2026-09-24 02:35:24 proofs/obj/spec_input_0.bend exit=0 peak=2.55GB elapsed=15.7s all_terms_check=True unsafe=False killed=False heap_hint=3000000000 -> PASS
2026-09-24 02:36:09 proofs/obj/spec_input_1.bend exit=0 peak=2.80GB elapsed=44.9s all_terms_check=True unsafe=False killed=False heap_hint=3000000000 -> PASS
2026-09-24 02:38:03 proofs/obj/spec_input_2.bend exit=0 peak=3.03GB elapsed=114.1s all_terms_check=True unsafe=False killed=False heap_hint=3000000000 -> PASS
2026-09-24 02:40:52 proofs/obj/spec_input_3.bend exit=0 peak=3.00GB elapsed=168.5s all_terms_check=True unsafe=False killed=False heap_hint=3000000000 -> PASS
2026-09-24 02:42:53 proofs/obj/spec_input_4.bend exit=0 peak=3.06GB elapsed=120.7s all_terms_check=True unsafe=False killed=False heap_hint=3000000000 -> PASS
2026-09-24 02:43:47 proofs/obj/spec_input_5.bend exit=0 peak=2.94GB elapsed=54.1s all_terms_check=True unsafe=False killed=False heap_hint=3000000000 -> PASS
2026-09-24 02:46:47 proofs/obj/spec_input_6.bend exit=0 peak=3.13GB elapsed=180.4s all_terms_check=True unsafe=False killed=False heap_hint=3000000000 -> PASS
2026-09-24 02:46:55 proofs/obj/spec_repr_0.bend exit=0 peak=1.83GB elapsed=7.7s all_terms_check=True unsafe=False killed=False heap_hint=3000000000 -> PASS
2026-09-24 02:47:07 proofs/obj/spec_repr_1.bend exit=0 peak=2.03GB elapsed=11.4s all_terms_check=True unsafe=False killed=False heap_hint=3000000000 -> PASS
2026-09-24 02:47:45 proofs/obj/spec_repr_2.bend exit=0 peak=2.58GB elapsed=38.7s all_terms_check=True unsafe=False killed=False heap_hint=3000000000 -> PASS
2026-09-24 02:49:00 proofs/obj/spec_repr_3.bend exit=0 peak=2.76GB elapsed=74.5s all_terms_check=True unsafe=False killed=False heap_hint=3000000000 -> PASS
2026-09-24 02:52:35 proofs/obj/spec_repr_4.bend exit=0 peak=2.93GB elapsed=215.4s all_terms_check=True unsafe=False killed=False heap_hint=3000000000 -> PASS
2026-09-24 02:52:52 proofs/obj/spec_repr_5.bend exit=0 peak=2.14GB elapsed=16.6s all_terms_check=True unsafe=False killed=False heap_hint=3000000000 -> PASS
2026-09-24 03:13:50 proofs/obj/spec_repr_6.bend exit=0 peak=3.56GB elapsed=1258.2s all_terms_check=True unsafe=False killed=False heap_hint=3000000000 -> PASS
2026-09-24 03:15:04 proofs/obj/spec_repr_small.bend exit=0 peak=2.13GB elapsed=73.7s all_terms_check=True unsafe=False killed=False heap_hint=3000000000 -> PASS
2026-09-24 03:16:17 proofs/obj/spec_small.bend exit=0 peak=2.34GB elapsed=72.4s all_terms_check=True unsafe=False killed=False heap_hint=3000000000 -> PASS
2026-09-24 03:31:48 proofs/obj/spec_unique_0.bend exit=0 peak=5.22GB elapsed=931.4s all_terms_check=True unsafe=False killed=False heap_hint=3000000000 -> PASS
2026-09-24 03:50:06 proofs/obj/spec_unique_1.bend exit=0 peak=5.61GB elapsed=1097.6s all_terms_check=True unsafe=False killed=False heap_hint=3000000000 -> PASS
2026-09-24 04:02:27 proofs/obj/spec_unique_small.bend exit=0 peak=5.09GB elapsed=741.1s all_terms_check=True unsafe=False killed=False heap_hint=3000000000 -> PASS
2026-09-24 04:07:20 proofs/obj/ulist_obj.bend exit=0 peak=3.22GB elapsed=293.2s all_terms_check=True unsafe=False killed=False heap_hint=3000000000 -> PASS
2026-09-24 04:15:14 proofs/obj/valid_names.bend exit=0 peak=3.40GB elapsed=473.5s all_terms_check=True unsafe=False killed=False heap_hint=3000000000 -> PASS
2026-09-24 04:17:59 proofs/obj/words_obj.bend exit=0 peak=2.74GB elapsed=164.6s all_terms_check=True unsafe=False killed=False heap_hint=3000000000 -> PASS
2026-09-24 04:22:25 proofs/obj/words_root.bend exit=0 peak=3.18GB elapsed=266.2s all_terms_check=True unsafe=False killed=False heap_hint=3000000000 -> PASS
2026-09-24 04:22:30 proofs/obj/words_spec.bend exit=0 peak=1.06GB elapsed=4.8s all_terms_check=True unsafe=False killed=False heap_hint=3000000000 -> PASS
2026-09-24 04:22:31 proofs/obj/xlist_support.bend exit=0 peak=0.16GB elapsed=0.8s all_terms_check=True unsafe=False killed=False heap_hint=3000000000 -> PASS
2026-09-24 04:24:00 proofs/obj/zero_roots.bend exit=0 peak=0.33GB elapsed=89.2s all_terms_check=True unsafe=False killed=False heap_hint=3000000000 -> PASS
2026-09-24 04:24:10 HASH_PROOF.bend exit=0 peak=1.16GB elapsed=9.5s all_terms_check=True unsafe=False killed=False heap_hint=3000000000 -> PASS
2026-09-24 04:25:52 END_TO_END.bend exit=0 peak=3.86GB elapsed=102.6s all_terms_check=True unsafe=False killed=False heap_hint=3000000000 -> PASS
2026-09-24 04:27:35 ROOT_DOMAIN.bend exit=0 peak=3.83GB elapsed=102.9s all_terms_check=True unsafe=False killed=False heap_hint=3000000000 -> PASS
2026-09-24 04:29:05 PROOF.bend exit=0 peak=3.57GB elapsed=90.1s all_terms_check=True unsafe=False killed=False heap_hint=3000000000 -> PASS
2026-09-24 04:38:29 proofs/obj/zz_p3.bend exit=0 peak=2.74GB elapsed=330.3s all_terms_check=True unsafe=False killed=False heap_hint=3000000000 -> PASS
2026-09-24 04:47:23 proofs/obj/zz_p4.bend exit=1 peak=3.57GB elapsed=488.4s all_terms_check=False unsafe=False killed=False heap_hint=3000000000 -> FAIL
2026-09-24 04:47:34 proofs/obj/zz_p5.bend exit=1 peak=0.73GB elapsed=0.7s all_terms_check=False unsafe=False killed=False heap_hint=3000000000 -> FAIL
2026-09-24 04:47:35 proofs/obj/zz_p5b.bend exit=0 peak=0.72GB elapsed=0.6s all_terms_check=True unsafe=False killed=False heap_hint=3000000000 -> PASS
2026-09-24 04:48:15 proofs/obj/zz_p6.bend exit=1 peak=0.71GB elapsed=0.7s all_terms_check=False unsafe=False killed=False heap_hint=3000000000 -> FAIL
2026-09-24 04:48:16 proofs/obj/zz_p6.bend exit=1 peak=0.80GB elapsed=0.7s all_terms_check=False unsafe=False killed=False heap_hint=3000000000 -> FAIL
2026-09-24 04:48:29 proofs/obj/zz_p6.bend exit=1 peak=0.78GB elapsed=0.7s all_terms_check=False unsafe=False killed=False heap_hint=3000000000 -> FAIL
2026-09-24 04:48:29 proofs/obj/zz_p6.bend exit=1 peak=0.73GB elapsed=0.6s all_terms_check=False unsafe=False killed=False heap_hint=3000000000 -> FAIL
2026-09-24 04:48:30 proofs/obj/zz_p6.bend exit=1 peak=0.71GB elapsed=0.6s all_terms_check=False unsafe=False killed=False heap_hint=3000000000 -> FAIL
2026-09-24 04:48:31 proofs/obj/zz_p6.bend exit=1 peak=0.77GB elapsed=0.7s all_terms_check=False unsafe=False killed=False heap_hint=3000000000 -> FAIL
2026-09-24 04:48:31 proofs/obj/zz_p6.bend exit=1 peak=0.75GB elapsed=0.6s all_terms_check=False unsafe=False killed=False heap_hint=3000000000 -> FAIL
2026-09-24 04:54:45 proofs/obj/obj_support.bend exit=0 peak=0.11GB elapsed=0.2s all_terms_check=True unsafe=False killed=False heap_hint=3000000000 -> PASS
2026-09-24 04:55:07 proofs/obj/zz_p6.bend exit=0 peak=2.68GB elapsed=7.7s all_terms_check=True unsafe=False killed=False heap_hint=3000000000 -> PASS
2026-09-24 05:05:32 proofs/obj/zz_probe.bend exit=0 peak=4.14GB elapsed=498.9s all_terms_check=True unsafe=False killed=False heap_hint=3000000000 -> PASS
2026-09-24 06:36:13 proofs/obj/amap.bend exit=1 peak=0.15GB elapsed=0.8s all_terms_check=False unsafe=False killed=False heap_hint=3000000000 -> FAIL
2026-09-24 06:36:39 proofs/obj/amap.bend exit=0 peak=0.16GB elapsed=0.8s all_terms_check=True unsafe=False killed=False heap_hint=3000000000 -> PASS
2026-09-24 06:36:49 proofs/obj/zz_am.bend exit=1 peak=0.73GB elapsed=1.2s all_terms_check=False unsafe=False killed=False heap_hint=3000000000 -> FAIL
2026-09-24 06:36:59 proofs/obj/zz_am.bend exit=0 peak=0.77GB elapsed=1.2s all_terms_check=True unsafe=False killed=False heap_hint=3000000000 -> PASS
2026-09-24 06:37:17 proofs/obj/bitlist_pack.bend exit=1 peak=0.45GB elapsed=0.4s all_terms_check=False unsafe=False killed=False heap_hint=3000000000 -> FAIL
2026-09-24 06:37:26 proofs/obj/bitlist_pack.bend exit=1 peak=0.41GB elapsed=0.4s all_terms_check=False unsafe=False killed=False heap_hint=3000000000 -> FAIL
2026-09-24 06:37:48 proofs/obj/bitlist_pack.bend exit=1 peak=0.47GB elapsed=0.5s all_terms_check=False unsafe=False killed=False heap_hint=3000000000 -> FAIL
2026-09-24 06:38:30 proofs/obj/bitlist_pack.bend exit=0 peak=1.94GB elapsed=28.5s all_terms_check=True unsafe=False killed=False heap_hint=3000000000 -> PASS
2026-09-24 06:43:23 proofs/obj/bitlist_obj.bend exit=0 peak=3.43GB elapsed=287.2s all_terms_check=True unsafe=False killed=False heap_hint=3000000000 -> PASS
2026-09-24 06:50:40 proofs/obj/zz_probe.bend exit=0 peak=3.37GB elapsed=428.7s all_terms_check=True unsafe=False killed=False heap_hint=3000000000 -> PASS
2026-09-24 06:50:50 proofs/obj/zz_probe.bend exit=1 peak=0.81GB elapsed=0.9s all_terms_check=False unsafe=False killed=False heap_hint=3000000000 -> FAIL
2026-09-24 06:58:16 proofs/obj/zz_probe.bend exit=1 peak=3.18GB elapsed=421.8s all_terms_check=False unsafe=False killed=False heap_hint=3000000000 -> FAIL
2026-09-24 07:06:16 proofs/obj/zz_probe.bend exit=1 peak=3.77GB elapsed=467.0s all_terms_check=False unsafe=False killed=False heap_hint=3000000000 -> FAIL
2026-09-24 07:07:28 proofs/obj/obj_support.bend exit=1 peak=0.13GB elapsed=0.2s all_terms_check=False unsafe=False killed=False heap_hint=3000000000 -> FAIL
2026-09-24 07:07:34 proofs/obj/obj_support.bend exit=0 peak=0.20GB elapsed=0.2s all_terms_check=True unsafe=False killed=False heap_hint=3000000000 -> PASS
2026-09-24 07:16:14 proofs/obj/zz_probe.bend exit=1 peak=3.77GB elapsed=492.5s all_terms_check=False unsafe=False killed=False heap_hint=3000000000 -> FAIL
2026-09-24 07:24:33 proofs/obj/zz_probe.bend exit=1 peak=3.76GB elapsed=484.9s all_terms_check=False unsafe=False killed=False heap_hint=3000000000 -> FAIL
2026-09-24 07:25:09 proofs/obj/zz_p7.bend exit=1 peak=0.15GB elapsed=0.2s all_terms_check=False unsafe=False killed=False heap_hint=3000000000 -> FAIL
2026-09-24 07:25:09 proofs/obj/zz_p7.bend exit=1 peak=0.15GB elapsed=0.2s all_terms_check=False unsafe=False killed=False heap_hint=3000000000 -> FAIL
2026-09-24 07:25:15 proofs/obj/zz_p7.bend exit=1 peak=0.14GB elapsed=0.2s all_terms_check=False unsafe=False killed=False heap_hint=3000000000 -> FAIL
2026-09-24 07:25:23 proofs/obj/zz_p7.bend exit=1 peak=0.15GB elapsed=0.2s all_terms_check=False unsafe=False killed=False heap_hint=3000000000 -> FAIL
2026-09-24 07:25:24 proofs/obj/zz_p7.bend exit=1 peak=0.14GB elapsed=0.2s all_terms_check=False unsafe=False killed=False heap_hint=3000000000 -> FAIL
2026-09-24 07:25:31 proofs/obj/zz_p7.bend exit=1 peak=0.15GB elapsed=0.2s all_terms_check=False unsafe=False killed=False heap_hint=3000000000 -> FAIL
2026-09-24 07:25:31 proofs/obj/zz_p7.bend exit=1 peak=0.17GB elapsed=0.2s all_terms_check=False unsafe=False killed=False heap_hint=3000000000 -> FAIL
2026-09-24 07:25:39 proofs/obj/zz_p7.bend exit=1 peak=0.69GB elapsed=0.6s all_terms_check=False unsafe=False killed=False heap_hint=3000000000 -> FAIL
2026-09-24 07:25:39 proofs/obj/zz_p7.bend exit=1 peak=0.71GB elapsed=0.6s all_terms_check=False unsafe=False killed=False heap_hint=3000000000 -> FAIL
2026-09-24 07:35:21 proofs/obj/zz_probe.bend exit=1 peak=3.79GB elapsed=473.3s all_terms_check=False unsafe=False killed=False heap_hint=3000000000 -> FAIL
2026-09-24 07:44:10 proofs/obj/zz_probe.bend exit=0 peak=3.29GB elapsed=504.8s all_terms_check=True unsafe=False killed=False heap_hint=3000000000 -> PASS
2026-09-24 07:53:29 proofs/obj/zz_probe.bend exit=0 peak=3.85GB elapsed=552.0s all_terms_check=True unsafe=False killed=False heap_hint=3000000000 -> PASS
2026-09-24 08:02:27 proofs/obj/zz_probe.bend exit=1 peak=3.71GB elapsed=531.5s all_terms_check=False unsafe=False killed=False heap_hint=3000000000 -> FAIL
2026-09-24 08:12:04 proofs/obj/zz_probe.bend exit=0 peak=3.86GB elapsed=557.9s all_terms_check=True unsafe=False killed=False heap_hint=3000000000 -> PASS
2026-09-24 08:12:38 proofs/obj/zz_p7.bend exit=1 peak=0.72GB elapsed=0.7s all_terms_check=False unsafe=False killed=False heap_hint=3000000000 -> FAIL
2026-09-24 08:12:39 proofs/obj/zz_p7.bend exit=1 peak=0.70GB elapsed=0.6s all_terms_check=False unsafe=False killed=False heap_hint=3000000000 -> FAIL
2026-09-24 08:13:45 proofs/obj/zz_p7.bend exit=0 peak=0.69GB elapsed=0.7s all_terms_check=True unsafe=False killed=False heap_hint=3000000000 -> PASS
2026-09-24 08:13:46 proofs/obj/zz_p7.bend exit=0 peak=0.70GB elapsed=0.6s all_terms_check=True unsafe=False killed=False heap_hint=3000000000 -> PASS
2026-09-24 08:22:49 proofs/obj/zz_probe.bend exit=0 peak=3.38GB elapsed=490.0s all_terms_check=True unsafe=False killed=False heap_hint=3000000000 -> PASS
2026-09-24 08:33:40 proofs/obj/root_types.bend exit=0 peak=3.61GB elapsed=602.2s all_terms_check=True unsafe=False killed=False heap_hint=3000000000 -> PASS
2026-09-24 08:55:59 proofs/obj/zz_probe.bend exit=0 peak=3.64GB elapsed=636.7s all_terms_check=True unsafe=False killed=False heap_hint=3000000000 -> PASS
