proofs/obj/value_set.bend	0	1	0.07	75
types/fulu_primitives.bend	1	0	0.14	53
types/fulu.bend	1	0	0.16	55
proofs/obj/dk.bend	0	1	0.18	64
types/fulu_model.bend	1	0	0.18	56
spec/bitfields.bend	0	1	0.20	65
proofs/tree_scope.bend	0	1	0.21	62
spec/byte_sequence.bend	0	1	0.21	63
spec/layout_decoding.bend	0	1	0.21	66
proofs/identity_logic.bend	0	1	0.22	66
spec/bit_packing.bend	0	1	0.22	63
spec/nat_bytes.bend	0	1	0.22	66
spec/schema_forest.bend	0	1	0.22	62
src/bit_packing.bend	0	1	0.22	63
proofs/obj/generic_specs_generated.bend	0	1	0.23	64
proofs/obj/sha_bridge.bend	0	1	0.23	74
spec/bytes.bend	0	1	0.23	65
spec/layout.bend	0	1	0.23	69
spec/packing.bend	0	1	0.23	64
src/bit_decoding.bend	0	1	0.23	62
proofs/obj/lim_sym.bend	0	1	0.24	75
proofs/prefix.bend	0	1	0.25	68
spec/bit_decoding.bend	0	1	0.25	63
spec/byte_alias.bend	0	1	0.25	70
spec/fulu_schemas.bend	0	1	0.25	67
spec/primitives.bend	0	1	0.25	66
spec/schema.bend	0	1	0.25	65
src/bit_decode.bend	0	1	0.25	69
spec/compatibility.bend	0	1	0.26	66
spec/representation.bend	0	1	0.26	66
src/bitfields.bend	0	1	0.26	67
src/nat_bytes.bend	0	1	0.26	69
src/packing.bend	0	1	0.26	68
spec/bit_decode.bend	0	1	0.27	67
spec/type_legality.bend	0	1	0.27	70
src/bytes.bend	0	1	0.27	62
proofs/obj/vseq.bend	0	1	0.28	74
proofs/primitives.bend	0	1	0.28	70
spec/byte_list.bend	0	1	0.28	76
spec/byte_root.bend	0	1	0.28	73
spec/limits.bend	0	1	0.28	70
spec/list_alias.bend	0	1	0.28	72
spec/merkle.bend	0	1	0.28	71
spec/mixing.bend	0	1	0.28	74
spec/progressive.bend	0	1	0.28	73
src/layout.bend	0	1	0.28	69
src/lists.bend	0	1	0.28	67
src/primitives.bend	0	1	0.28	70
types/list_alias.bend	0	1	0.28	61
proofs/identity_unsigned.bend	0	1	0.29	71
proofs/representation_erasure.bend	0	1	0.29	71
spec/bit_root.bend	0	1	0.29	76
proofs/boolean_canonical.bend	0	1	0.30	77
proofs/word_facts.bend	0	1	0.30	67
src/walk.bend	0	1	0.30	72
types/primitive.bend	0	1	0.30	60
proofs/u32_order.bend	0	1	0.31	72
spec/tree.bend	0	1	0.31	68
types/schema.bend	0	1	0.31	70
proofs/word_split.bend	0	1	0.32	77
types/byte_alias.bend	0	1	0.32	63
spec/value_domain.bend	0	1	0.33	74
benchmarks/schemas.bend	0	1	0.34	71
spec/decoding_relation.bend	0	1	0.34	74
proofs/basic_root.bend	0	1	0.35	79
proofs/compatibility_derivation.bend	0	1	0.35	79
spec/codec.bend	0	1	0.35	74
proofs/bit_take_unique.bend	0	1	0.36	82
spec/root_relation.bend	0	1	0.36	78
proofs/metadata_reflection.bend	0	1	0.37	77
proofs/bytes.bend	0	1	0.38	82
proofs/primitive_invariants.bend	0	1	0.38	79
src/cvalue.bend	0	1	0.38	75
proofs/lists.bend	0	1	0.39	82
spec/root_relation_serializable.bend	0	1	0.39	79
proofs/compatibility_choice.bend	0	1	0.40	80
proofs/nat_order.bend	0	1	0.40	80
src/packed.bend	0	1	0.41	79
proofs/codec_shape.bend	0	1	0.43	84
proofs/power_division.bend	0	1	0.43	80
proofs/exact_division.bend	0	1	0.47	86
src/digest.bend	0	1	0.49	84
proofs/type_legality_structure.bend	0	1	0.50	79
proofs/obj/cost.bend	0	1	0.52	109
proofs/obj/obj_support.bend	0	1	0.52	102
proofs/obj/sha_fast_generated.bend	0	1	0.52	104
proofs/packing.bend	0	1	0.53	83
proofs/layout_extents.bend	0	1	0.54	87
proofs/obj/u32bits.bend	0	1	0.54	284
proofs/bit_delimiter.bend	0	1	0.55	90
proofs/bit_padding.bend	0	1	0.55	97
proofs/obj/repr_seg.bend	0	1	0.55	111
proofs/uint_prefix.bend	0	1	0.55	86
proofs/bit_decoding.bend	0	1	0.56	95
proofs/byte_arithmetic.bend	0	1	0.56	93
proofs/word_nat.bend	0	1	0.57	89
proofs/obj/repr.bend	0	1	0.58	120
proofs/obj/amap.bend	0	1	0.59	106
proofs/bit_padding_pack.bend	0	1	0.60	99
proofs/layout_slices.bend	0	1	0.60	95
proofs/obj/cell_rw.bend	0	1	0.60	323
proofs/obj/xlist_support.bend	0	1	0.60	103
proofs/compact/arith.bend	0	1	0.61	113
proofs/obj/words_win.bend	0	1	0.61	345
proofs/obj/words_rw.bend	0	1	0.62	322
proofs/integer_encoding.bend	0	1	0.64	88
proofs/walk.bend	0	1	0.65	94
types/fulu_transaction.bend	1	0	0.69	95
proofs/obj/vfits.bend	0	1	0.72	138
proofs/decode_region.bend	0	1	0.73	109
proofs/integer_decoding.bend	0	1	0.73	108
proofs/obj/vvlu.bend	0	1	0.74	110
src/limits.bend	0	1	0.74	123
src/merkle.bend	0	1	0.74	119
proofs/codec_inverse.bend	0	1	0.75	117
proofs/compact/found_generated.bend	0	1	0.75	118
src/bit_root.bend	0	1	0.75	125
src/sha256.bend	0	1	0.75	117
proofs/obj/word_mul_generated.bend	0	1	0.76	136
src/byte_alias.bend	0	1	0.76	128
src/byte_list.bend	0	1	0.76	123
src/cached_tree.bend	0	1	0.76	122
src/mixing.bend	0	1	0.76	129
src/tree.bend	0	1	0.76	124
src/progressive.bend	0	1	0.77	115
src/list_alias.bend	0	1	0.78	120
types/fulu_bytes.bend	1	0	0.78	97
src/byte_root.bend	0	1	0.79	125
proofs/packed.bend	0	1	0.80	108
proofs/bit_list_inverse.bend	0	1	0.82	115
proofs/bit_inverse.bend	0	1	0.83	115
proofs/schema.bend	0	1	0.83	138
proofs/cached_tree.bend	0	1	0.84	138
proofs/encoding_complete.bend	0	1	0.86	118
proofs/obj/pb_min.bend	0	1	0.87	126
proofs/obj/vu32.bend	0	1	0.87	144
proofs/bit_packing.bend	0	1	0.88	131
proofs/bitfields.bend	0	1	0.89	132
proofs/obj/var_plist_zeros_generated.bend	0	1	0.92	181
proofs/compatibility_bounded.bend	0	1	0.98	162
proofs/bit_decode.bend	0	1	0.99	137
proofs/schema_measure.bend	0	1	0.99	184
proofs/fulu_primitives.bend	0	1	1.00	129
proofs/cvalue_chain.bend	0	1	1.04	190
proofs/obj/vua_bits_generated.bend	0	1	1.06	206
proofs/compact/reads.bend	0	1	1.08	201
proofs/compatibility_measure.bend	0	1	1.08	195
src/merkle_fast.bend	0	1	1.13	202
types/vec_uint8_8_hashtreeroot_generated.bend	0	1	1.14	244
e2e/e2e_any_generated.bend	0	1	1.15	208
proofs/compatibility_positions.bend	0	1	1.16	168
proofs/obj/view_b32_generated.bend	0	1	1.17	490
proofs/compatibility_slot_shape.bend	0	1	1.18	195
proofs/validator_metadata.bend	0	1	1.19	176
src/buffer.bend	0	1	1.20	180
proofs/validator_selectors.bend	0	1	1.22	201
proofs/obj/mtree_defs.bend	0	1	1.23	240
proofs/obj/view_u64_generated.bend	0	1	1.23	454
proofs/obj/vvlz_generated.bend	0	1	1.23	183
types/vec_uint8_8_encode_ssz_generated.bend	0	1	1.25	277
proofs/codec_accumulator.bend	0	1	1.26	236
proofs/codec_count.bend	0	1	1.26	212
proofs/gate/g__sub_boolean_generated.bend	0	1	1.26	552
proofs/obj/serialize_2_generated.bend	0	1	1.26	227
types/vec_uint8_8_def_generated.bend	0	1	1.26	231
proofs/obj/sub_boolean_generated.bend	0	1	1.30	558
proofs/obj/spec_fixed.bend	0	1	1.32	214
proofs/active_slot_bound.bend	0	1	1.33	208
proofs/compatibility_equations.bend	0	1	1.33	216
proofs/obj/schema_shapes_generated.bend	0	1	1.34	228
proofs/schema_forest.bend	0	1	1.34	222
types/vec_uint8_8_decode_ssz_generated.bend	0	1	1.34	226
proofs/gate/g__serialize_2_generated.bend	0	1	1.35	226
e2e/e2e_tree_generated.bend	0	1	1.37	262
src/schema.bend	0	1	1.37	187
proofs/compact/bits_generated.bend	0	1	1.39	238
proofs/obj/fields_1_generated.bend	0	1	1.39	252
proofs/obj/vzeros_generated.bend	0	1	1.42	211
proofs/obj/fields_0_generated.bend	0	1	1.43	248
types/vec_uint8_5_def_generated.bend	0	1	1.47	233
types/BitsStruct_def_generated.bend	0	1	1.48	240
types/CompatibleUnionA_encode_ssz_generated.bend	0	1	1.48	213
types/vec_uint8_5_hashtreeroot_generated.bend	0	1	1.48	235
e2e/e2e_wit_generated.bend	0	1	1.49	514
proofs/obj/fields_2_generated.bend	0	1	1.49	261
types/vec_uint8_513_hashtreeroot_generated.bend	0	1	1.49	245
types/vec_uint8_5_decode_ssz_generated.bend	0	1	1.49	243
types/CompatibleUnionA_decode_ssz_generated.bend	0	1	1.50	217
types/FuluPayloadId_hashtreeroot_generated.bend	0	1	1.50	223
types/boolean_hashtreeroot_generated.bend	0	1	1.50	223
types/CompatibleUnionABCA_def_generated.bend	0	1	1.51	242
types/FuluPayloadId_def_generated.bend	0	1	1.51	222
types/FuluRowIndex_def_generated.bend	0	1	1.51	209
proofs/obj/collections_0_generated.bend	0	1	1.52	289
types/FuluGwei_def_generated.bend	0	1	1.52	189
types/bitvector_4_hashtreeroot_generated.bend	0	1	1.52	219
types/uint32_hashtreeroot_generated.bend	0	1	1.52	212
types/uint8_encode_ssz_generated.bend	0	1	1.52	228
types/FuluParticipationFlags_def_generated.bend	0	1	1.53	219
types/BitsStruct_hashtreeroot_generated.bend	0	1	1.54	244
types/CompatibleUnionABCA_hashtreeroot_generated.bend	0	1	1.54	246
types/CompatibleUnionA_def_generated.bend	0	1	1.54	240
types/FuluBytes32_hashtreeroot_generated.bend	0	1	1.54	214
types/FuluValidatorIndex_def_generated.bend	0	1	1.54	231
types/FuluBlobIndex_hashtreeroot_generated.bend	0	1	1.55	200
types/FuluCommitteeIndex_hashtreeroot_generated.bend	0	1	1.55	222
types/boolean_def_generated.bend	0	1	1.55	190
proofs/bit_vector_inverse.bend	0	1	1.56	192
types/CompatibleUnionBC_def_generated.bend	0	1	1.56	239
types/FuluDomainType_def_generated.bend	0	1	1.56	205
types/FuluSubnetID_def_generated.bend	0	1	1.56	217
types/Fulu_bitvector_4_hashtreeroot_generated.bend	0	1	1.56	222
types/bitvector_3_hashtreeroot_generated.bend	0	1	1.56	210
types/vec_uint256_5_def_generated.bend	0	1	1.56	222
types/FuluBytes1_decode_ssz_generated.bend	0	1	1.57	230
types/FuluCellIndex_def_generated.bend	0	1	1.57	224
types/FuluDomain_decode_ssz_generated.bend	0	1	1.57	227
types/FuluExecutionAddress_def_generated.bend	0	1	1.57	216
types/FuluSlot_def_generated.bend	0	1	1.57	219
types/Fulu_bitvector_512_hashtreeroot_generated.bend	0	1	1.57	227
types/Fulu_bytevec_256_def_generated.bend	0	1	1.57	235
types/Fulu_list_PendingConsolidation_262144_hashtreeroot_generated.bend	0	1	1.57	256
types/bitvector_17_hashtreeroot_generated.bend	0	1	1.57	211
types/vec_uint8_5_encode_ssz_generated.bend	0	1	1.57	269
types/CompatibleUnionABCA_decode_ssz_generated.bend	0	1	1.58	262
types/FuluBLSPubkey_def_generated.bend	0	1	1.58	208
types/FuluBytes8_hashtreeroot_generated.bend	0	1	1.58	211
types/FuluSubnetID_hashtreeroot_generated.bend	0	1	1.58	216
types/FuluSyncAggregatorSelectionData_decode_ssz_generated.bend	0	1	1.58	220
types/FuluSyncAggregatorSelectionData_def_generated.bend	0	1	1.58	236
types/FuluValidatorIndex_decode_ssz_generated.bend	0	1	1.58	215
types/Fulu_list_bytevec_48_4096_def_generated.bend	0	1	1.58	246
types/Fulu_vec_uint64_64_def_generated.bend	0	1	1.58	209
types/bitvector_1280_def_generated.bend	0	1	1.58	237
types/bitvector_31_hashtreeroot_generated.bend	0	1	1.58	222
types/bitvector_6_hashtreeroot_generated.bend	0	1	1.58	220
types/boolean_encode_ssz_generated.bend	0	1	1.58	216
types/vec_bool_16_decode_ssz_generated.bend	0	1	1.58	235
types/vec_uint16_2_decode_ssz_generated.bend	0	1	1.58	241
proofs/obj/load_words_generated.bend	0	1	1.59	266
src/codec.bend	0	1	1.59	238
types/FuluBlobIndex_decode_ssz_generated.bend	0	1	1.59	222
types/FuluParticipationFlags_encode_ssz_generated.bend	0	1	1.59	222
types/FuluParticipationFlags_hashtreeroot_generated.bend	0	1	1.59	203
types/FuluPendingConsolidation_decode_ssz_generated.bend	0	1	1.59	228
types/Fulu_list_uint64_128_hashtreeroot_generated.bend	0	1	1.59	251
types/ProgressiveSingleListContainerTestStruct_decode_ssz_generated.bend	0	1	1.59	252
types/bitvector_16_def_generated.bend	0	1	1.59	237
types/bitvector_33_hashtreeroot_generated.bend	0	1	1.59	220
types/bitvector_513_def_generated.bend	0	1	1.59	230
types/bitvector_7_decode_ssz_generated.bend	0	1	1.59	218
types/list_uint16_128_hashtreeroot_generated.bend	0	1	1.59	243
types/BitsStruct_decode_ssz_generated.bend	0	1	1.60	274
types/CompatibleUnionBC_decode_ssz_generated.bend	0	1	1.60	234
types/FixedTestStruct_def_generated.bend	0	1	1.60	232
types/FuluBLSSignature_def_generated.bend	0	1	1.60	223
types/FuluBLSToExecutionChange_decode_ssz_generated.bend	0	1	1.60	220
types/FuluBLSToExecutionChange_def_generated.bend	0	1	1.60	237
types/FuluBytes32_decode_ssz_generated.bend	0	1	1.60	227
types/FuluCommitteeIndex_decode_ssz_generated.bend	0	1	1.60	227
types/FuluNodeID_decode_ssz_generated.bend	0	1	1.60	233
types/FuluValidatorIndex_encode_ssz_generated.bend	0	1	1.60	233
types/Fulu_bitvector_64_def_generated.bend	0	1	1.60	239
types/Fulu_list_uint8_1099511627776_def_generated.bend	0	1	1.60	244
types/Fulu_vec_bytevec_32_8192_def_generated.bend	0	1	1.60	225
types/bitvector_2_hashtreeroot_generated.bend	0	1	1.60	216
types/bitvector_3_decode_ssz_generated.bend	0	1	1.60	231
types/bitvector_4_encode_ssz_generated.bend	0	1	1.60	231
types/bitvector_8_decode_ssz_generated.bend	0	1	1.60	226
types/uint64_def_generated.bend	0	1	1.60	225
types/vec_bool_31_hashtreeroot_generated.bend	0	1	1.60	237
types/vec_uint256_4_decode_ssz_generated.bend	0	1	1.60	233
types/vec_uint64_2_def_generated.bend	0	1	1.60	210
types/vec_uint8_4_hashtreeroot_generated.bend	0	1	1.60	234
types/FuluBLSPubkey_decode_ssz_generated.bend	0	1	1.61	228
types/FuluBLSSignature_hashtreeroot_generated.bend	0	1	1.61	233
types/FuluBlobIndex_def_generated.bend	0	1	1.61	209
types/FuluConsolidationRequest_decode_ssz_generated.bend	0	1	1.61	221
types/FuluNextSyncCommitteeBranch_def_generated.bend	0	1	1.61	227
types/FuluRowIndex_decode_ssz_generated.bend	0	1	1.61	217
types/FuluVersion_def_generated.bend	0	1	1.61	227
types/Fulu_vec_bytevec_32_17_decode_ssz_generated.bend	0	1	1.61	232
types/Fulu_vec_bytevec_32_17_def_generated.bend	0	1	1.61	222
types/ProgressiveSingleFieldContainerTestStruct_encode_ssz_generated.bend	0	1	1.61	223
types/ProgressiveSingleListContainerTestStruct_def_generated.bend	0	1	1.61	230
types/bitvector_31_encode_ssz_generated.bend	0	1	1.61	221
types/bitvector_3_encode_ssz_generated.bend	0	1	1.61	225
types/bitvector_512_hashtreeroot_generated.bend	0	1	1.61	236
types/bitvector_5_encode_ssz_generated.bend	0	1	1.61	233
types/bitvector_9_hashtreeroot_generated.bend	0	1	1.61	222
types/uint16_encode_ssz_generated.bend	0	1	1.61	235
types/uint8_hashtreeroot_generated.bend	0	1	1.61	202
types/vec_FixedTestStruct_4_def_generated.bend	0	1	1.61	235
types/vec_uint64_16_def_generated.bend	0	1	1.61	227
e2e/e2e_mask_generated.bend	0	1	1.62	592
proofs/obj/fields_3_generated.bend	0	1	1.62	272
proofs/obj/mtree_run.bend	0	1	1.62	321
types/CompatibleUnionA_hashtreeroot_generated.bend	0	1	1.62	239
types/FuluBlobIndex_encode_ssz_generated.bend	0	1	1.62	226
types/FuluColumnIndex_decode_ssz_generated.bend	0	1	1.62	220
types/FuluExecutionBranch_def_generated.bend	0	1	1.62	229
types/FuluG2Point_decode_ssz_generated.bend	0	1	1.62	231
types/FuluNodeID_hashtreeroot_generated.bend	0	1	1.62	211
types/FuluRowIndex_hashtreeroot_generated.bend	0	1	1.62	225
types/Fulu_list_uint64_131072_hashtreeroot_generated.bend	0	1	1.62	236
types/Fulu_vec_bytevec_32_17_hashtreeroot_generated.bend	0	1	1.62	239
types/VarTestStruct_def_generated.bend	0	1	1.62	231
types/bitlist_513_hashtreeroot_generated.bend	0	1	1.62	230
types/bitvector_31_def_generated.bend	0	1	1.62	231
types/vec_FixedTestStruct_4_decode_ssz_generated.bend	0	1	1.62	227
types/vec_bool_16_def_generated.bend	0	1	1.62	243
types/vec_uint256_2_decode_ssz_generated.bend	0	1	1.62	239
types/vec_uint256_8_decode_ssz_generated.bend	0	1	1.62	232
types/FixedTestStruct_hashtreeroot_generated.bend	0	1	1.63	237
types/FuluBLSPubkey_encode_ssz_generated.bend	0	1	1.63	232
types/FuluBytes4_decode_ssz_generated.bend	0	1	1.63	232
types/FuluEther_def_generated.bend	0	1	1.63	207
types/FuluExecutionBranch_hashtreeroot_generated.bend	0	1	1.63	241
types/FuluG2Point_def_generated.bend	0	1	1.63	204
types/FuluGwei_hashtreeroot_generated.bend	0	1	1.63	225
types/FuluVersion_decode_ssz_generated.bend	0	1	1.63	219
types/FuluVersion_hashtreeroot_generated.bend	0	1	1.63	213
types/FuluVersionedHash_def_generated.bend	0	1	1.63	206
types/Fulu_list_Withdrawal_16_hashtreeroot_generated.bend	0	1	1.63	226
types/Fulu_list_uint8_1099511627776_hashtreeroot_generated.bend	0	1	1.63	244
types/Fulu_vec_bytevec_48_512_def_generated.bend	0	1	1.63	217
types/bitvector_257_decode_ssz_generated.bend	0	1	1.63	225
types/bitvector_32_def_generated.bend	0	1	1.63	228
types/bitvector_33_encode_ssz_generated.bend	0	1	1.63	226
types/bitvector_512_decode_ssz_generated.bend	0	1	1.63	220
types/bitvector_6_encode_ssz_generated.bend	0	1	1.63	229
types/proglist_uint128_decode_ssz_generated.bend	0	1	1.63	245
types/uint128_hashtreeroot_generated.bend	0	1	1.63	219
types/uint16_decode_ssz_generated.bend	0	1	1.63	213
types/uint16_def_generated.bend	0	1	1.63	230
types/vec_bool_31_def_generated.bend	0	1	1.63	234
types/FuluAttesterSlashing_def_generated.bend	0	1	1.64	245
types/FuluBytes4_encode_ssz_generated.bend	0	1	1.64	218
types/FuluCommitmentIndex_decode_ssz_generated.bend	0	1	1.64	210
types/FuluCommitteeIndex_encode_ssz_generated.bend	0	1	1.64	219
types/FuluCustodyIndex_decode_ssz_generated.bend	0	1	1.64	230
types/FuluEth1Data_encode_ssz_generated.bend	0	1	1.64	254
types/FuluNodeID_def_generated.bend	0	1	1.64	222
types/FuluRowIndex_encode_ssz_generated.bend	0	1	1.64	243
types/FuluSlot_decode_ssz_generated.bend	0	1	1.64	219
types/FuluSubnetID_encode_ssz_generated.bend	0	1	1.64	213
types/FuluValidatorIndex_hashtreeroot_generated.bend	0	1	1.64	221
types/FuluVersionedHash_encode_ssz_generated.bend	0	1	1.64	227
types/FuluVoluntaryExit_encode_ssz_generated.bend	0	1	1.64	218
types/FuluWithdrawalIndex_hashtreeroot_generated.bend	0	1	1.64	223
types/Fulu_list_PendingPartialWithdrawal_134217728_decode_ssz_generated.bend	0	1	1.64	224
types/Fulu_list_WithdrawalRequest_16_hashtreeroot_generated.bend	0	1	1.64	245
types/Fulu_list_Withdrawal_16_decode_ssz_generated.bend	0	1	1.64	228
types/bitlist_1281_hashtreeroot_generated.bend	0	1	1.64	245
types/bitlist_31_def_generated.bend	0	1	1.64	241
types/bitlist_33_hashtreeroot_generated.bend	0	1	1.64	233
types/bitvector_32_decode_ssz_generated.bend	0	1	1.64	214
types/bitvector_513_hashtreeroot_generated.bend	0	1	1.64	232
types/proglist_uint8_decode_ssz_generated.bend	0	1	1.64	220
types/uint256_encode_ssz_generated.bend	0	1	1.64	229
types/uint32_decode_ssz_generated.bend	0	1	1.64	216
types/vec_uint128_2_hashtreeroot_generated.bend	0	1	1.64	237
types/vec_uint256_3_hashtreeroot_generated.bend	0	1	1.64	240
types/vec_uint256_513_def_generated.bend	0	1	1.64	224
types/vec_uint64_3_def_generated.bend	0	1	1.64	224
types/FuluBLSPubkey_hashtreeroot_generated.bend	0	1	1.65	238
types/FuluBytes48_decode_ssz_generated.bend	0	1	1.65	238
types/FuluG1Point_decode_ssz_generated.bend	0	1	1.65	233
types/FuluPayloadId_encode_ssz_generated.bend	0	1	1.65	246
types/FuluSigningData_encode_ssz_generated.bend	0	1	1.65	230
types/FuluWithdrawalIndex_encode_ssz_generated.bend	0	1	1.65	211
types/Fulu_list_PendingPartialWithdrawal_134217728_encode_ssz_generated.bend	0	1	1.65	227
types/Fulu_list_bytevec_48_4096_hashtreeroot_generated.bend	0	1	1.65	235
types/Fulu_vec_bytevec_32_33_def_generated.bend	0	1	1.65	228
types/SingleFieldTestStruct_encode_ssz_generated.bend	0	1	1.65	201
types/SmallTestStruct_encode_ssz_generated.bend	0	1	1.65	220
types/bitlist_31_hashtreeroot_generated.bend	0	1	1.65	251
types/bitlist_3_decode_ssz_generated.bend	0	1	1.65	243
types/bitvector_15_hashtreeroot_generated.bend	0	1	1.65	221
types/bitvector_1_def_generated.bend	0	1	1.65	230
types/bitvector_513_encode_ssz_generated.bend	0	1	1.65	240
types/bytelist_256_decode_ssz_generated.bend	0	1	1.65	239
types/bytelist_256_hashtreeroot_generated.bend	0	1	1.65	233
types/proglist_SmallTestStruct_def_generated.bend	0	1	1.65	233
types/uint128_decode_ssz_generated.bend	0	1	1.65	226
types/uint8_def_generated.bend	0	1	1.65	218
types/vec_bool_1_decode_ssz_generated.bend	0	1	1.65	231
types/vec_bool_31_decode_ssz_generated.bend	0	1	1.65	253
types/vec_uint128_1_hashtreeroot_generated.bend	0	1	1.65	242
types/vec_uint128_5_hashtreeroot_generated.bend	0	1	1.65	241
types/vec_uint128_8_decode_ssz_generated.bend	0	1	1.65	230
types/vec_uint16_1_hashtreeroot_generated.bend	0	1	1.65	231
types/vec_uint64_513_hashtreeroot_generated.bend	0	1	1.65	238
types/vec_uint8_513_def_generated.bend	0	1	1.65	230
e2e/e2e_vw512_generated.bend	0	1	1.66	521
proofs/identity_total.bend	0	1	1.66	254
proofs/obj/collections_1_generated.bend	0	1	1.66	280
types/ComplexTestStruct_def_generated.bend	0	1	1.66	239
types/FixedTestStruct_encode_ssz_generated.bend	0	1	1.66	212
types/FuluBeaconBlockHeader_decode_ssz_generated.bend	0	1	1.66	227
types/FuluBytes1_encode_ssz_generated.bend	0	1	1.66	236
types/FuluCellIndex_hashtreeroot_generated.bend	0	1	1.66	223
types/FuluCustodyIndex_encode_ssz_generated.bend	0	1	1.66	229
types/FuluCustodyIndex_hashtreeroot_generated.bend	0	1	1.66	207
types/FuluDomainType_hashtreeroot_generated.bend	0	1	1.66	220
types/FuluEther_hashtreeroot_generated.bend	0	1	1.66	219
types/FuluForkData_hashtreeroot_generated.bend	0	1	1.66	232
types/FuluG1Point_encode_ssz_generated.bend	0	1	1.66	247
types/FuluPendingConsolidation_hashtreeroot_generated.bend	0	1	1.66	238
types/FuluSyncAggregate_hashtreeroot_generated.bend	0	1	1.66	241
types/FuluSyncCommitteeContribution_def_generated.bend	0	1	1.66	234
types/FuluVersionedHash_decode_ssz_generated.bend	0	1	1.66	219
types/FuluWithdrawalIndex_decode_ssz_generated.bend	0	1	1.66	226
types/FuluWithdrawalIndex_def_generated.bend	0	1	1.66	216
types/Fulu_bitvector_128_def_generated.bend	0	1	1.66	233
types/Fulu_bitvector_4_encode_ssz_generated.bend	0	1	1.66	216
types/Fulu_bitvector_64_encode_ssz_generated.bend	0	1	1.66	226
types/Fulu_bitvector_64_hashtreeroot_generated.bend	0	1	1.66	208
types/Fulu_list_Eth1Data_2048_hashtreeroot_generated.bend	0	1	1.66	259
types/Fulu_vec_bytevec_32_33_decode_ssz_generated.bend	0	1	1.66	242
types/bitlist_1280_decode_ssz_generated.bend	0	1	1.66	244
types/bitlist_15_hashtreeroot_generated.bend	0	1	1.66	243
types/bitlist_256_hashtreeroot_generated.bend	0	1	1.66	240
types/bitlist_3_def_generated.bend	0	1	1.66	241
types/bitlist_4_def_generated.bend	0	1	1.66	245
types/bitvector_1281_def_generated.bend	0	1	1.66	231
types/bitvector_16_decode_ssz_generated.bend	0	1	1.66	229
types/bitvector_16_encode_ssz_generated.bend	0	1	1.66	222
types/bitvector_17_decode_ssz_generated.bend	0	1	1.66	248
types/bitvector_5_decode_ssz_generated.bend	0	1	1.66	233
types/bitvector_8_encode_ssz_generated.bend	0	1	1.66	236
types/proglist_VarTestStruct_def_generated.bend	0	1	1.66	235
types/vec_bool_16_encode_ssz_generated.bend	0	1	1.66	278
types/vec_uint128_513_decode_ssz_generated.bend	0	1	1.66	236
types/vec_uint16_1_decode_ssz_generated.bend	0	1	1.66	244
types/vec_uint16_513_def_generated.bend	0	1	1.66	240
types/vec_uint8_513_decode_ssz_generated.bend	0	1	1.66	236
types/FuluBeaconBlockHeader_encode_ssz_generated.bend	0	1	1.67	247
types/FuluCheckpoint_decode_ssz_generated.bend	0	1	1.67	214
types/FuluCommitmentIndex_def_generated.bend	0	1	1.67	224
types/FuluCommitmentIndex_hashtreeroot_generated.bend	0	1	1.67	224
types/FuluEth1Block_decode_ssz_generated.bend	0	1	1.67	232
types/FuluEth1Data_hashtreeroot_generated.bend	0	1	1.67	245
types/FuluG1Point_hashtreeroot_generated.bend	0	1	1.67	239
types/FuluRoot_def_generated.bend	0	1	1.67	207
types/FuluRoot_hashtreeroot_generated.bend	0	1	1.67	209
types/FuluSlot_hashtreeroot_generated.bend	0	1	1.67	225
types/FuluSubnetID_decode_ssz_generated.bend	0	1	1.67	208
types/FuluVoluntaryExit_hashtreeroot_generated.bend	0	1	1.67	231
types/FuluWithdrawalRequest_def_generated.bend	0	1	1.67	232
types/Fulu_bitvector_128_hashtreeroot_generated.bend	0	1	1.67	217
types/Fulu_bitvector_512_encode_ssz_generated.bend	0	1	1.67	252
types/Fulu_list_WithdrawalRequest_16_decode_ssz_generated.bend	0	1	1.67	232
types/Fulu_list_bytevec_32_16777216_decode_ssz_generated.bend	0	1	1.67	241
types/Fulu_list_uint64_1099511627776_decode_ssz_generated.bend	0	1	1.67	237
types/Fulu_list_uint64_128_def_generated.bend	0	1	1.67	234
types/Fulu_vec_bytevec_32_8192_decode_ssz_generated.bend	0	1	1.67	233
types/ProgressiveSingleFieldContainerTestStruct_hashtreeroot_generated.bend	0	1	1.67	241
types/bitlist_17_decode_ssz_generated.bend	0	1	1.67	248
types/bitlist_257_def_generated.bend	0	1	1.67	238
types/bitlist_32_def_generated.bend	0	1	1.67	231
types/bitlist_3_hashtreeroot_generated.bend	0	1	1.67	231
types/bitlist_512_hashtreeroot_generated.bend	0	1	1.67	240
types/bitlist_513_decode_ssz_generated.bend	0	1	1.67	237
types/bitlist_513_def_generated.bend	0	1	1.67	247
types/bitlist_9_hashtreeroot_generated.bend	0	1	1.67	240
types/bitvector_511_encode_ssz_generated.bend	0	1	1.67	247
types/bitvector_9_def_generated.bend	0	1	1.67	223
types/list_uint16_1024_hashtreeroot_generated.bend	0	1	1.67	238
types/proglist_SmallTestStruct_decode_ssz_generated.bend	0	1	1.67	239
types/uint256_hashtreeroot_generated.bend	0	1	1.67	222
types/uint32_encode_ssz_generated.bend	0	1	1.67	209
types/vec_bool_3_def_generated.bend	0	1	1.67	237
types/vec_bool_512_hashtreeroot_generated.bend	0	1	1.67	238
types/vec_uint16_513_decode_ssz_generated.bend	0	1	1.67	234
types/vec_uint256_3_def_generated.bend	0	1	1.67	236
types/CompatibleUnionBC_hashtreeroot_generated.bend	0	1	1.68	237
types/FuluBLSSignature_encode_ssz_generated.bend	0	1	1.68	268
types/FuluBeaconBlockHeader_hashtreeroot_generated.bend	0	1	1.68	247
types/FuluBytes4_hashtreeroot_generated.bend	0	1	1.68	214
types/FuluBytes96_decode_ssz_generated.bend	0	1	1.68	225
types/FuluContributionAndProof_def_generated.bend	0	1	1.68	243
types/FuluCurrentSyncCommitteeBranch_decode_ssz_generated.bend	0	1	1.68	233
types/FuluEther_decode_ssz_generated.bend	0	1	1.68	216
types/FuluExecutionPayloadHeader_def_generated.bend	0	1	1.68	250
types/FuluForkData_decode_ssz_generated.bend	0	1	1.68	238
types/FuluForkDigest_decode_ssz_generated.bend	0	1	1.68	209
types/FuluKZGCommitment_def_generated.bend	0	1	1.68	226
types/FuluSingleAttestation_hashtreeroot_generated.bend	0	1	1.68	242
types/FuluSlot_encode_ssz_generated.bend	0	1	1.68	208
types/FuluWithdrawalRequest_decode_ssz_generated.bend	0	1	1.68	217
types/Fulu_list_ConsolidationRequest_2_hashtreeroot_generated.bend	0	1	1.68	242
types/Fulu_list_ProposerSlashing_16_decode_ssz_generated.bend	0	1	1.68	251
types/bitlist_8_decode_ssz_generated.bend	0	1	1.68	229
types/bitlist_8_encode_ssz_generated.bend	0	1	1.68	278
types/bitvector_256_decode_ssz_generated.bend	0	1	1.68	230
types/bitvector_32_hashtreeroot_generated.bend	0	1	1.68	206
types/bitvector_33_def_generated.bend	0	1	1.68	222
types/bitvector_511_hashtreeroot_generated.bend	0	1	1.68	235
types/bitvector_9_encode_ssz_generated.bend	0	1	1.68	233
types/proglist_uint16_hashtreeroot_generated.bend	0	1	1.68	242
types/proglist_uint32_def_generated.bend	0	1	1.68	257
types/uint32_def_generated.bend	0	1	1.68	224
types/vec_VarTestStruct_2_decode_ssz_generated.bend	0	1	1.68	245
types/vec_uint128_512_hashtreeroot_generated.bend	0	1	1.68	247
types/vec_uint256_3_decode_ssz_generated.bend	0	1	1.68	236
types/vec_uint256_4_def_generated.bend	0	1	1.68	225
types/vec_uint32_1_hashtreeroot_generated.bend	0	1	1.68	231
types/vec_uint32_2_decode_ssz_generated.bend	0	1	1.68	245
types/vec_uint32_31_def_generated.bend	0	1	1.68	236
types/vec_uint32_512_def_generated.bend	0	1	1.68	227
types/vec_uint8_2_decode_ssz_generated.bend	0	1	1.68	233
types/vec_uint8_513_encode_ssz_generated.bend	0	1	1.68	270
benchmarks/objprog/f7_generated.bend	0	1	1.69	288
types/ComplexTestStruct_hashtreeroot_generated.bend	0	1	1.69	263
types/FixedTestStruct_decode_ssz_generated.bend	0	1	1.69	238
types/FuluBLSToExecutionChange_encode_ssz_generated.bend	0	1	1.69	259
types/FuluBLSToExecutionChange_hashtreeroot_generated.bend	0	1	1.69	232
types/FuluBlobIdentifier_decode_ssz_generated.bend	0	1	1.69	225
types/FuluBlobIdentifier_hashtreeroot_generated.bend	0	1	1.69	242
types/FuluBytes20_encode_ssz_generated.bend	0	1	1.69	226
types/FuluBytes20_hashtreeroot_generated.bend	0	1	1.69	223
types/FuluColumnIndex_hashtreeroot_generated.bend	0	1	1.69	215
types/FuluCurrentSyncCommitteeBranch_hashtreeroot_generated.bend	0	1	1.69	234
types/FuluCustodyIndex_def_generated.bend	0	1	1.69	225
types/FuluGwei_encode_ssz_generated.bend	0	1	1.69	216
types/FuluHistoricalBatch_decode_ssz_generated.bend	0	1	1.69	242
types/FuluPendingAttestation_def_generated.bend	0	1	1.69	239
types/FuluProposerSlashing_decode_ssz_generated.bend	0	1	1.69	231
types/FuluProposerSlashing_hashtreeroot_generated.bend	0	1	1.69	256
types/FuluRoot_decode_ssz_generated.bend	0	1	1.69	214
types/FuluRoot_encode_ssz_generated.bend	0	1	1.69	235
types/FuluSyncAggregatorSelectionData_hashtreeroot_generated.bend	0	1	1.69	232
types/Fulu_bitvector_4_def_generated.bend	0	1	1.69	227
types/Fulu_bitvector_512_def_generated.bend	0	1	1.69	242
types/Fulu_list_PendingConsolidation_262144_encode_ssz_generated.bend	0	1	1.69	229
types/Fulu_list_bytevec_2048_4096_hashtreeroot_generated.bend	0	1	1.69	243
types/Fulu_vec_bytevec_32_65536_def_generated.bend	0	1	1.69	224
types/SmallTestStruct_def_generated.bend	0	1	1.69	231
types/bitlist_33_decode_ssz_generated.bend	0	1	1.69	248
types/bitlist_8_def_generated.bend	0	1	1.69	238
types/bitlist_9_def_generated.bend	0	1	1.69	247
types/bitvector_1280_decode_ssz_generated.bend	0	1	1.69	240
types/bitvector_256_hashtreeroot_generated.bend	0	1	1.69	208
types/bitvector_2_decode_ssz_generated.bend	0	1	1.69	232
types/bitvector_511_decode_ssz_generated.bend	0	1	1.69	238
types/bitvector_511_def_generated.bend	0	1	1.69	238
types/list_uint16_123_def_generated.bend	0	1	1.69	264
types/proglist_SmallTestStruct_hashtreeroot_generated.bend	0	1	1.69	240
types/proglist_uint8_def_generated.bend	0	1	1.69	249
types/vec_bool_512_def_generated.bend	0	1	1.69	232
types/vec_uint128_1_def_generated.bend	0	1	1.69	237
types/vec_uint16_31_decode_ssz_generated.bend	0	1	1.69	230
types/vec_uint256_513_decode_ssz_generated.bend	0	1	1.69	234
types/vec_uint32_31_hashtreeroot_generated.bend	0	1	1.69	238
types/vec_uint64_4_def_generated.bend	0	1	1.69	219
types/vec_uint64_512_hashtreeroot_generated.bend	0	1	1.69	240
types/vec_uint64_513_def_generated.bend	0	1	1.69	224
types/vec_uint8_31_def_generated.bend	0	1	1.69	224
types/vec_uint8_512_def_generated.bend	0	1	1.69	234
proofs/bit_chunk_count.bend	0	1	1.70	203
proofs/bit_list_codec.bend	0	1	1.70	191
types/FuluBlob_hashtreeroot_generated.bend	0	1	1.70	239
types/FuluBytes8_def_generated.bend	0	1	1.70	240
types/FuluCheckpoint_hashtreeroot_generated.bend	0	1	1.70	226
types/FuluColumnIndex_def_generated.bend	0	1	1.70	208
types/FuluColumnIndex_encode_ssz_generated.bend	0	1	1.70	226
types/FuluCurrentSyncCommitteeBranch_def_generated.bend	0	1	1.70	233
types/FuluPendingConsolidation_def_generated.bend	0	1	1.70	227
types/FuluSyncAggregate_decode_ssz_generated.bend	0	1	1.70	241
types/FuluValidator_decode_ssz_generated.bend	0	1	1.70	233
types/Fulu_bitvector_64_decode_ssz_generated.bend	0	1	1.70	217
types/Fulu_bytevec_256_decode_ssz_generated.bend	0	1	1.70	244
types/Fulu_list_PendingPartialWithdrawal_134217728_def_generated.bend	0	1	1.70	258
types/Fulu_list_SignedVoluntaryExit_16_decode_ssz_generated.bend	0	1	1.70	237
types/SingleFieldTestStruct_decode_ssz_generated.bend	0	1	1.70	225
types/bitlist_1280_def_generated.bend	0	1	1.70	231
types/bitlist_511_hashtreeroot_generated.bend	0	1	1.70	243
types/bitvector_1_hashtreeroot_generated.bend	0	1	1.70	219
types/bitvector_7_hashtreeroot_generated.bend	0	1	1.70	226
types/bytelist_256_def_generated.bend	0	1	1.70	256
types/list_ProgressiveSingleFieldContainerTestStruct_10_decode_ssz_generated.bend	0	1	1.70	227
types/list_uint16_1024_def_generated.bend	0	1	1.70	241
types/list_uint16_123_hashtreeroot_generated.bend	0	1	1.70	236
types/list_uint16_128_decode_ssz_generated.bend	0	1	1.70	245
types/progbitlist_decode_ssz_generated.bend	0	1	1.70	240
types/progbitlist_def_generated.bend	0	1	1.70	246
types/proglist_ProgressiveVarTestStruct_def_generated.bend	0	1	1.70	237
types/uint256_decode_ssz_generated.bend	0	1	1.70	234
types/vec_VarTestStruct_2_def_generated.bend	0	1	1.70	251
types/vec_bool_2_hashtreeroot_generated.bend	0	1	1.70	239
types/vec_bool_3_hashtreeroot_generated.bend	0	1	1.70	233
types/vec_bool_4_def_generated.bend	0	1	1.70	231
types/vec_bool_5_hashtreeroot_generated.bend	0	1	1.70	237
types/vec_uint256_1_decode_ssz_generated.bend	0	1	1.70	232
types/vec_uint32_8_decode_ssz_generated.bend	0	1	1.70	237
types/vec_uint64_1_def_generated.bend	0	1	1.70	226
types/vec_uint64_513_decode_ssz_generated.bend	0	1	1.70	225
types/vec_uint8_1_hashtreeroot_generated.bend	0	1	1.70	245
types/vec_uint8_3_def_generated.bend	0	1	1.70	236
types/vec_uint8_3_hashtreeroot_generated.bend	0	1	1.70	241
types/vec_uint8_4_def_generated.bend	0	1	1.70	237
types/FuluBlob_decode_ssz_generated.bend	0	1	1.71	241
types/FuluBytes20_decode_ssz_generated.bend	0	1	1.71	226
types/FuluDomainType_decode_ssz_generated.bend	0	1	1.71	217
types/FuluEth1Block_hashtreeroot_generated.bend	0	1	1.71	239
types/FuluEth1Data_decode_ssz_generated.bend	0	1	1.71	225
types/FuluKZGCommitment_decode_ssz_generated.bend	0	1	1.71	224
types/FuluSignedVoluntaryExit_decode_ssz_generated.bend	0	1	1.71	241
types/FuluSignedVoluntaryExit_def_generated.bend	0	1	1.71	246
types/FuluVoluntaryExit_decode_ssz_generated.bend	0	1	1.71	213
types/Fulu_bytelist_32_decode_ssz_generated.bend	0	1	1.71	241
types/Fulu_bytevec_256_hashtreeroot_generated.bend	0	1	1.71	233
types/Fulu_list_DepositRequest_8192_decode_ssz_generated.bend	0	1	1.71	243
types/Fulu_list_Eth1Data_2048_decode_ssz_generated.bend	0	1	1.71	229
types/Fulu_list_uint64_1099511627776_hashtreeroot_generated.bend	0	1	1.71	242
types/Fulu_list_uint64_128_decode_ssz_generated.bend	0	1	1.71	231
types/Fulu_vec_uint64_64_hashtreeroot_generated.bend	0	1	1.71	239
types/ProgressiveVarTestStruct_hashtreeroot_generated.bend	0	1	1.71	251
types/SingleFieldTestStruct_def_generated.bend	0	1	1.71	239
types/bitlist_17_hashtreeroot_generated.bend	0	1	1.71	240
types/bitlist_7_hashtreeroot_generated.bend	0	1	1.71	243
types/bitlist_8_hashtreeroot_generated.bend	0	1	1.71	243
types/bitvector_2_encode_ssz_generated.bend	0	1	1.71	206
types/bitvector_7_def_generated.bend	0	1	1.71	235
types/bitvector_9_decode_ssz_generated.bend	0	1	1.71	237
types/list_ProgressiveSingleFieldContainerTestStruct_10_hashtreeroot_generated.bend	0	1	1.71	237
types/proglist_uint32_decode_ssz_generated.bend	0	1	1.71	240
types/proglist_uint64_hashtreeroot_generated.bend	0	1	1.71	242
types/vec_FixedTestStruct_4_encode_ssz_generated.bend	0	1	1.71	238
types/vec_VarTestStruct_2_hashtreeroot_generated.bend	0	1	1.71	252
types/vec_bool_3_decode_ssz_generated.bend	0	1	1.71	242
types/vec_uint128_5_def_generated.bend	0	1	1.71	212
types/vec_uint256_512_def_generated.bend	0	1	1.71	222
types/vec_uint8_512_decode_ssz_generated.bend	0	1	1.71	232
types/vec_uint8_512_hashtreeroot_generated.bend	0	1	1.71	241
benchmarks/objprog/f25_generated.bend	0	1	1.72	288
benchmarks/objprog/f27_generated.bend	0	1	1.72	304
benchmarks/objprog/g9_generated.bend	0	1	1.72	302
proofs/identity_equivalence.bend	0	1	1.72	256
types/FuluAttestationData_hashtreeroot_generated.bend	0	1	1.72	250
types/FuluCell_def_generated.bend	0	1	1.72	212
types/FuluDomain_encode_ssz_generated.bend	0	1	1.72	234
types/FuluEpoch_hashtreeroot_generated.bend	0	1	1.72	234
types/FuluEth1Block_encode_ssz_generated.bend	0	1	1.72	248
types/FuluFork_encode_ssz_generated.bend	0	1	1.72	225
types/FuluMatrixEntry_decode_ssz_generated.bend	0	1	1.72	248
types/FuluPayloadId_decode_ssz_generated.bend	0	1	1.72	221
types/FuluPendingPartialWithdrawal_hashtreeroot_generated.bend	0	1	1.72	227
types/FuluSignedBLSToExecutionChange_decode_ssz_generated.bend	0	1	1.72	238
types/FuluSignedBeaconBlockHeader_hashtreeroot_generated.bend	0	1	1.72	236
types/FuluSyncCommitteeContribution_hashtreeroot_generated.bend	0	1	1.72	239
types/Fulu_bitvector_128_decode_ssz_generated.bend	0	1	1.72	223
types/Fulu_bitvector_128_encode_ssz_generated.bend	0	1	1.72	241
types/Fulu_list_Deposit_16_def_generated.bend	0	1	1.72	259
types/Fulu_list_PendingDeposit_134217728_decode_ssz_generated.bend	0	1	1.72	235
types/Fulu_list_Validator_1099511627776_hashtreeroot_generated.bend	0	1	1.72	235
types/Fulu_list_Withdrawal_16_encode_ssz_generated.bend	0	1	1.72	246
types/Fulu_list_bytevec_32_16777216_hashtreeroot_generated.bend	0	1	1.72	242
types/Fulu_list_bytevec_48_4096_decode_ssz_generated.bend	0	1	1.72	238
types/Fulu_vec_bytevec_48_512_decode_ssz_generated.bend	0	1	1.72	234
types/Fulu_vec_uint64_8192_decode_ssz_generated.bend	0	1	1.72	231
types/SmallTestStruct_hashtreeroot_generated.bend	0	1	1.72	241
types/bitlist_257_hashtreeroot_generated.bend	0	1	1.72	242
types/bitlist_2_decode_ssz_generated.bend	0	1	1.72	244
types/bitlist_7_decode_ssz_generated.bend	0	1	1.72	234
types/bitvector_257_hashtreeroot_generated.bend	0	1	1.72	226
types/bitvector_3_def_generated.bend	0	1	1.72	227
types/boolean_decode_ssz_generated.bend	0	1	1.72	231
types/list_uint16_1024_decode_ssz_generated.bend	0	1	1.72	229
types/list_uint16_128_def_generated.bend	0	1	1.72	263
types/uint128_def_generated.bend	0	1	1.72	230
types/vec_bool_16_hashtreeroot_generated.bend	0	1	1.72	234
types/vec_uint128_5_decode_ssz_generated.bend	0	1	1.72	254
types/vec_uint16_3_def_generated.bend	0	1	1.72	245
proofs/gate/g__gcodec_0_generated.bend	0	1	1.73	302
src/decode.bend	0	1	1.73	250
types/FuluAttestationData_decode_ssz_generated.bend	0	1	1.73	234
types/FuluAttestationData_encode_ssz_generated.bend	0	1	1.73	241
types/FuluBlobIdentifier_encode_ssz_generated.bend	0	1	1.73	244
types/FuluBytes48_def_generated.bend	0	1	1.73	231
types/FuluBytes8_encode_ssz_generated.bend	0	1	1.73	235
types/FuluCell_hashtreeroot_generated.bend	0	1	1.73	253
types/FuluDeposit_hashtreeroot_generated.bend	0	1	1.73	247
types/FuluEpoch_def_generated.bend	0	1	1.73	217
types/FuluFinalityBranch_def_generated.bend	0	1	1.73	230
types/FuluForkDigest_hashtreeroot_generated.bend	0	1	1.73	227
types/FuluG1Point_def_generated.bend	0	1	1.73	202
types/FuluPendingPartialWithdrawal_def_generated.bend	0	1	1.73	245
types/FuluPowBlock_decode_ssz_generated.bend	0	1	1.73	202
types/FuluSigningData_def_generated.bend	0	1	1.73	228
types/FuluSingleAttestation_def_generated.bend	0	1	1.73	236
types/FuluTransaction_def_generated.bend	0	1	1.73	243
types/FuluValidator_def_generated.bend	0	1	1.73	247
types/Fulu_bitlist_131072_def_generated.bend	0	1	1.73	247
types/Fulu_bitlist_131072_hashtreeroot_generated.bend	0	1	1.73	233
types/Fulu_list_ConsolidationRequest_2_decode_ssz_generated.bend	0	1	1.73	229
types/Fulu_list_Eth1Data_2048_encode_ssz_generated.bend	0	1	1.73	236
types/bitlist_1280_hashtreeroot_generated.bend	0	1	1.73	235
types/bitlist_256_def_generated.bend	0	1	1.73	246
types/bitlist_33_def_generated.bend	0	1	1.73	243
types/bitlist_512_decode_ssz_generated.bend	0	1	1.73	251
types/bitlist_5_decode_ssz_generated.bend	0	1	1.73	246
types/bitlist_6_def_generated.bend	0	1	1.73	233
types/bitvector_15_decode_ssz_generated.bend	0	1	1.73	243
types/bitvector_17_encode_ssz_generated.bend	0	1	1.73	228
types/list_uint16_123_decode_ssz_generated.bend	0	1	1.73	245
types/proglist_uint16_decode_ssz_generated.bend	0	1	1.73	236
types/proglist_uint256_def_generated.bend	0	1	1.73	244
types/proglist_uint32_hashtreeroot_generated.bend	0	1	1.73	246
types/uint128_encode_ssz_generated.bend	0	1	1.73	218
types/uint64_decode_ssz_generated.bend	0	1	1.73	235
types/uint64_encode_ssz_generated.bend	0	1	1.73	224
types/vec_bool_8_def_generated.bend	0	1	1.73	247
types/vec_uint128_2_def_generated.bend	0	1	1.73	233
types/vec_uint16_512_def_generated.bend	0	1	1.73	233
types/vec_uint256_16_def_generated.bend	0	1	1.73	216
types/vec_uint256_5_hashtreeroot_generated.bend	0	1	1.73	249
types/vec_uint256_8_def_generated.bend	0	1	1.73	215
types/vec_uint256_8_hashtreeroot_generated.bend	0	1	1.73	234
types/vec_uint32_5_hashtreeroot_generated.bend	0	1	1.73	247
types/vec_uint64_16_decode_ssz_generated.bend	0	1	1.73	231
types/vec_uint64_16_hashtreeroot_generated.bend	0	1	1.73	241
types/vec_uint64_4_decode_ssz_generated.bend	0	1	1.73	231
types/FuluDepositMessage_hashtreeroot_generated.bend	0	1	1.74	237
types/FuluDomainType_encode_ssz_generated.bend	0	1	1.74	214
types/FuluEpoch_encode_ssz_generated.bend	0	1	1.74	223
types/FuluExecutionBranch_decode_ssz_generated.bend	0	1	1.74	236
types/FuluFinalityBranch_hashtreeroot_generated.bend	0	1	1.74	241
types/FuluForkData_encode_ssz_generated.bend	0	1	1.74	243
types/FuluHash32_hashtreeroot_generated.bend	0	1	1.74	204
types/FuluHistoricalBatch_hashtreeroot_generated.bend	0	1	1.74	239
types/FuluSignedContributionAndProof_decode_ssz_generated.bend	0	1	1.74	234
types/FuluSigningData_hashtreeroot_generated.bend	0	1	1.74	241
types/FuluSyncAggregate_def_generated.bend	0	1	1.74	244
types/FuluSyncAggregatorSelectionData_encode_ssz_generated.bend	0	1	1.74	230
types/FuluSyncCommittee_hashtreeroot_generated.bend	0	1	1.74	241
types/Fulu_bitlist_2048_hashtreeroot_generated.bend	0	1	1.74	253
types/Fulu_bitvector_4_decode_ssz_generated.bend	0	1	1.74	220
types/Fulu_bitvector_512_decode_ssz_generated.bend	0	1	1.74	217
types/Fulu_list_Deposit_16_decode_ssz_generated.bend	0	1	1.74	261
types/Fulu_list_bytevec_32_16777216_def_generated.bend	0	1	1.74	235
types/Fulu_list_uint64_131072_decode_ssz_generated.bend	0	1	1.74	242
types/Fulu_list_uint8_1099511627776_decode_ssz_generated.bend	0	1	1.74	234
types/Fulu_vec_uint64_8192_hashtreeroot_generated.bend	0	1	1.74	242
types/ProgressiveSingleFieldContainerTestStruct_def_generated.bend	0	1	1.74	233
types/ProgressiveTestStruct_def_generated.bend	0	1	1.74	242
types/ProgressiveVarTestStruct_decode_ssz_generated.bend	0	1	1.74	249
types/SmallTestStruct_decode_ssz_generated.bend	0	1	1.74	214
types/bitlist_257_decode_ssz_generated.bend	0	1	1.74	245
types/bitvector_1_decode_ssz_generated.bend	0	1	1.74	238
types/proglist_bool_def_generated.bend	0	1	1.74	252
types/proglist_uint128_hashtreeroot_generated.bend	0	1	1.74	233
types/uint16_hashtreeroot_generated.bend	0	1	1.74	231
types/uint256_def_generated.bend	0	1	1.74	234
types/vec_bool_4_decode_ssz_generated.bend	0	1	1.74	233
types/vec_bool_8_hashtreeroot_generated.bend	0	1	1.74	238
types/vec_uint128_512_def_generated.bend	0	1	1.74	223
types/vec_uint128_513_def_generated.bend	0	1	1.74	242
types/vec_uint16_512_decode_ssz_generated.bend	0	1	1.74	243
types/vec_uint32_512_decode_ssz_generated.bend	0	1	1.74	236
types/vec_uint64_31_hashtreeroot_generated.bend	0	1	1.74	231
types/vec_uint64_3_decode_ssz_generated.bend	0	1	1.74	234
types/vec_uint64_5_decode_ssz_generated.bend	0	1	1.74	239
types/FuluAggregateAndProof_hashtreeroot_generated.bend	0	1	1.75	258
types/FuluBlobSidecar_decode_ssz_generated.bend	0	1	1.75	264
types/FuluBytes1_def_generated.bend	0	1	1.75	230
types/FuluDataColumnsByRootIdentifier_decode_ssz_generated.bend	0	1	1.75	251
types/FuluDepositData_decode_ssz_generated.bend	0	1	1.75	225
types/FuluDepositMessage_decode_ssz_generated.bend	0	1	1.75	235
types/FuluExecutionAddress_decode_ssz_generated.bend	0	1	1.75	220
types/FuluHash32_encode_ssz_generated.bend	0	1	1.75	236
types/FuluPendingPartialWithdrawal_decode_ssz_generated.bend	0	1	1.75	224
types/FuluPendingPartialWithdrawal_encode_ssz_generated.bend	0	1	1.75	226
types/FuluProposerSlashing_def_generated.bend	0	1	1.75	242
types/FuluSignedContributionAndProof_def_generated.bend	0	1	1.75	242
types/FuluSignedVoluntaryExit_hashtreeroot_generated.bend	0	1	1.75	240
types/FuluSigningData_decode_ssz_generated.bend	0	1	1.75	235
types/FuluSyncCommitteeMessage_decode_ssz_generated.bend	0	1	1.75	240
types/FuluSyncCommittee_decode_ssz_generated.bend	0	1	1.75	243
types/FuluSyncCommittee_def_generated.bend	0	1	1.75	239
types/FuluVersionedHash_hashtreeroot_generated.bend	0	1	1.75	221
types/Fulu_list_HistoricalSummary_16777216_decode_ssz_generated.bend	0	1	1.75	231
types/Fulu_list_PendingConsolidation_262144_decode_ssz_generated.bend	0	1	1.75	236
types/Fulu_list_ProposerSlashing_16_hashtreeroot_generated.bend	0	1	1.75	259
types/Fulu_list_SignedBLSToExecutionChange_16_hashtreeroot_generated.bend	0	1	1.75	236
types/Fulu_list_SignedVoluntaryExit_16_def_generated.bend	0	1	1.75	243
types/Fulu_list_uint64_1099511627776_def_generated.bend	0	1	1.75	235
types/Fulu_vec_bytevec_32_65536_hashtreeroot_generated.bend	0	1	1.75	244
types/ProgressiveBitsStruct_def_generated.bend	0	1	1.75	247
types/bitlist_16_hashtreeroot_generated.bend	0	1	1.75	241
types/bitlist_17_def_generated.bend	0	1	1.75	246
types/bitlist_2_def_generated.bend	0	1	1.75	249
types/bitlist_4_hashtreeroot_generated.bend	0	1	1.75	238
types/bitvector_15_encode_ssz_generated.bend	0	1	1.75	230
types/bitvector_257_encode_ssz_generated.bend	0	1	1.75	245
types/bitvector_4_decode_ssz_generated.bend	0	1	1.75	221
types/bitvector_5_hashtreeroot_generated.bend	0	1	1.75	215
types/bitvector_6_decode_ssz_generated.bend	0	1	1.75	235
types/proglist_SmallTestStruct_encode_ssz_generated.bend	0	1	1.75	231
types/proglist_proglist_VarTestStruct_def_generated.bend	0	1	1.75	247
types/proglist_uint128_def_generated.bend	0	1	1.75	257
types/proglist_uint64_decode_ssz_generated.bend	0	1	1.75	230
types/vec_FixedTestStruct_4_hashtreeroot_generated.bend	0	1	1.75	251
types/vec_bool_2_decode_ssz_generated.bend	0	1	1.75	246
types/vec_bool_513_hashtreeroot_generated.bend	0	1	1.75	239
types/vec_uint128_8_hashtreeroot_generated.bend	0	1	1.75	241
types/vec_uint32_5_decode_ssz_generated.bend	0	1	1.75	231
types/vec_uint64_512_def_generated.bend	0	1	1.75	223
benchmarks/objprog/f3_generated.bend	0	1	1.76	295
proofs/bit_list_canonical.bend	0	1	1.76	191
proofs/bit_vector_canonical.bend	0	1	1.76	187
types/FuluBeaconBlockHeader_def_generated.bend	0	1	1.76	244
types/FuluDomain_def_generated.bend	0	1	1.76	222
types/FuluHash32_def_generated.bend	0	1	1.76	207
types/FuluSignedAggregateAndProof_def_generated.bend	0	1	1.76	248
types/FuluSignedBLSToExecutionChange_def_generated.bend	0	1	1.76	252
types/FuluSignedBLSToExecutionChange_hashtreeroot_generated.bend	0	1	1.76	239
types/FuluSignedBeaconBlockHeader_decode_ssz_generated.bend	0	1	1.76	226
types/FuluSignedBeaconBlockHeader_def_generated.bend	0	1	1.76	232
types/Fulu_list_HistoricalSummary_16777216_encode_ssz_generated.bend	0	1	1.76	243
types/Fulu_list_bytelist_1073741824_1048576_decode_ssz_generated.bend	0	1	1.76	250
types/Fulu_list_uint64_131072_def_generated.bend	0	1	1.76	246
types/bitlist_1_decode_ssz_generated.bend	0	1	1.76	242
types/bitlist_256_decode_ssz_generated.bend	0	1	1.76	243
types/bitlist_31_decode_ssz_generated.bend	0	1	1.76	238
types/bitlist_32_decode_ssz_generated.bend	0	1	1.76	251
types/bitlist_5_def_generated.bend	0	1	1.76	234
types/bitlist_6_hashtreeroot_generated.bend	0	1	1.76	233
types/bitvector_16_hashtreeroot_generated.bend	0	1	1.76	227
types/bitvector_17_def_generated.bend	0	1	1.76	233
types/bitvector_257_def_generated.bend	0	1	1.76	234
types/bitvector_31_decode_ssz_generated.bend	0	1	1.76	227
types/bitvector_512_encode_ssz_generated.bend	0	1	1.76	240
types/bitvector_8_def_generated.bend	0	1	1.76	236
types/list_ProgressiveSingleFieldContainerTestStruct_10_encode_ssz_generated.bend	0	1	1.76	225
types/proglist_proglist_VarTestStruct_hashtreeroot_generated.bend	0	1	1.76	245
types/proglist_uint256_hashtreeroot_generated.bend	0	1	1.76	237
types/vec_bool_4_hashtreeroot_generated.bend	0	1	1.76	235
types/vec_uint128_16_def_generated.bend	0	1	1.76	210
types/vec_uint128_4_def_generated.bend	0	1	1.76	223
types/vec_uint128_512_decode_ssz_generated.bend	0	1	1.76	253
types/vec_uint16_5_def_generated.bend	0	1	1.76	228
types/vec_uint256_2_def_generated.bend	0	1	1.76	230
types/vec_uint256_31_hashtreeroot_generated.bend	0	1	1.76	237
types/vec_uint64_8_decode_ssz_generated.bend	0	1	1.76	239
types/FuluAttestation_hashtreeroot_generated.bend	0	1	1.77	245
types/FuluBlob_def_generated.bend	0	1	1.77	229
types/FuluBytes32_encode_ssz_generated.bend	0	1	1.77	243
types/FuluBytes48_encode_ssz_generated.bend	0	1	1.77	235
types/FuluCellIndex_decode_ssz_generated.bend	0	1	1.77	207
types/FuluCheckpoint_def_generated.bend	0	1	1.77	243
types/FuluCheckpoint_encode_ssz_generated.bend	0	1	1.77	240
types/FuluEth1Data_def_generated.bend	0	1	1.77	239
types/FuluForkDigest_encode_ssz_generated.bend	0	1	1.77	236
types/FuluFork_def_generated.bend	0	1	1.77	227
types/FuluHash32_decode_ssz_generated.bend	0	1	1.77	224
types/FuluPowBlock_def_generated.bend	0	1	1.77	238
types/FuluSyncCommitteeContribution_decode_ssz_generated.bend	0	1	1.77	240
types/FuluVersion_encode_ssz_generated.bend	0	1	1.77	226
types/FuluWithdrawal_hashtreeroot_generated.bend	0	1	1.77	233
types/Fulu_list_ConsolidationRequest_2_encode_ssz_generated.bend	0	1	1.77	265
types/Fulu_list_bytevec_2048_4096_encode_ssz_generated.bend	0	1	1.77	271
types/SingleFieldTestStruct_hashtreeroot_generated.bend	0	1	1.77	222
types/bitlist_511_def_generated.bend	0	1	1.77	237
types/bitlist_5_hashtreeroot_generated.bend	0	1	1.77	230
types/bitvector_1281_hashtreeroot_generated.bend	0	1	1.77	260
types/bitvector_32_encode_ssz_generated.bend	0	1	1.77	221
types/proglist_VarTestStruct_decode_ssz_generated.bend	0	1	1.77	248
types/proglist_bool_decode_ssz_generated.bend	0	1	1.77	243
types/vec_bool_1_def_generated.bend	0	1	1.77	232
types/vec_bool_5_def_generated.bend	0	1	1.77	238
types/vec_uint128_4_decode_ssz_generated.bend	0	1	1.77	241
types/vec_uint16_512_hashtreeroot_generated.bend	0	1	1.77	242
types/vec_uint16_5_decode_ssz_generated.bend	0	1	1.77	247
types/vec_uint256_4_hashtreeroot_generated.bend	0	1	1.77	236
types/vec_uint32_3_decode_ssz_generated.bend	0	1	1.77	227
types/vec_uint8_16_decode_ssz_generated.bend	0	1	1.77	236
benchmarks/compact/objio.bend	0	1	1.78	244
types/ComplexTestStruct_decode_ssz_generated.bend	0	1	1.78	271
types/FuluContributionAndProof_decode_ssz_generated.bend	0	1	1.78	235
types/FuluDataColumnSidecar_def_generated.bend	0	1	1.78	252
types/FuluEth1Block_def_generated.bend	0	1	1.78	230
types/FuluFork_hashtreeroot_generated.bend	0	1	1.78	241
types/FuluHistoricalBatch_def_generated.bend	0	1	1.78	235
types/FuluPendingConsolidation_encode_ssz_generated.bend	0	1	1.78	217
types/FuluSyncCommitteeMessage_hashtreeroot_generated.bend	0	1	1.78	244
types/Fulu_bytelist_32_hashtreeroot_generated.bend	0	1	1.78	243
types/Fulu_list_DepositRequest_8192_hashtreeroot_generated.bend	0	1	1.78	246
types/Fulu_list_PendingDeposit_134217728_hashtreeroot_generated.bend	0	1	1.78	245
types/Fulu_list_bytelist_1073741824_1048576_hashtreeroot_generated.bend	0	1	1.78	255
types/Fulu_vec_uint64_64_decode_ssz_generated.bend	0	1	1.78	236
types/ProgressiveSingleFieldContainerTestStruct_decode_ssz_generated.bend	0	1	1.78	227
types/ProgressiveSingleListContainerTestStruct_hashtreeroot_generated.bend	0	1	1.78	247
types/ProgressiveVarTestStruct_def_generated.bend	0	1	1.78	234
types/bitlist_32_hashtreeroot_generated.bend	0	1	1.78	216
types/bitlist_512_def_generated.bend	0	1	1.78	255
types/bitlist_9_decode_ssz_generated.bend	0	1	1.78	239
types/bitvector_256_encode_ssz_generated.bend	0	1	1.78	239
types/bitvector_7_encode_ssz_generated.bend	0	1	1.78	243
types/proglist_ProgressiveVarTestStruct_decode_ssz_generated.bend	0	1	1.78	269
types/proglist_ProgressiveVarTestStruct_hashtreeroot_generated.bend	0	1	1.78	258
types/proglist_VarTestStruct_hashtreeroot_generated.bend	0	1	1.78	254
types/proglist_uint256_decode_ssz_generated.bend	0	1	1.78	241
types/proglist_uint64_def_generated.bend	0	1	1.78	238
types/uint64_hashtreeroot_generated.bend	0	1	1.78	222
types/uint8_decode_ssz_generated.bend	0	1	1.78	222
types/vec_bool_1_encode_ssz_generated.bend	0	1	1.78	268
types/vec_bool_513_def_generated.bend	0	1	1.78	248
types/vec_bool_5_decode_ssz_generated.bend	0	1	1.78	244
types/vec_uint128_1_decode_ssz_generated.bend	0	1	1.78	226
types/vec_uint128_2_decode_ssz_generated.bend	0	1	1.78	243
types/vec_uint256_512_hashtreeroot_generated.bend	0	1	1.78	241
types/vec_uint32_1_def_generated.bend	0	1	1.78	234
types/vec_uint8_31_hashtreeroot_generated.bend	0	1	1.78	230
types/FuluBLSSignature_decode_ssz_generated.bend	0	1	1.79	226
types/FuluConsolidationRequest_encode_ssz_generated.bend	0	1	1.79	248
types/FuluConsolidationRequest_hashtreeroot_generated.bend	0	1	1.79	231
types/FuluEther_encode_ssz_generated.bend	0	1	1.79	238
types/FuluExecutionAddress_hashtreeroot_generated.bend	0	1	1.79	206
types/FuluForkData_def_generated.bend	0	1	1.79	232
types/FuluGwei_decode_ssz_generated.bend	0	1	1.79	220
types/FuluNextSyncCommitteeBranch_decode_ssz_generated.bend	0	1	1.79	232
types/FuluPendingAttestation_decode_ssz_generated.bend	0	1	1.79	250
types/FuluTransaction_decode_ssz_generated.bend	0	1	1.79	241
types/FuluVoluntaryExit_def_generated.bend	0	1	1.79	230
types/Fulu_list_ProposerSlashing_16_def_generated.bend	0	1	1.79	283
types/Fulu_list_Validator_1099511627776_decode_ssz_generated.bend	0	1	1.79	242
types/Fulu_list_Withdrawal_16_def_generated.bend	0	1	1.79	270
types/Fulu_list_bytevec_2048_4096_decode_ssz_generated.bend	0	1	1.79	241
types/Fulu_vec_bytevec_32_33_hashtreeroot_generated.bend	0	1	1.79	231
types/ProgressiveBitsStruct_decode_ssz_generated.bend	0	1	1.79	258
types/VarTestStruct_hashtreeroot_generated.bend	0	1	1.79	248
types/bitlist_2_hashtreeroot_generated.bend	0	1	1.79	239
types/bitvector_1280_hashtreeroot_generated.bend	0	1	1.79	233
types/bitvector_1_encode_ssz_generated.bend	0	1	1.79	238
types/bitvector_6_def_generated.bend	0	1	1.79	227
types/proglist_proglist_VarTestStruct_decode_ssz_generated.bend	0	1	1.79	274
types/proglist_uint32_encode_ssz_generated.bend	0	1	1.79	267
types/vec_bool_1_hashtreeroot_generated.bend	0	1	1.79	253
types/vec_uint128_16_decode_ssz_generated.bend	0	1	1.79	242
types/vec_uint128_16_hashtreeroot_generated.bend	0	1	1.79	244
types/vec_uint128_31_decode_ssz_generated.bend	0	1	1.79	225
types/vec_uint128_31_def_generated.bend	0	1	1.79	231
types/vec_uint128_3_decode_ssz_generated.bend	0	1	1.79	232
types/vec_uint16_16_def_generated.bend	0	1	1.79	234
types/vec_uint16_16_hashtreeroot_generated.bend	0	1	1.79	239
types/vec_uint16_3_decode_ssz_generated.bend	0	1	1.79	238
types/vec_uint32_16_decode_ssz_generated.bend	0	1	1.79	231
types/vec_uint64_4_hashtreeroot_generated.bend	0	1	1.79	240
src/model.bend	0	1	1.80	258
types/FuluBlobIdentifier_def_generated.bend	0	1	1.80	248
types/FuluBytes1_hashtreeroot_generated.bend	0	1	1.80	225
types/FuluBytes96_def_generated.bend	0	1	1.80	246
types/FuluCell_decode_ssz_generated.bend	0	1	1.80	238
types/FuluConsolidationRequest_def_generated.bend	0	1	1.80	224
types/FuluDepositRequest_def_generated.bend	0	1	1.80	249
types/FuluFinalityBranch_decode_ssz_generated.bend	0	1	1.80	230
types/FuluHistoricalSummary_encode_ssz_generated.bend	0	1	1.80	234
types/FuluHistoricalSummary_hashtreeroot_generated.bend	0	1	1.80	235
types/FuluKZGCommitment_encode_ssz_generated.bend	0	1	1.80	235
types/FuluPendingAttestation_hashtreeroot_generated.bend	0	1	1.80	255
types/FuluValidator_hashtreeroot_generated.bend	0	1	1.80	241
types/Fulu_list_HistoricalSummary_16777216_def_generated.bend	0	1	1.80	268
types/Fulu_list_PendingConsolidation_262144_def_generated.bend	0	1	1.80	261
types/Fulu_list_PendingPartialWithdrawal_134217728_hashtreeroot_generated.bend	0	1	1.80	238
types/Fulu_list_ProposerSlashing_16_encode_ssz_generated.bend	0	1	1.80	261
types/bitlist_6_decode_ssz_generated.bend	0	1	1.80	247
types/bitvector_15_def_generated.bend	0	1	1.80	233
types/vec_uint16_2_def_generated.bend	0	1	1.80	235
types/vec_uint16_4_hashtreeroot_generated.bend	0	1	1.80	241
types/vec_uint16_5_hashtreeroot_generated.bend	0	1	1.80	227
types/vec_uint256_16_hashtreeroot_generated.bend	0	1	1.80	244
types/vec_uint256_31_decode_ssz_generated.bend	0	1	1.80	243
types/vec_uint32_5_def_generated.bend	0	1	1.80	234
types/vec_uint8_4_decode_ssz_generated.bend	0	1	1.80	242
types/FuluAttestationData_def_generated.bend	0	1	1.81	241
types/FuluBlobSidecar_def_generated.bend	0	1	1.81	266
types/FuluExecutionPayload_def_generated.bend	0	1	1.81	255
types/FuluFork_decode_ssz_generated.bend	0	1	1.81	233
types/FuluMatrixEntry_def_generated.bend	0	1	1.81	249
types/FuluMatrixEntry_encode_ssz_generated.bend	0	1	1.81	283
types/FuluParticipationFlags_decode_ssz_generated.bend	0	1	1.81	210
types/FuluPendingDeposit_def_generated.bend	0	1	1.81	257
types/FuluSingleAttestation_decode_ssz_generated.bend	0	1	1.81	234
types/FuluSyncCommitteeMessage_def_generated.bend	0	1	1.81	250
types/FuluWithdrawal_decode_ssz_generated.bend	0	1	1.81	225
types/Fulu_list_AttesterSlashing_1_hashtreeroot_generated.bend	0	1	1.81	244
types/Fulu_vec_uint64_8192_def_generated.bend	0	1	1.81	234
types/bitlist_15_def_generated.bend	0	1	1.81	241
types/bitlist_511_decode_ssz_generated.bend	0	1	1.81	243
types/bitlist_512_encode_ssz_generated.bend	0	1	1.81	296
types/bitvector_513_decode_ssz_generated.bend	0	1	1.81	244
types/bitvector_8_hashtreeroot_generated.bend	0	1	1.81	223
types/fulu_obj_f27_generated.bend	0	1	1.81	259
types/proglist_uint128_encode_ssz_generated.bend	0	1	1.81	294
types/proglist_uint8_hashtreeroot_generated.bend	0	1	1.81	242
types/vec_uint16_4_def_generated.bend	0	1	1.81	238
types/vec_uint256_5_decode_ssz_generated.bend	0	1	1.81	242
types/vec_uint32_3_def_generated.bend	0	1	1.81	237
types/vec_uint64_2_hashtreeroot_generated.bend	0	1	1.81	232
types/vec_uint8_31_decode_ssz_generated.bend	0	1	1.81	236
types/vec_uint8_3_decode_ssz_generated.bend	0	1	1.81	240
types/vec_uint8_512_encode_ssz_generated.bend	0	1	1.81	272
types/FuluAggregateAndProof_decode_ssz_generated.bend	0	1	1.82	265
types/FuluAggregateAndProof_def_generated.bend	0	1	1.82	255
types/FuluBytes20_def_generated.bend	0	1	1.82	231
types/FuluBytes48_hashtreeroot_generated.bend	0	1	1.82	242
types/FuluBytes4_def_generated.bend	0	1	1.82	230
types/FuluBytes8_decode_ssz_generated.bend	0	1	1.82	232
types/FuluCommitmentIndex_encode_ssz_generated.bend	0	1	1.82	229
types/FuluCommitteeIndex_def_generated.bend	0	1	1.82	222
types/FuluDomain_hashtreeroot_generated.bend	0	1	1.82	235
types/FuluExecutionAddress_encode_ssz_generated.bend	0	1	1.82	236
types/FuluExecutionBranch_encode_ssz_generated.bend	0	1	1.82	267
types/FuluG2Point_hashtreeroot_generated.bend	0	1	1.82	226
types/FuluKZGCommitment_hashtreeroot_generated.bend	0	1	1.82	238
types/Fulu_bitlist_2048_def_generated.bend	0	1	1.82	240
types/Fulu_list_Deposit_16_hashtreeroot_generated.bend	0	1	1.82	246
types/Fulu_list_Validator_1099511627776_def_generated.bend	0	1	1.82	276
types/Fulu_list_WithdrawalRequest_16_encode_ssz_generated.bend	0	1	1.82	265
types/bitlist_1281_decode_ssz_generated.bend	0	1	1.82	239
types/bitlist_1281_def_generated.bend	0	1	1.82	239
types/bitlist_15_encode_ssz_generated.bend	0	1	1.82	274
types/bitlist_31_encode_ssz_generated.bend	0	1	1.82	275
types/bitlist_4_decode_ssz_generated.bend	0	1	1.82	238
types/vec_uint16_4_decode_ssz_generated.bend	0	1	1.82	225
types/vec_uint16_513_hashtreeroot_generated.bend	0	1	1.82	230
types/vec_uint32_1_decode_ssz_generated.bend	0	1	1.82	238
types/vec_uint64_8_hashtreeroot_generated.bend	0	1	1.82	243
proofs/obj/vdepth.bend	0	1	1.83	330
types/FuluAttesterSlashing_hashtreeroot_generated.bend	0	1	1.83	255
types/FuluCell_encode_ssz_generated.bend	0	1	1.83	277
types/FuluDepositMessage_def_generated.bend	0	1	1.83	244
types/FuluEpoch_decode_ssz_generated.bend	0	1	1.83	211
types/FuluForkDigest_def_generated.bend	0	1	1.83	209
types/FuluHistoricalBatch_encode_ssz_generated.bend	0	1	1.83	287
types/FuluIndexedAttestation_hashtreeroot_generated.bend	0	1	1.83	258
types/FuluKZGProof_encode_ssz_generated.bend	0	1	1.83	237
types/FuluPowBlock_encode_ssz_generated.bend	0	1	1.83	249
types/FuluPowBlock_hashtreeroot_generated.bend	0	1	1.83	232
types/FuluSyncCommitteeContribution_encode_ssz_generated.bend	0	1	1.83	294
types/FuluWithdrawal_encode_ssz_generated.bend	0	1	1.83	232
types/Fulu_bytevec_256_encode_ssz_generated.bend	0	1	1.83	283
types/Fulu_list_SignedVoluntaryExit_16_hashtreeroot_generated.bend	0	1	1.83	242
types/Fulu_vec_bytevec_32_65536_decode_ssz_generated.bend	0	1	1.83	234
types/VarTestStruct_decode_ssz_generated.bend	0	1	1.83	254
types/bitlist_33_encode_ssz_generated.bend	0	1	1.83	284
types/bitlist_4_encode_ssz_generated.bend	0	1	1.83	277
types/vec_bool_2_def_generated.bend	0	1	1.83	231
types/vec_uint128_31_hashtreeroot_generated.bend	0	1	1.83	238
types/vec_uint128_513_hashtreeroot_generated.bend	0	1	1.83	242
types/vec_uint16_16_decode_ssz_generated.bend	0	1	1.83	237
types/vec_uint16_31_def_generated.bend	0	1	1.83	241
types/vec_uint16_3_hashtreeroot_generated.bend	0	1	1.83	244
types/vec_uint16_512_encode_ssz_generated.bend	0	1	1.83	265
types/vec_uint256_31_def_generated.bend	0	1	1.83	223
types/vec_uint32_4_decode_ssz_generated.bend	0	1	1.83	234
types/vec_uint32_5_encode_ssz_generated.bend	0	1	1.83	291
types/vec_uint32_8_hashtreeroot_generated.bend	0	1	1.83	235
types/vec_uint64_31_decode_ssz_generated.bend	0	1	1.83	235
types/vec_uint8_4_encode_ssz_generated.bend	0	1	1.83	257
proofs/identity_legality.bend	0	1	1.84	246
types/FuluDeposit_def_generated.bend	0	1	1.84	240
types/FuluHistoricalSummary_decode_ssz_generated.bend	0	1	1.84	211
types/FuluKZGProof_decode_ssz_generated.bend	0	1	1.84	211
types/FuluMatrixEntry_hashtreeroot_generated.bend	0	1	1.84	244
types/FuluTransaction_encode_ssz_generated.bend	0	1	1.84	280
types/Fulu_list_ConsolidationRequest_2_def_generated.bend	0	1	1.84	247
types/Fulu_list_PendingDeposit_134217728_def_generated.bend	0	1	1.84	271
types/Fulu_list_bytelist_1073741824_1048576_def_generated.bend	0	1	1.84	263
types/Fulu_vec_bytevec_32_17_encode_ssz_generated.bend	0	1	1.84	282
types/bitlist_1_def_generated.bend	0	1	1.84	248
types/bitlist_513_encode_ssz_generated.bend	0	1	1.84	275
types/bitvector_256_def_generated.bend	0	1	1.84	218
types/bitvector_33_decode_ssz_generated.bend	0	1	1.84	226
types/proglist_bool_hashtreeroot_generated.bend	0	1	1.84	236
types/vec_bool_4_encode_ssz_generated.bend	0	1	1.84	273
types/vec_uint256_8_encode_ssz_generated.bend	0	1	1.84	271
types/vec_uint32_2_hashtreeroot_generated.bend	0	1	1.84	234
types/vec_uint64_512_decode_ssz_generated.bend	0	1	1.84	233
types/vec_uint8_1_decode_ssz_generated.bend	0	1	1.84	230
types/FuluAttestation_decode_ssz_generated.bend	0	1	1.85	248
types/FuluBytes32_def_generated.bend	0	1	1.85	221
types/FuluDataColumnsByRootIdentifier_def_generated.bend	0	1	1.85	238
types/FuluDepositData_hashtreeroot_generated.bend	0	1	1.85	245
types/FuluDepositRequest_decode_ssz_generated.bend	0	1	1.85	241
types/FuluDepositRequest_hashtreeroot_generated.bend	0	1	1.85	240
types/FuluExecutionPayloadHeader_hashtreeroot_generated.bend	0	1	1.85	258
types/FuluLightClientOptimisticUpdate_def_generated.bend	0	1	1.85	253
types/FuluNodeID_encode_ssz_generated.bend	0	1	1.85	241
types/FuluSignedAggregateAndProof_hashtreeroot_generated.bend	0	1	1.85	261
types/FuluTransaction_hashtreeroot_generated.bend	0	1	1.85	240
types/FuluWithdrawalRequest_hashtreeroot_generated.bend	0	1	1.85	238
types/Fulu_bytelist_32_def_generated.bend	0	1	1.85	247
types/Fulu_list_uint64_131072_encode_ssz_generated.bend	0	1	1.85	260
types/bitlist_17_encode_ssz_generated.bend	0	1	1.85	277
types/bitlist_1_encode_ssz_generated.bend	0	1	1.85	283
types/fulu_obj_f3_generated.bend	0	1	1.85	280
types/vec_bool_512_encode_ssz_generated.bend	0	1	1.85	266
types/vec_bool_513_decode_ssz_generated.bend	0	1	1.85	223
types/vec_uint128_31_encode_ssz_generated.bend	0	1	1.85	269
types/vec_uint128_4_hashtreeroot_generated.bend	0	1	1.85	238
types/vec_uint16_2_hashtreeroot_generated.bend	0	1	1.85	232
types/vec_uint256_16_encode_ssz_generated.bend	0	1	1.85	262
types/vec_uint256_1_hashtreeroot_generated.bend	0	1	1.85	233
types/vec_uint32_4_hashtreeroot_generated.bend	0	1	1.85	248
types/vec_uint32_512_hashtreeroot_generated.bend	0	1	1.85	242
types/vec_uint8_2_def_generated.bend	0	1	1.85	221
types/FuluBytes96_hashtreeroot_generated.bend	0	1	1.86	234
types/FuluDataColumnSidecar_decode_ssz_generated.bend	0	1	1.86	271
types/FuluNextSyncCommitteeBranch_hashtreeroot_generated.bend	0	1	1.86	232
types/FuluSignedVoluntaryExit_encode_ssz_generated.bend	0	1	1.86	253
types/FuluWithdrawal_def_generated.bend	0	1	1.86	232
types/Fulu_bitlist_131072_decode_ssz_generated.bend	0	1	1.86	236
types/ProgressiveComplexTestStruct_def_generated.bend	0	1	1.86	244
types/bitlist_15_decode_ssz_generated.bend	0	1	1.86	242
types/bitlist_1_hashtreeroot_generated.bend	0	1	1.86	243
types/proglist_uint16_def_generated.bend	0	1	1.86	254
types/proglist_uint64_encode_ssz_generated.bend	0	1	1.86	261
types/vec_uint128_8_encode_ssz_generated.bend	0	1	1.86	267
types/vec_uint16_8_encode_ssz_generated.bend	0	1	1.86	259
types/vec_uint256_5_encode_ssz_generated.bend	0	1	1.86	286
types/vec_uint32_16_def_generated.bend	0	1	1.86	221
types/vec_uint32_513_encode_ssz_generated.bend	0	1	1.86	267
types/vec_uint64_1_encode_ssz_generated.bend	0	1	1.86	270
types/vec_uint64_4_encode_ssz_generated.bend	0	1	1.86	283
proofs/obj/gcodec_0_generated.bend	0	1	1.87	323
types/FuluBlobSidecar_hashtreeroot_generated.bend	0	1	1.87	248
types/FuluBlob_encode_ssz_generated.bend	0	1	1.87	266
types/FuluPendingDeposit_hashtreeroot_generated.bend	0	1	1.87	241
types/Fulu_bitlist_2048_decode_ssz_generated.bend	0	1	1.87	242
types/Fulu_list_Eth1Data_2048_def_generated.bend	0	1	1.87	250
types/Fulu_list_HistoricalSummary_16777216_hashtreeroot_generated.bend	0	1	1.87	245
types/Fulu_vec_bytevec_48_512_hashtreeroot_generated.bend	0	1	1.87	247
types/bitlist_16_decode_ssz_generated.bend	0	1	1.87	244
types/bitlist_16_def_generated.bend	0	1	1.87	243
types/bitlist_16_encode_ssz_generated.bend	0	1	1.87	272
types/bitlist_5_encode_ssz_generated.bend	0	1	1.87	298
types/bitlist_7_encode_ssz_generated.bend	0	1	1.87	286
types/bitvector_5_def_generated.bend	0	1	1.87	215
types/fulu_obj_f7_generated.bend	0	1	1.87	283
types/vec_bool_31_encode_ssz_generated.bend	0	1	1.87	279
types/vec_bool_513_encode_ssz_generated.bend	0	1	1.87	271
types/vec_bool_5_encode_ssz_generated.bend	0	1	1.87	262
types/vec_uint128_513_encode_ssz_generated.bend	0	1	1.87	271
types/vec_uint16_513_encode_ssz_generated.bend	0	1	1.87	267
types/vec_uint16_8_hashtreeroot_generated.bend	0	1	1.87	241
types/vec_uint256_512_decode_ssz_generated.bend	0	1	1.87	234
types/vec_uint256_513_hashtreeroot_generated.bend	0	1	1.87	233
types/vec_uint32_513_hashtreeroot_generated.bend	0	1	1.87	241
types/vec_uint64_3_hashtreeroot_generated.bend	0	1	1.87	221
types/FuluExecutionPayloadHeader_decode_ssz_generated.bend	0	1	1.88	256
types/FuluExecutionPayload_decode_ssz_generated.bend	0	1	1.88	270
types/FuluHistoricalSummary_def_generated.bend	0	1	1.88	236
types/FuluKZGProof_def_generated.bend	0	1	1.88	228
types/FuluLightClientBootstrap_def_generated.bend	0	1	1.88	254
types/FuluSignedContributionAndProof_hashtreeroot_generated.bend	0	1	1.88	249
types/Fulu_list_AttesterSlashing_1_def_generated.bend	0	1	1.88	265
types/Fulu_list_SignedBLSToExecutionChange_16_decode_ssz_generated.bend	0	1	1.88	233
types/Fulu_vec_bytevec_32_8192_encode_ssz_generated.bend	0	1	1.88	264
types/ProgressiveBitsStruct_hashtreeroot_generated.bend	0	1	1.88	247
types/bitlist_1280_encode_ssz_generated.bend	0	1	1.88	271
types/bitvector_2_def_generated.bend	0	1	1.88	225
types/proglist_bool_encode_ssz_generated.bend	0	1	1.88	274
types/vec_uint128_3_def_generated.bend	0	1	1.88	236
types/vec_uint128_512_encode_ssz_generated.bend	0	1	1.88	270
types/vec_uint128_8_def_generated.bend	0	1	1.88	227
types/vec_uint32_1_encode_ssz_generated.bend	0	1	1.88	291
types/vec_uint32_2_encode_ssz_generated.bend	0	1	1.88	262
types/vec_uint64_1_decode_ssz_generated.bend	0	1	1.88	242
types/vec_uint64_1_hashtreeroot_generated.bend	0	1	1.88	235
types/vec_uint8_16_encode_ssz_generated.bend	0	1	1.88	275
proofs/compact/buf.bend	0	1	1.89	267
types/CompatibleUnionABCA_encode_ssz_generated.bend	0	1	1.89	302
types/FuluDataColumnsByRootIdentifier_hashtreeroot_generated.bend	0	1	1.89	259
types/FuluDepositMessage_encode_ssz_generated.bend	0	1	1.89	266
types/FuluDeposit_decode_ssz_generated.bend	0	1	1.89	255
types/FuluIndexedAttestation_def_generated.bend	0	1	1.89	258
types/FuluLightClientHeader_def_generated.bend	0	1	1.89	246
types/FuluWithdrawalRequest_encode_ssz_generated.bend	0	1	1.89	270
types/Fulu_list_DepositRequest_8192_def_generated.bend	0	1	1.89	260
types/Fulu_list_SignedVoluntaryExit_16_encode_ssz_generated.bend	0	1	1.89	266
types/Fulu_list_bytelist_1073741824_1048576_encode_ssz_generated.bend	0	1	1.89	290
types/Fulu_list_uint64_128_encode_ssz_generated.bend	0	1	1.89	269
types/ProgressiveComplexTestStruct_hashtreeroot_generated.bend	0	1	1.89	273
types/ProgressiveSingleListContainerTestStruct_encode_ssz_generated.bend	0	1	1.89	281
types/bitlist_32_encode_ssz_generated.bend	0	1	1.89	266
types/list_uint16_1024_encode_ssz_generated.bend	0	1	1.89	279
types/proglist_uint16_encode_ssz_generated.bend	0	1	1.89	269
types/vec_bool_512_decode_ssz_generated.bend	0	1	1.89	245
types/vec_uint256_16_decode_ssz_generated.bend	0	1	1.89	238
types/vec_uint8_16_def_generated.bend	0	1	1.89	240
types/vec_uint8_16_hashtreeroot_generated.bend	0	1	1.89	240
types/vec_uint8_2_hashtreeroot_generated.bend	0	1	1.89	237
benchmarks/objprog/f0_generated.bend	0	1	1.90	285
src/obj.bend	0	1	1.90	295
types/FuluPendingDeposit_decode_ssz_generated.bend	0	1	1.90	239
types/FuluValidator_encode_ssz_generated.bend	0	1	1.90	254
types/Fulu_list_Attestation_8_decode_ssz_generated.bend	0	1	1.90	284
types/bitlist_511_encode_ssz_generated.bend	0	1	1.90	303
types/fulu_obj_g9_generated.bend	0	1	1.90	252
types/list_ProgressiveSingleFieldContainerTestStruct_10_def_generated.bend	0	1	1.90	252
types/list_uint16_128_encode_ssz_generated.bend	0	1	1.90	265
types/proglist_uint8_encode_ssz_generated.bend	0	1	1.90	259
types/vec_bool_3_encode_ssz_generated.bend	0	1	1.90	270
types/vec_bool_8_decode_ssz_generated.bend	0	1	1.90	234
types/vec_uint128_3_encode_ssz_generated.bend	0	1	1.90	270
types/vec_uint256_513_encode_ssz_generated.bend	0	1	1.90	263
types/vec_uint32_513_def_generated.bend	0	1	1.90	242
types/vec_uint64_16_encode_ssz_generated.bend	0	1	1.90	257
benchmarks/objprog/x6_generated.bend	0	1	1.91	304
proofs/obj/cache.bend	0	1	1.91	297
proofs/obj/codec_5_generated.bend	0	1	1.91	302
proofs/obj/fields_4_generated.bend	0	1	1.91	300
types/BitsStruct_encode_ssz_generated.bend	0	1	1.91	290
types/FuluDepositData_def_generated.bend	0	1	1.91	247
types/FuluG2Point_encode_ssz_generated.bend	0	1	1.91	262
types/FuluSignedAggregateAndProof_decode_ssz_generated.bend	0	1	1.91	269
types/Fulu_list_bytevec_2048_4096_def_generated.bend	0	1	1.91	244
types/Fulu_list_bytevec_48_4096_encode_ssz_generated.bend	0	1	1.91	266
types/ProgressiveTestStruct_hashtreeroot_generated.bend	0	1	1.91	255
types/bitlist_257_encode_ssz_generated.bend	0	1	1.91	279
types/bitlist_6_encode_ssz_generated.bend	0	1	1.91	295
types/vec_uint16_3_encode_ssz_generated.bend	0	1	1.91	272
types/vec_uint16_8_decode_ssz_generated.bend	0	1	1.91	217
types/vec_uint256_31_encode_ssz_generated.bend	0	1	1.91	264
types/vec_uint32_3_hashtreeroot_generated.bend	0	1	1.91	246
benchmarks/objprog/x2_generated.bend	0	1	1.92	303
benchmarks/objprog/x9_generated.bend	0	1	1.92	292
types/CompatibleUnionBC_encode_ssz_generated.bend	0	1	1.92	283
types/FuluAttesterSlashing_decode_ssz_generated.bend	0	1	1.92	254
types/FuluExecutionRequests_def_generated.bend	0	1	1.92	276
types/FuluSyncCommitteeMessage_encode_ssz_generated.bend	0	1	1.92	261
types/Fulu_list_WithdrawalRequest_16_def_generated.bend	0	1	1.92	261
types/Fulu_list_uint8_1099511627776_encode_ssz_generated.bend	0	1	1.92	280
types/Fulu_vec_bytevec_32_33_encode_ssz_generated.bend	0	1	1.92	271
types/Fulu_vec_bytevec_32_8192_hashtreeroot_generated.bend	0	1	1.92	237
types/progbitlist_hashtreeroot_generated.bend	0	1	1.92	218
types/vec_uint16_1_encode_ssz_generated.bend	0	1	1.92	260
types/vec_uint256_512_encode_ssz_generated.bend	0	1	1.92	280
types/vec_uint32_16_hashtreeroot_generated.bend	0	1	1.92	233
types/vec_uint64_2_decode_ssz_generated.bend	0	1	1.92	232
benchmarks/objprog/f4_generated.bend	0	1	1.93	306
benchmarks/objprog/f8_generated.bend	0	1	1.93	335
benchmarks/objprog/x5_generated.bend	0	1	1.93	314
src/root.bend	0	1	1.93	229
types/FuluCellIndex_encode_ssz_generated.bend	0	1	1.93	213
types/FuluExecutionPayload_hashtreeroot_generated.bend	0	1	1.93	251
types/FuluLightClientBootstrap_hashtreeroot_generated.bend	0	1	1.93	272
types/FuluLightClientFinalityUpdate_def_generated.bend	0	1	1.93	264
types/Fulu_list_Attestation_8_def_generated.bend	0	1	1.93	263
types/Fulu_list_AttesterSlashing_1_decode_ssz_generated.bend	0	1	1.93	264
types/Fulu_list_Validator_1099511627776_encode_ssz_generated.bend	0	1	1.93	272
types/Fulu_list_uint64_1099511627776_encode_ssz_generated.bend	0	1	1.93	266
types/ProgressiveTestStruct_decode_ssz_generated.bend	0	1	1.93	265
types/bitlist_7_def_generated.bend	0	1	1.93	243
types/bitlist_9_encode_ssz_generated.bend	0	1	1.93	293
types/vec_bool_2_encode_ssz_generated.bend	0	1	1.93	280
types/vec_bool_8_encode_ssz_generated.bend	0	1	1.93	252
types/vec_uint128_2_encode_ssz_generated.bend	0	1	1.93	289
types/vec_uint16_31_hashtreeroot_generated.bend	0	1	1.93	233
types/vec_uint256_2_hashtreeroot_generated.bend	0	1	1.93	242
types/vec_uint32_31_encode_ssz_generated.bend	0	1	1.93	260
types/vec_uint8_31_encode_ssz_generated.bend	0	1	1.93	268
benchmarks/objprog/x3_generated.bend	0	1	1.94	303
src/ssz.bend	0	1	1.94	260
types/FuluAttestation_def_generated.bend	0	1	1.94	263
types/FuluBytes96_encode_ssz_generated.bend	0	1	1.94	244
types/FuluExecutionRequests_decode_ssz_generated.bend	0	1	1.94	262
types/FuluExecutionRequests_hashtreeroot_generated.bend	0	1	1.94	256
types/FuluKZGProof_hashtreeroot_generated.bend	0	1	1.94	238
types/FuluLightClientUpdate_hashtreeroot_generated.bend	0	1	1.94	252
types/Fulu_bytelist_32_encode_ssz_generated.bend	0	1	1.94	275
types/Fulu_vec_bytevec_32_65536_encode_ssz_generated.bend	0	1	1.94	279
types/Fulu_vec_uint64_64_encode_ssz_generated.bend	0	1	1.94	266
types/proglist_uint256_encode_ssz_generated.bend	0	1	1.94	270
types/vec_uint128_4_encode_ssz_generated.bend	0	1	1.94	295
types/vec_uint16_1_def_generated.bend	0	1	1.94	221
benchmarks/objprog/f17_generated.bend	0	1	1.95	287
proofs/obj/spec_gload_vec_uint128_1_generated.bend	0	1	1.95	252
types/FuluContributionAndProof_hashtreeroot_generated.bend	0	1	1.95	246
types/FuluCurrentSyncCommitteeBranch_encode_ssz_generated.bend	0	1	1.95	254
types/FuluIndexedAttestation_decode_ssz_generated.bend	0	1	1.95	259
types/FuluLightClientHeader_hashtreeroot_generated.bend	0	1	1.95	248
types/FuluLightClientUpdate_def_generated.bend	0	1	1.95	283
types/FuluSingleAttestation_encode_ssz_generated.bend	0	1	1.95	278
types/FuluSyncAggregate_encode_ssz_generated.bend	0	1	1.95	255
types/Fulu_list_Attestation_8_hashtreeroot_generated.bend	0	1	1.95	258
types/Fulu_vec_uint64_8192_encode_ssz_generated.bend	0	1	1.95	253
types/bitlist_2_encode_ssz_generated.bend	0	1	1.95	253
types/bitlist_3_encode_ssz_generated.bend	0	1	1.95	295
types/vec_uint128_1_encode_ssz_generated.bend	0	1	1.95	297
types/vec_uint16_16_encode_ssz_generated.bend	0	1	1.95	294
types/vec_uint16_31_encode_ssz_generated.bend	0	1	1.95	260
types/vec_uint16_8_def_generated.bend	0	1	1.95	234
types/vec_uint256_2_encode_ssz_generated.bend	0	1	1.95	269
types/vec_uint256_3_encode_ssz_generated.bend	0	1	1.95	282
types/vec_uint32_31_decode_ssz_generated.bend	0	1	1.95	238
types/vec_uint32_512_encode_ssz_generated.bend	0	1	1.95	258
types/vec_uint32_8_encode_ssz_generated.bend	0	1	1.95	274
types/vec_uint64_2_encode_ssz_generated.bend	0	1	1.95	275
types/vec_uint64_31_def_generated.bend	0	1	1.95	235
types/vec_uint8_1_def_generated.bend	0	1	1.95	237
types/FuluSignedBLSToExecutionChange_encode_ssz_generated.bend	0	1	1.96	313
types/ProgressiveVarTestStruct_encode_ssz_generated.bend	0	1	1.96	285
types/bitvector_1281_decode_ssz_generated.bend	0	1	1.96	244
types/bytelist_256_encode_ssz_generated.bend	0	1	1.96	279
types/vec_uint128_3_hashtreeroot_generated.bend	0	1	1.96	251
types/vec_uint16_4_encode_ssz_generated.bend	0	1	1.96	266
types/vec_uint32_513_decode_ssz_generated.bend	0	1	1.96	237
types/vec_uint64_5_def_generated.bend	0	1	1.96	224
types/vec_uint8_1_encode_ssz_generated.bend	0	1	1.96	257
types/ComplexTestStruct_encode_ssz_generated.bend	0	1	1.97	299
types/FuluPendingAttestation_encode_ssz_generated.bend	0	1	1.97	298
types/list_uint16_123_encode_ssz_generated.bend	0	1	1.97	273
types/progbitlist_encode_ssz_generated.bend	0	1	1.97	278
types/vec_uint16_2_encode_ssz_generated.bend	0	1	1.97	262
types/vec_uint16_5_encode_ssz_generated.bend	0	1	1.97	278
types/vec_uint64_5_hashtreeroot_generated.bend	0	1	1.97	237
types/vec_uint8_3_encode_ssz_generated.bend	0	1	1.97	294
proofs/obj/serialize_0_generated.bend	0	1	1.98	359
proofs/obj/spec_gload_uint128_generated.bend	0	1	1.98	260
types/FuluSyncCommittee_encode_ssz_generated.bend	0	1	1.98	272
types/Fulu_list_SignedBLSToExecutionChange_16_def_generated.bend	0	1	1.98	243
types/VarTestStruct_encode_ssz_generated.bend	0	1	1.98	290
types/vec_uint64_512_encode_ssz_generated.bend	0	1	1.98	259
types/vec_uint64_513_encode_ssz_generated.bend	0	1	1.98	293
benchmarks/objprog/x11_generated.bend	0	1	1.99	292
benchmarks/objprog/x4_generated.bend	0	1	1.99	307
types/FuluFinalityBranch_encode_ssz_generated.bend	0	1	1.99	278
types/FuluLightClientBootstrap_decode_ssz_generated.bend	0	1	1.99	258
types/Fulu_list_PendingDeposit_134217728_encode_ssz_generated.bend	0	1	1.99	293
types/Fulu_list_bytevec_32_16777216_encode_ssz_generated.bend	0	1	1.99	297
types/vec_VarTestStruct_2_encode_ssz_generated.bend	0	1	1.99	282
types/vec_uint256_1_def_generated.bend	0	1	1.99	214
benchmarks/objprog/x8_generated.bend	0	1	2.00	304
proofs/obj/spec_load_CellIndex_generated.bend	0	1	2.00	265
types/Fulu_vec_bytevec_48_512_encode_ssz_generated.bend	0	1	2.00	281
types/vec_uint128_5_encode_ssz_generated.bend	0	1	2.00	269
benchmarks/objprog/f1_generated.bend	0	1	2.01	325
benchmarks/objprog/x16_generated.bend	0	1	2.01	297
proofs/obj/spec_load_Bytes4_generated.bend	0	1	2.01	261
types/FuluAttesterSlashing_encode_ssz_generated.bend	0	1	2.01	311
types/FuluLightClientHeader_decode_ssz_generated.bend	0	1	2.01	250
types/FuluNextSyncCommitteeBranch_encode_ssz_generated.bend	0	1	2.01	283
types/Fulu_list_SignedBLSToExecutionChange_16_encode_ssz_generated.bend	0	1	2.01	297
types/proglist_ProgressiveVarTestStruct_encode_ssz_generated.bend	0	1	2.01	281
types/proglist_VarTestStruct_encode_ssz_generated.bend	0	1	2.01	276
types/vec_uint32_8_def_generated.bend	0	1	2.01	230
types/vec_uint64_8_def_generated.bend	0	1	2.01	226
benchmarks/objprog/x12_generated.bend	0	1	2.02	333
proofs/gate/g__codec_5_generated.bend	0	1	2.02	290
types/bitlist_1281_encode_ssz_generated.bend	0	1	2.02	263
types/proglist_proglist_VarTestStruct_encode_ssz_generated.bend	0	1	2.02	282
types/vec_uint256_4_encode_ssz_generated.bend	0	1	2.02	272
types/vec_uint32_2_def_generated.bend	0	1	2.02	219
proofs/obj/spec_gload_bitvector_32_generated.bend	0	1	2.03	261
proofs/obj/spec_load_BLSPubkey_generated.bend	0	1	2.03	287
types/FuluProposerSlashing_encode_ssz_generated.bend	0	1	2.03	277
types/Fulu_bitlist_131072_encode_ssz_generated.bend	0	1	2.03	282
types/vec_uint64_8_encode_ssz_generated.bend	0	1	2.03	256
proofs/obj/spec_gload_vec_uint128_2_generated.bend	0	1	2.04	265
proofs/obj/spec_gload_vec_uint32_1_generated.bend	0	1	2.04	265
proofs/obj/spec_gload_vec_uint64_2_generated.bend	0	1	2.04	254
types/FuluDataColumnSidecar_hashtreeroot_generated.bend	0	1	2.04	253
types/FuluLightClientFinalityUpdate_hashtreeroot_generated.bend	0	1	2.04	281
types/fulu_obj_f0_generated.bend	0	1	2.04	265
types/ProgressiveComplexTestStruct_decode_ssz_generated.bend	0	1	2.05	280
types/vec_uint128_16_encode_ssz_generated.bend	0	1	2.05	295
types/vec_uint32_4_def_generated.bend	0	1	2.05	236
types/vec_uint64_31_encode_ssz_generated.bend	0	1	2.05	274
benchmarks/objprog/x1_generated.bend	0	1	2.06	314
types/FuluDataColumnsByRootIdentifier_encode_ssz_generated.bend	0	1	2.06	283
types/FuluSignedBeaconBlockHeader_encode_ssz_generated.bend	0	1	2.06	269
types/Fulu_bitlist_2048_encode_ssz_generated.bend	0	1	2.06	287
types/bitlist_256_encode_ssz_generated.bend	0	1	2.06	288
types/bitvector_1281_encode_ssz_generated.bend	0	1	2.06	272
types/vec_uint64_5_encode_ssz_generated.bend	0	1	2.06	256
benchmarks/objprog/f2_generated.bend	0	1	2.07	346
proofs/obj/fields_6_generated.bend	0	1	2.07	318
proofs/obj/serialize_1_generated.bend	0	1	2.07	399
types/FuluLightClientOptimisticUpdate_hashtreeroot_generated.bend	0	1	2.07	273
types/vec_uint32_16_encode_ssz_generated.bend	0	1	2.07	259
types/vec_uint32_3_encode_ssz_generated.bend	0	1	2.07	278
benchmarks/objprog/f5_generated.bend	0	1	2.08	351
proofs/fulu_adapter_inverse.bend	0	1	2.08	339
proofs/obj/spec_bits_generated.bend	0	1	2.08	317
proofs/obj/spec_gload_vec_uint256_1_generated.bend	0	1	2.08	259
proofs/obj/spec_gload_vec_uint32_2_generated.bend	0	1	2.08	275
proofs/obj/spec_load_Bytes8_generated.bend	0	1	2.08	259
proofs/obj/spec_load_PayloadId_generated.bend	0	1	2.08	260
proofs/obj/spec_load_uint64_generated.bend	0	1	2.08	258
types/FuluContributionAndProof_encode_ssz_generated.bend	0	1	2.08	311
types/FuluDepositData_encode_ssz_generated.bend	0	1	2.08	313
types/FuluPendingDeposit_encode_ssz_generated.bend	0	1	2.08	267
types/FuluSignedContributionAndProof_encode_ssz_generated.bend	0	1	2.08	289
types/fulu_obj_f1_generated.bend	0	1	2.08	271
types/fulu_obj_f25_generated.bend	0	1	2.08	296
types/vec_uint64_3_encode_ssz_generated.bend	0	1	2.08	269
types/FuluExecutionPayloadHeader_encode_ssz_generated.bend	0	1	2.09	302
types/FuluLightClientOptimisticUpdate_decode_ssz_generated.bend	0	1	2.09	287
proofs/obj/arr_shift_generated.bend	0	1	2.10	337
proofs/obj/spec_load_BlobIdentifier_generated.bend	0	1	2.10	277
types/ProgressiveTestStruct_encode_ssz_generated.bend	0	1	2.10	284
types/bitvector_1280_encode_ssz_generated.bend	0	1	2.10	268
proofs/obj/spec_gload_vec_uint128_3_generated.bend	0	1	2.11	277
proofs/obj/spec_gload_vec_uint32_4_generated.bend	0	1	2.11	263
proofs/obj/spec_load_Fork_generated.bend	0	1	2.11	260
proofs/obj/spec_load_uint32_generated.bend	0	1	2.11	265
benchmarks/objprog/f14_generated.bend	0	1	2.12	348
benchmarks/objprog/x7_generated.bend	0	1	2.12	343
proofs/obj/spec_load_BlobIndex_generated.bend	0	1	2.12	259
proofs/obj/spec_load_DomainType_generated.bend	0	1	2.12	258
proofs/obj/spec_load_Epoch_generated.bend	0	1	2.12	253
types/vec_uint32_4_encode_ssz_generated.bend	0	1	2.12	281
benchmarks/objprog/x13_generated.bend	0	1	2.13	303
proofs/obj/spec_gload_vec_uint32_5_generated.bend	0	1	2.13	262
proofs/obj/spec_load_Bytes32_generated.bend	0	1	2.13	268
proofs/obj/spec_load_Gwei_generated.bend	0	1	2.13	258
proofs/obj/spec_gload_vec_uint64_1_generated.bend	0	1	2.14	265
benchmarks/objprog/f11_generated.bend	0	1	2.15	302
proofs/leaf_sizes.bend	0	1	2.15	252
proofs/obj/spec_load_Ether_generated.bend	0	1	2.15	247
types/FuluBlobSidecar_encode_ssz_generated.bend	0	1	2.15	309
types/vec_uint8_2_encode_ssz_generated.bend	0	1	2.15	270
benchmarks/objprog/f9_generated.bend	0	1	2.16	353
proofs/obj/arr_copy_generated.bend	0	1	2.16	321
proofs/obj/spec_gload_bitvector_512_generated.bend	0	1	2.16	268
proofs/obj/spec_gload_vec_uint64_3_generated.bend	0	1	2.16	270
types/generic_obj_g5_generated.bend	0	1	2.16	311
types/generic_obj_g8_generated.bend	0	1	2.16	308
types/vec_uint256_1_encode_ssz_generated.bend	0	1	2.16	284
proofs/obj/spec_load_G1Point_generated.bend	0	1	2.17	258
proofs/obj/spec_load_HistoricalSummary_generated.bend	0	1	2.17	273
proofs/obj/spec_load_RowIndex_generated.bend	0	1	2.17	261
benchmarks/objprog/f16_generated.bend	0	1	2.18	342
benchmarks/objprog/f6_generated.bend	0	1	2.18	359
proofs/obj/spec_load_NodeID_generated.bend	0	1	2.18	261
proofs/obj/spec_load_SubnetID_generated.bend	0	1	2.18	262
types/generic_obj_g1_generated.bend	0	1	2.18	290
types/generic_obj_g9_generated.bend	0	1	2.18	292
proofs/obj/sha_hex_generated.bend	0	1	2.19	284
proofs/obj/spec_load_CommitmentIndex_generated.bend	0	1	2.19	261
proofs/obj/spec_load_ForkDigest_generated.bend	0	1	2.19	263
proofs/obj/spec_load_KZGCommitment_generated.bend	0	1	2.19	268
proofs/obj/spec_load_Slot_generated.bend	0	1	2.19	256
proofs/obj/spec_load_VoluntaryExit_generated.bend	0	1	2.19	258
types/FuluDeposit_encode_ssz_generated.bend	0	1	2.19	312
benchmarks/objprog/x15_generated.bend	0	1	2.20	333
types/FuluLightClientUpdate_decode_ssz_generated.bend	0	1	2.20	282
types/Fulu_list_AttesterSlashing_1_encode_ssz_generated.bend	0	1	2.20	318
types/ProgressiveBitsStruct_encode_ssz_generated.bend	0	1	2.20	302
proofs/obj/spec_load_BLSToExecutionChange_generated.bend	0	1	2.21	276
proofs/obj/spec_load_Bytes20_generated.bend	0	1	2.21	267
proofs/obj/spec_load_CommitteeIndex_generated.bend	0	1	2.21	265
types/FuluAggregateAndProof_encode_ssz_generated.bend	0	1	2.21	318
types/FuluDepositRequest_encode_ssz_generated.bend	0	1	2.21	296
types/Fulu_list_Attestation_8_encode_ssz_generated.bend	0	1	2.21	311
types/fulu_obj_f8_generated.bend	0	1	2.21	320
benchmarks/objprog/f20_generated.bend	0	1	2.22	330
proofs/obj/spec_load_Bytes48_generated.bend	0	1	2.22	264
proofs/obj/spec_load_ExecutionAddress_generated.bend	0	1	2.22	257
types/generic_obj_g16_generated.bend	0	1	2.22	297
types/generic_obj_g3_generated.bend	0	1	2.22	302
types/generic_obj_g4_generated.bend	0	1	2.22	277
types/fulu_obj_f4_generated.bend	0	1	2.23	318
types/fulu_obj_f6_generated.bend	0	1	2.24	310
benchmarks/objprog/f10_generated.bend	0	1	2.25	309
benchmarks/objprog/f18_generated.bend	0	1	2.25	333
proofs/gate/g__serialize_0_generated.bend	0	1	2.25	365
proofs/obj/arr_spec_generated.bend	0	1	2.25	339
proofs/obj/spec_gload_vec_uint32_16_generated.bend	0	1	2.25	274
proofs/obj/spec_gload_vec_uint64_5_generated.bend	0	1	2.25	268
proofs/obj/spec_load_ColumnIndex_generated.bend	0	1	2.25	270
proofs/obj/spec_load_PendingConsolidation_generated.bend	0	1	2.25	269
proofs/obj/spec_load_VersionedHash_generated.bend	0	1	2.25	259
types/FuluAttestation_encode_ssz_generated.bend	0	1	2.25	315
proofs/obj/fields_5_generated.bend	0	1	2.26	357
proofs/obj/spec_gload_vec_uint64_4_generated.bend	0	1	2.26	257
proofs/gate/g__serialize_1_generated.bend	0	1	2.27	351
proofs/obj/spec_gload_vec_uint128_4_generated.bend	0	1	2.27	305
proofs/obj/spec_gload_vec_uint32_3_generated.bend	0	1	2.27	277
proofs/obj/spec_load_Withdrawal_generated.bend	0	1	2.27	269
proofs/obj/spec_load_WithdrawalIndex_generated.bend	0	1	2.27	255
types/FuluLightClientFinalityUpdate_decode_ssz_generated.bend	0	1	2.27	266
types/FuluLightClientHeader_encode_ssz_generated.bend	0	1	2.27	319
types/ProgressiveComplexTestStruct_encode_ssz_generated.bend	0	1	2.27	302
types/fulu_obj_f9_generated.bend	0	1	2.27	303
proofs/obj/spec_load_Domain_generated.bend	0	1	2.28	257
proofs/obj/spec_load_Root_generated.bend	0	1	2.28	267
types/FuluBeaconState_def_generated.bend	0	1	2.28	305
types/FuluExecutionPayload_encode_ssz_generated.bend	0	1	2.28	309
proofs/obj/spec_gload_vec_uint64_8_generated.bend	0	1	2.29	273
proofs/obj/spec_load_ForkData_generated.bend	0	1	2.29	258
proofs/obj/spec_load_SyncAggregatorSelectionData_generated.bend	0	1	2.29	280
types/fulu_obj_f2_generated.bend	0	1	2.29	316
benchmarks/objprog/g1_generated.bend	0	1	2.30	314
proofs/obj/spec_gload_vec_uint256_2_generated.bend	0	1	2.30	271
proofs/obj/spec_load_Bytes96_generated.bend	0	1	2.30	273
proofs/obj/spec_load_uint256_generated.bend	0	1	2.30	261
types/generic_obj_g6_generated.bend	0	1	2.30	307
proofs/obj/spec_load_ConsolidationRequest_generated.bend	0	1	2.31	275
proofs/obj/spec_load_ValidatorIndex_generated.bend	0	1	2.31	261
types/generic_obj_g12_generated.bend	0	1	2.31	291
proofs/obj/spec_gload_vec_uint32_8_generated.bend	0	1	2.32	292
proofs/obj/spec_load_BLSSignature_generated.bend	0	1	2.32	300
proofs/obj/spec_load_CustodyIndex_generated.bend	0	1	2.32	289
types/generic_obj_g11_generated.bend	0	1	2.32	295
proofs/obj/prep_setters_g2_generated.bend	0	1	2.33	851
proofs/obj/spec_load_G2Point_generated.bend	0	1	2.33	272
types/FuluDataColumnSidecar_encode_ssz_generated.bend	0	1	2.33	296
types/FuluSignedAggregateAndProof_encode_ssz_generated.bend	0	1	2.33	309
types/fulu_obj_f14_generated.bend	0	1	2.33	299
types/fulu_obj_f5_generated.bend	0	1	2.33	304
proofs/obj/spec_load_PowBlock_generated.bend	0	1	2.34	274
proofs/obj/spec_load_SigningData_generated.bend	0	1	2.34	268
types/Fulu_list_DepositRequest_8192_encode_ssz_generated.bend	0	1	2.34	307
types/fulu_obj_f17_generated.bend	0	1	2.34	277
proofs/obj/spec_load_Version_generated.bend	0	1	2.35	287
types/fulu_obj_f16_generated.bend	0	1	2.35	286
types/generic_obj_g2_generated.bend	0	1	2.35	306
benchmarks/objprog/f15_generated.bend	0	1	2.36	327
proofs/obj/spec_load_DepositMessage_generated.bend	0	1	2.36	265
proofs/obj/spec_load_KZGProof_generated.bend	0	1	2.36	313
benchmarks/objprog/f13_generated.bend	0	1	2.37	356
proofs/compatibility_identity.bend	0	1	2.37	325
proofs/obj/spec_gload_vec_uint128_5_generated.bend	0	1	2.37	303
proofs/obj/spec_gload_vec_uint256_3_generated.bend	0	1	2.37	328
proofs/obj/spec_load_PendingPartialWithdrawal_generated.bend	0	1	2.37	313
proofs/obj/spec_load_SyncAggregate_generated.bend	0	1	2.37	279
types/FuluExecutionRequests_encode_ssz_generated.bend	0	1	2.37	349
types/fulu_obj_f18_generated.bend	0	1	2.37	302
proofs/obj/spec_gload_vec_uint256_5_generated.bend	0	1	2.38	274
types/generic_obj_g7_generated.bend	0	1	2.38	292
proofs/obj/spec_load_Hash32_generated.bend	0	1	2.39	304
proofs/obj/spec_load_Eth1Block_generated.bend	0	1	2.40	311
types/generic_obj_g13_generated.bend	0	1	2.40	293
proofs/obj/root_leaf_generated.bend	0	1	2.41	373
proofs/obj/spec_load_Eth1Data_generated.bend	0	1	2.41	273
types/FuluLightClientBootstrap_encode_ssz_generated.bend	0	1	2.41	316
types/fulu_obj_f10_generated.bend	0	1	2.41	312
types/fulu_obj_f13_generated.bend	0	1	2.41	333
proofs/obj/codec_0_generated.bend	0	1	2.42	358
proofs/obj/prep_setters_g1_generated.bend	0	1	2.42	866
types/FuluIndexedAttestation_encode_ssz_generated.bend	0	1	2.42	311
types/fulu_obj_g0_generated.bend	0	1	2.42	315
benchmarks/objprog/g0_generated.bend	0	1	2.43	372
proofs/api/vec_uint32_5_encode_ssz_proof_generated.bend	0	1	2.43	389
proofs/fulu_adapter_complete.bend	0	1	2.43	375
proofs/obj/spec_load_Checkpoint_generated.bend	0	1	2.43	301
types/FuluBeaconState_hashtreeroot_generated.bend	0	1	2.43	318
proofs/obj/arr_vec_generated.bend	0	1	2.44	365
proofs/obj/spec_load_DepositRequest_generated.bend	0	1	2.44	278
proofs/obj/spec_load_SignedBLSToExecutionChange_generated.bend	0	1	2.44	280
benchmarks/objprog/f26_generated.bend	0	1	2.45	389
benchmarks/objprog/x0_generated.bend	0	1	2.45	324
proofs/api/FuluBytes1_hashtreeroot_proof_generated.bend	0	1	2.45	396
proofs/obj/spec_load_NextSyncCommitteeBranch_generated.bend	0	1	2.46	275
proofs/obj/spec_load_WithdrawalRequest_generated.bend	0	1	2.46	316
proofs/obj/view_b48_generated.bend	0	1	2.46	817
benchmarks/objprog/f12_generated.bend	0	1	2.48	373
proofs/gate/g__spec_codec_CommitmentIndex_generated.bend	0	1	2.48	399
benchmarks/objprog/x14_generated.bend	0	1	2.49	369
proofs/fulu_adapter_preservation.bend	0	1	2.49	363
proofs/obj/spec_load_BeaconBlockHeader_generated.bend	0	1	2.49	320
types/fulu_obj_f11_generated.bend	0	1	2.49	332
benchmarks/compact/oinvalid.bend	0	1	2.50	375
types/Fulu_list_Deposit_16_encode_ssz_generated.bend	0	1	2.50	336
proofs/validator_fields.bend	0	1	2.51	309
proofs/gate/g__spec_codec_Epoch_generated.bend	0	1	2.52	381
proofs/obj/spec_load_PendingDeposit_generated.bend	0	1	2.52	276
benchmarks/objprog/g2_generated.bend	0	1	2.53	383
proofs/obj/spec_gcodec_vec_uint128_1_generated.bend	0	1	2.53	446
proofs/obj/spec_load_FinalityBranch_generated.bend	0	1	2.53	295
proofs/obj/spec_load_SyncCommitteeMessage_generated.bend	0	1	2.53	277
proofs/gate/g__codec_0_generated.bend	0	1	2.54	382
proofs/obj/spec_load_SyncCommitteeContribution_generated.bend	0	1	2.54	310
proofs/obj/spec_codec_Bytes4_generated.bend	0	1	2.55	432
proofs/obj/spec_load_DepositData_generated.bend	0	1	2.55	271
proofs/obj/spec_load_SignedVoluntaryExit_generated.bend	0	1	2.55	320
benchmarks/compact/ocache.bend	0	1	2.56	395
proofs/obj/spec_gload_vec_uint32_31_generated.bend	0	1	2.56	320
proofs/api/bitvector_32_encode_ssz_proof_generated.bend	0	1	2.58	462
types/fulu_obj_f12_generated.bend	0	1	2.58	324
proofs/obj/spec_gload_vec_uint64_31_generated.bend	0	1	2.59	287
proofs/fulu_normative.bend	0	1	2.60	257
proofs/obj/spec_codec_Bytes20_generated.bend	0	1	2.60	428
benchmarks/compact/omut.bend	0	1	2.61	430
proofs/gate/g__spec_codec_ExecutionAddress_generated.bend	0	1	2.61	408
proofs/obj/spec_codec_CellIndex_generated.bend	0	1	2.62	425
proofs/api/vec_uint64_1_encode_ssz_proof_generated.bend	0	1	2.63	411
proofs/gate/g__spec_codec_Bytes32_generated.bend	0	1	2.63	429
proofs/gate/g__spec_codec_Ether_generated.bend	0	1	2.63	389
proofs/obj/spec_gcodec_uint128_generated.bend	0	1	2.63	433
proofs/api/vec_uint256_1_encode_ssz_proof_generated.bend	0	1	2.64	420
proofs/api/vec_uint32_1_encode_ssz_proof_generated.bend	0	1	2.64	421
proofs/api/vec_uint32_4_encode_ssz_proof_generated.bend	0	1	2.64	377
proofs/gate/g__spec_codec_BlobIndex_generated.bend	0	1	2.64	422
proofs/gate/g__spec_codec_DomainType_generated.bend	0	1	2.64	406
proofs/obj/spec_gcodec_vec_uint128_2_generated.bend	0	1	2.64	430
types/FuluBeaconBlock_def_generated.bend	0	1	2.64	339
types/FuluLightClientOptimisticUpdate_encode_ssz_generated.bend	0	1	2.64	359
types/fulu_obj_g1_generated.bend	0	1	2.64	367
types/generic_obj_g15_generated.bend	0	1	2.64	318
proofs/gate/g__spec_codec_Bytes4_generated.bend	0	1	2.65	432
proofs/gate/g__spec_codec_ForkDigest_generated.bend	0	1	2.65	424
proofs/identity_normalization.bend	0	1	2.65	338
proofs/obj/spec_load_ContributionAndProof_generated.bend	0	1	2.65	292
proofs/obj/spec_load_SignedBeaconBlockHeader_generated.bend	0	1	2.65	279
proofs/api/vec_uint32_3_encode_ssz_proof_generated.bend	0	1	2.66	417
types/FuluBeaconBlockBody_def_generated.bend	0	1	2.66	302
types/generic_obj_g14_generated.bend	0	1	2.66	331
benchmarks/objprog/g5_generated.bend	0	1	2.67	406
proofs/api/vec_uint128_1_encode_ssz_proof_generated.bend	0	1	2.67	382
proofs/obj/spec_codec_ColumnIndex_generated.bend	0	1	2.67	418
proofs/obj/spec_load_CurrentSyncCommitteeBranch_generated.bend	0	1	2.67	332
types/generic_obj_g0_generated.bend	0	1	2.68	308
proofs/api/vec_uint64_4_encode_ssz_proof_generated.bend	0	1	2.69	447
proofs/gate/g__spec_codec_Bytes48_generated.bend	0	1	2.69	450
proofs/obj/spec_input_BlobIndex_generated.bend	0	1	2.69	450
proofs/obj/spec_load_SingleAttestation_generated.bend	0	1	2.69	356
types/FuluSignedBeaconBlock_def_generated.bend	0	1	2.69	332
types/fulu_obj_g2_generated.bend	0	1	2.69	392
proofs/api/FuluColumnIndex_encode_ssz_proof_generated.bend	0	1	2.70	419
proofs/api/vec_uint32_8_encode_ssz_proof_generated.bend	0	1	2.70	373
proofs/gate/g__spec_codec_Fork_generated.bend	0	1	2.70	433
proofs/obj/spec_codec_DomainType_generated.bend	0	1	2.70	420
proofs/gate/g__spec_codec_Bytes8_generated.bend	0	1	2.71	418
proofs/gate/g__spec_codec_CellIndex_generated.bend	0	1	2.71	419
proofs/obj/spec_codec_Bytes8_generated.bend	0	1	2.71	427
proofs/obj/spec_codec_Ether_generated.bend	0	1	2.71	449
proofs/gate/g__spec_codec_CustodyIndex_generated.bend	0	1	2.72	448
proofs/obj/spec_gcodec_vec_uint128_3_generated.bend	0	1	2.72	423
native_bench/driver.bend	0	1	2.73	462
proofs/api/vec_uint32_2_encode_ssz_proof_generated.bend	0	1	2.73	404
proofs/obj/spec_input_Bytes4_generated.bend	0	1	2.73	457
proofs/api/vec_uint64_2_encode_ssz_proof_generated.bend	0	1	2.74	396
proofs/obj/spec_input_Bytes32_generated.bend	0	1	2.74	450
benchmarks/objprog/g3_generated.bend	0	1	2.75	387
proofs/obj/spec_codec_Bytes32_generated.bend	0	1	2.75	415
proofs/obj/spec_gcodec_vec_uint64_1_generated.bend	0	1	2.75	406
proofs/obj/spec_gcodec_vec_uint64_3_generated.bend	0	1	2.75	430
proofs/obj/view_seq_generated.bend	0	1	2.75	946
proofs/api/vec_uint128_3_encode_ssz_proof_generated.bend	0	1	2.76	423
proofs/gate/g__spec_codec_WithdrawalIndex_generated.bend	0	1	2.76	392
proofs/obj/spec_codec_ValidatorIndex_generated.bend	0	1	2.76	435
proofs/obj/spec_codec_uint64_generated.bend	0	1	2.76	409
types/fulu_obj_f20_generated.bend	0	1	2.76	373
proofs/api/vec_uint128_2_encode_ssz_proof_generated.bend	0	1	2.77	472
proofs/obj/spec_codec_BlobIndex_generated.bend	0	1	2.77	404
proofs/obj/spec_codec_CustodyIndex_generated.bend	0	1	2.77	425
proofs/obj/spec_codec_uint256_generated.bend	0	1	2.77	428
proofs/api/vec_uint256_2_encode_ssz_proof_generated.bend	0	1	2.78	424
proofs/gate/g__spec_codec_ColumnIndex_generated.bend	0	1	2.78	418
proofs/obj/spec_codec_VoluntaryExit_generated.bend	0	1	2.78	395
proofs/obj/spec_codec_BlobIdentifier_generated.bend	0	1	2.79	423
types/FuluBeaconState_decode_ssz_generated.bend	0	1	2.79	350
types/fulu_obj_f26_generated.bend	0	1	2.79	400
proofs/api/vec_uint64_3_encode_ssz_proof_generated.bend	0	1	2.80	448
proofs/gate/g__spec_codec_Bytes20_generated.bend	0	1	2.80	413
proofs/gate/g__spec_codec_CommitteeIndex_generated.bend	0	1	2.80	431
proofs/obj/spec_codec_CommitmentIndex_generated.bend	0	1	2.81	412
proofs/obj/spec_codec_CommitteeIndex_generated.bend	0	1	2.81	428
proofs/obj/spec_codec_RowIndex_generated.bend	0	1	2.81	399
proofs/obj/spec_codec_WithdrawalIndex_generated.bend	0	1	2.81	422
proofs/obj/spec_gcodec_bitvector_32_generated.bend	0	1	2.81	423
types/FuluBeaconBlock_hashtreeroot_generated.bend	0	1	2.81	375
proofs/gate/g__spec_codec_Checkpoint_generated.bend	0	1	2.82	436
proofs/gate/g__spec_codec_Hash32_generated.bend	0	1	2.82	410
proofs/gate/g__spec_input_Bytes4_generated.bend	0	1	2.82	446
proofs/obj/spec_gcodec_vec_uint128_4_generated.bend	0	1	2.82	478
benchmarks/objprog/f19_generated.bend	0	1	2.83	436
benchmarks/objprog/g4_generated.bend	0	1	2.83	415
proofs/obj/cells_light.bend	0	1	2.83	476
proofs/obj/lim_bl.bend	0	1	2.83	478
proofs/obj/spec_codec_SyncAggregatorSelectionData_generated.bend	0	1	2.83	374
proofs/obj/spec_input_Bytes20_generated.bend	0	1	2.83	436
proofs/gate/g__spec_codec_BLSPubkey_generated.bend	0	1	2.84	439
proofs/obj/spec_codec_Epoch_generated.bend	0	1	2.84	436
proofs/obj/spec_gcodec_vec_uint32_2_generated.bend	0	1	2.84	416
types/FuluLightClientFinalityUpdate_encode_ssz_generated.bend	0	1	2.84	390
types/fulu_obj_g3_generated.bend	0	1	2.84	398
proofs/gate/g__spec_codec_Gwei_generated.bend	0	1	2.85	423
proofs/gate/g__spec_codec_SyncAggregatorSelectionData_generated.bend	0	1	2.85	411
proofs/gate/g__spec_codec_VoluntaryExit_generated.bend	0	1	2.85	412
benchmarks/objprog/x10_generated.bend	0	1	2.86	355
proofs/obj/spec_codec_uint32_generated.bend	0	1	2.86	411
types/FuluLightClientUpdate_encode_ssz_generated.bend	0	1	2.86	388
benchmarks/objprog/f22_generated.bend	0	1	2.87	428
proofs/gate/g__spec_codec_Eth1Block_generated.bend	0	1	2.87	472
proofs/gate/g__spec_codec_ForkData_generated.bend	0	1	2.88	487
proofs/gate/g__spec_gcodec_vec_uint32_4_generated.bend	0	1	2.88	449
proofs/obj/spec_codec_Domain_generated.bend	0	1	2.88	421
proofs/obj/spec_codec_ForkDigest_generated.bend	0	1	2.88	412
proofs/obj/spec_codec_Version_generated.bend	0	1	2.88	422
proofs/obj/spec_gcodec_vec_uint32_3_generated.bend	0	1	2.88	437
types/fulu_obj_f15_generated.bend	0	1	2.88	351
proofs/gate/g__spec_input_Bytes20_generated.bend	0	1	2.89	438
proofs/obj/pv_obj_light.bend	0	1	2.89	441
types/FuluBeaconBlockBody_hashtreeroot_generated.bend	0	1	2.89	329
types/fulu_obj_g5_generated.bend	0	1	2.89	388
proofs/api/FuluParticipationFlags_hashtreeroot_proof_generated.bend	0	1	2.90	422
proofs/api/vec_uint64_16_encode_ssz_proof_generated.bend	0	1	2.90	444
proofs/obj/spec_codec_Gwei_generated.bend	0	1	2.90	419
proofs/obj/spec_codec_VersionedHash_generated.bend	0	1	2.90	413
proofs/obj/spec_input_Bytes8_generated.bend	0	1	2.90	460
proofs/gate/g__spec_codec_Slot_generated.bend	0	1	2.91	415
proofs/gate/g__spec_gcodec_vec_uint32_1_generated.bend	0	1	2.91	409
proofs/obj/spec_gcodec_vec_uint256_1_generated.bend	0	1	2.91	386
proofs/obj/spec_gcodec_vec_uint32_1_generated.bend	0	1	2.91	442
proofs/obj/spec_gcodec_vec_uint64_4_generated.bend	0	1	2.91	416
proofs/gate/g__spec_codec_KZGCommitment_generated.bend	0	1	2.92	439
proofs/gate/g__spec_codec_SubnetID_generated.bend	0	1	2.92	419
proofs/gate/g__spec_codec_Version_generated.bend	0	1	2.92	412
proofs/gate/g__spec_codec_uint64_generated.bend	0	1	2.92	410
proofs/obj/spec_codec_SubnetID_generated.bend	0	1	2.92	417
types/FuluSignedBeaconBlock_decode_ssz_generated.bend	0	1	2.92	340
proofs/gate/g__spec_codec_uint32_generated.bend	0	1	2.93	409
proofs/gate/g__spec_gcodec_vec_uint32_3_generated.bend	0	1	2.93	427
proofs/obj/cform.bend	0	1	2.93	447
proofs/obj/spec_codec_BLSPubkey_generated.bend	0	1	2.93	416
proofs/obj/spec_gcodec_vec_uint32_5_generated.bend	0	1	2.93	408
proofs/obj/spec_codec_Fork_generated.bend	0	1	2.94	414
proofs/obj/spec_ginput_vec_uint128_1_generated.bend	0	1	2.94	445
proofs/api/vec_uint32_16_encode_ssz_proof_generated.bend	0	1	2.95	412
proofs/gate/g__spec_codec_NodeID_generated.bend	0	1	2.95	404
proofs/gate/g__spec_gcodec_bitvector_32_generated.bend	0	1	2.95	432
types/FuluBeaconBlockBody_decode_ssz_generated.bend	0	1	2.95	365
types/FuluBeaconBlock_decode_ssz_generated.bend	0	1	2.95	374
proofs/api/FuluCustodyIndex_encode_ssz_proof_generated.bend	0	1	2.96	428
proofs/gate/g__spec_input_Bytes8_generated.bend	0	1	2.96	420
proofs/obj/spec_codec_Bytes48_generated.bend	0	1	2.96	434
proofs/obj/spec_gcodec_vec_uint32_8_generated.bend	0	1	2.96	450
proofs/obj/spec_ginput_bitvector_32_generated.bend	0	1	2.96	466
types/FuluSignedBeaconBlock_hashtreeroot_generated.bend	0	1	2.96	322
proofs/api/vec_uint64_5_encode_ssz_proof_generated.bend	0	1	2.97	428
proofs/obj/spec_codec_ExecutionAddress_generated.bend	0	1	2.97	416
proofs/obj/spec_gcodec_vec_uint256_2_generated.bend	0	1	2.97	435
proofs/obj/spec_input_ValidatorIndex_generated.bend	0	1	2.97	484
proofs/gate/g__spec_codec_Root_generated.bend	0	1	2.98	431
proofs/gate/g__spec_codec_RowIndex_generated.bend	0	1	2.98	414
proofs/gate/g__spec_codec_ValidatorIndex_generated.bend	0	1	2.98	418
proofs/gate/g__spec_gcodec_uint128_generated.bend	0	1	2.98	411
proofs/gate/g__spec_gcodec_vec_uint128_1_generated.bend	0	1	2.98	444
proofs/gate/g__spec_gcodec_vec_uint256_1_generated.bend	0	1	2.98	448
proofs/gate/g__spec_input_BlobIndex_generated.bend	0	1	2.98	447
proofs/obj/spec_gcodec_vec_uint32_4_generated.bend	0	1	2.98	415
proofs/api/FuluBytes20_encode_ssz_proof_generated.bend	0	1	2.99	507
proofs/obj/spec_codec_Slot_generated.bend	0	1	2.99	409
proofs/obj/spec_gcodec_vec_uint128_5_generated.bend	0	1	2.99	432
proofs/gate/g__spec_codec_HistoricalSummary_generated.bend	0	1	3.00	430
proofs/gate/g__spec_codec_PayloadId_generated.bend	0	1	3.00	416
proofs/gate/g__spec_codec_PendingConsolidation_generated.bend	0	1	3.00	387
proofs/gate/g__spec_gcodec_vec_uint64_1_generated.bend	0	1	3.00	435
proofs/obj/spec_codec_Checkpoint_generated.bend	0	1	3.00	410
proofs/obj/sub_vec_uint16_2_generated.bend	0	1	3.00	552
proofs/api/uint32_hashtreeroot_proof_generated.bend	0	1	3.01	413
proofs/gate/g__spec_gcodec_vec_uint32_2_generated.bend	0	1	3.01	407
proofs/obj/spec_input_Version_generated.bend	0	1	3.01	447
proofs/gate/g__spec_codec_Domain_generated.bend	0	1	3.02	432
proofs/obj/spec_gcodec_vec_uint64_2_generated.bend	0	1	3.02	410
proofs/api/bitvector_8_encode_ssz_proof_generated.bend	0	1	3.03	552
proofs/obj/spec_codec_Eth1Block_generated.bend	0	1	3.03	431
proofs/obj/spec_codec_PendingConsolidation_generated.bend	0	1	3.03	418
proofs/obj/spec_gcodec_bitvector_512_generated.bend	0	1	3.03	467
proofs/obj/spec_gcodec_vec_uint32_16_generated.bend	0	1	3.03	441
proofs/obj/spec_ginput_vec_uint32_3_generated.bend	0	1	3.03	468
proofs/obj/sub_vec_uint16_1_generated.bend	0	1	3.03	542
proofs/api/uint128_encode_ssz_proof_generated.bend	0	1	3.04	419
proofs/gate/g__leaf_small_generated.bend	0	1	3.04	402
proofs/gate/g__spec_codec_BlobIdentifier_generated.bend	0	1	3.04	429
proofs/gate/g__spec_input_BlobIdentifier_generated.bend	0	1	3.04	469
proofs/gate/g__spec_input_ValidatorIndex_generated.bend	0	1	3.04	436
proofs/obj/blist_obj_light_generated.bend	0	1	3.04	409
proofs/obj/packed_obj_light_generated.bend	0	1	3.04	451
proofs/obj/spec_codec_BeaconBlockHeader_generated.bend	0	1	3.04	452
proofs/obj/spec_repr_uint64_generated.bend	0	1	3.04	438
proofs/api/bitvector_512_encode_ssz_proof_generated.bend	0	1	3.05	439
proofs/gate/g__gleaf_generated.bend	0	1	3.05	379
proofs/gate/g__spec_gcodec_vec_uint128_2_generated.bend	0	1	3.05	412
proofs/obj/spec_codec_Withdrawal_generated.bend	0	1	3.05	433
proofs/obj/sub_vec_uint16_3_generated.bend	0	1	3.05	576
benchmarks/objprog/g6_generated.bend	0	1	3.06	499
proofs/api/vec_uint16_4_encode_ssz_proof_generated.bend	0	1	3.06	547
proofs/obj/spec_codec_PendingPartialWithdrawal_generated.bend	0	1	3.06	420
proofs/obj/spec_garr_vec_uint64_512_generated.bend	0	1	3.06	460
proofs/obj/spec_gcodec_vec_uint64_5_generated.bend	0	1	3.06	440
proofs/obj/spec_input_CustodyIndex_generated.bend	0	1	3.06	476
proofs/gate/g__spec_codec_G1Point_generated.bend	0	1	3.07	466
proofs/obj/spec_ginput_vec_uint64_1_generated.bend	0	1	3.07	484
proofs/api/vec_uint64_8_encode_ssz_proof_generated.bend	0	1	3.08	422
proofs/gate/g__spec_grepr_vec_uint128_1_generated.bend	0	1	3.08	448
proofs/obj/spec_codec_Hash32_generated.bend	0	1	3.08	385
proofs/obj/spec_codec_KZGCommitment_generated.bend	0	1	3.08	431
proofs/obj/spec_input_CommitteeIndex_generated.bend	0	1	3.08	478
proofs/obj/spec_repr_Gwei_generated.bend	0	1	3.08	486
proofs/api/uint8_hashtreeroot_proof_generated.bend	0	1	3.09	375
proofs/gate/g__spec_input_VoluntaryExit_generated.bend	0	1	3.09	434
proofs/layout_offset_value.bend	0	1	3.09	268
proofs/obj/packed_bytes_light_generated.bend	0	1	3.09	418
proofs/obj/spec_codec_Eth1Data_generated.bend	0	1	3.09	457
proofs/api/FuluBytes4_encode_ssz_proof_generated.bend	0	1	3.10	471
proofs/gate/g__spec_codec_PendingPartialWithdrawal_generated.bend	0	1	3.10	440
proofs/gate/g__spec_codec_VersionedHash_generated.bend	0	1	3.10	418
proofs/gate/g__spec_grepr_bitvector_32_generated.bend	0	1	3.10	438
proofs/obj/spec_codec_BLSToExecutionChange_generated.bend	0	1	3.10	483
proofs/obj/spec_codec_PayloadId_generated.bend	0	1	3.10	405
proofs/obj/spec_ginput_vec_uint32_8_generated.bend	0	1	3.10	444
proofs/obj/spec_ginput_vec_uint64_2_generated.bend	0	1	3.10	451
proofs/byte_root.bend	0	1	3.11	281
proofs/gate/g__spec_codec_Withdrawal_generated.bend	0	1	3.11	411
proofs/gate/g__spec_gcodec_vec_uint32_8_generated.bend	0	1	3.11	416
proofs/gate/g__spec_gcodec_vec_uint64_3_generated.bend	0	1	3.11	437
proofs/gate/g__spec_ginput_vec_uint64_1_generated.bend	0	1	3.11	447
proofs/gate/g__spec_input_CommitteeIndex_generated.bend	0	1	3.11	427
proofs/api/vec_uint128_4_encode_ssz_proof_generated.bend	0	1	3.12	416
proofs/gate/g__spec_gcodec_vec_uint256_2_generated.bend	0	1	3.12	468
proofs/obj/codec_1_generated.bend	0	1	3.12	414
proofs/obj/nat_facts.bend	0	1	3.12	408
proofs/obj/ulist_obj_light.bend	0	1	3.12	386
HASH_PROOF.bend	0	1	3.13	267
proofs/gate/g__spec_gcodec_vec_uint64_2_generated.bend	0	1	3.13	424
proofs/obj/spec_grepr_vec_uint64_1_generated.bend	0	1	3.13	470
proofs/obj/spec_input_Slot_generated.bend	0	1	3.13	472
proofs/obj/spec_repr_ColumnIndex_generated.bend	0	1	3.13	512
types/fulu_obj_g4_generated.bend	0	1	3.13	449
proofs/api/vec_uint32_512_encode_ssz_proof_generated.bend	0	1	3.14	506
proofs/cursor_leaves.bend	0	1	3.14	458
proofs/gate/g__sub_vec_uint16_1_generated.bend	0	1	3.14	523
proofs/obj/leaf_small.bend	0	1	3.14	401
proofs/obj/spec_repr_PendingConsolidation_generated.bend	0	1	3.14	504
proofs/tree.bend	0	1	3.14	280
proofs/api/FuluCommitmentIndex_encode_ssz_proof_generated.bend	0	1	3.15	512
proofs/api/vec_uint16_3_encode_ssz_proof_generated.bend	0	1	3.15	519
proofs/gate/g__spec_gcodec_vec_uint128_3_generated.bend	0	1	3.15	448
proofs/gate/g__spec_grepr_vec_uint32_2_generated.bend	0	1	3.15	461
proofs/gate/g__spec_grepr_vec_uint32_5_generated.bend	0	1	3.15	460
proofs/obj/arr_enc_generated.bend	0	1	3.15	525
proofs/obj/spec_codec_G1Point_generated.bend	0	1	3.15	440
proofs/obj/spec_codec_Root_generated.bend	0	1	3.15	416
proofs/obj/spec_input_Fork_generated.bend	0	1	3.15	477
proofs/api/bitvector_15_encode_ssz_proof_generated.bend	0	1	3.16	513
proofs/gate/g__spec_codec_BLSSignature_generated.bend	0	1	3.16	527
proofs/gate/g__spec_grepr_vec_uint64_2_generated.bend	0	1	3.16	458
proofs/gate/g__spec_grepr_vec_uint64_3_generated.bend	0	1	3.16	467
proofs/gate/g__sub_vec_uint16_16_generated.bend	0	1	3.16	563
proofs/obj/spec_codec_NodeID_generated.bend	0	1	3.16	434
proofs/obj/spec_input_Domain_generated.bend	0	1	3.16	431
proofs/obj/spec_input_SubnetID_generated.bend	0	1	3.16	436
proofs/gate/g__spec_codec_KZGProof_generated.bend	0	1	3.17	441
proofs/gate/g__spec_gcodec_vec_uint32_16_generated.bend	0	1	3.17	496
proofs/gate/g__spec_grepr_vec_uint32_1_generated.bend	0	1	3.17	463
proofs/gate/g__spec_input_ExecutionAddress_generated.bend	0	1	3.17	468
proofs/layout_headers.bend	0	1	3.17	264
proofs/obj/gleaf_generated.bend	0	1	3.17	431
proofs/obj/spec_repr_uint32_generated.bend	0	1	3.17	457
proofs/gate/g__spec_codec_Eth1Data_generated.bend	0	1	3.18	459
proofs/gate/g__spec_gcodec_vec_uint64_4_generated.bend	0	1	3.18	419
proofs/gate/g__spec_input_BLSPubkey_generated.bend	0	1	3.18	453
proofs/obj/spec_codec_KZGProof_generated.bend	0	1	3.18	430
proofs/obj/spec_input_ColumnIndex_generated.bend	0	1	3.18	449
proofs/obj/spec_input_uint64_generated.bend	0	1	3.18	438
types/fulu_obj_f19_generated.bend	0	1	3.18	426
types/generic_obj_g10_generated.bend	0	1	3.18	352
proofs/api/FuluBytes48_encode_ssz_proof_generated.bend	0	1	3.19	496
proofs/gate/g__spec_gcodec_vec_uint32_5_generated.bend	0	1	3.19	421
proofs/gate/g__spec_ginput_vec_uint64_2_generated.bend	0	1	3.19	453
proofs/gate/g__spec_input_Version_generated.bend	0	1	3.19	437
proofs/obj/spec_load_AttestationData_generated.bend	0	1	3.19	473
proofs/obj/vnest.bend	0	1	3.19	523
proofs/gate/g__spec_codec_uint256_generated.bend	0	1	3.20	428
proofs/gate/g__spec_gcodec_vec_uint256_3_generated.bend	0	1	3.20	485
proofs/gate/g__spec_ginput_vec_uint32_8_generated.bend	0	1	3.20	450
proofs/gate/g__spec_input_Slot_generated.bend	0	1	3.20	431
proofs/gate/g__spec_repr_BlobIndex_generated.bend	0	1	3.20	422
proofs/gate/g__spec_repr_Ether_generated.bend	0	1	3.20	480
proofs/merkle.bend	0	1	3.20	266
proofs/obj/prog_list_light_generated.bend	0	1	3.20	407
proofs/obj/spec_ginput_vec_uint32_2_generated.bend	0	1	3.20	455
proofs/obj/spec_gload_vec_uint256_16_generated.bend	0	1	3.20	415
proofs/obj/spec_input_BlobIdentifier_generated.bend	0	1	3.20	485
proofs/obj/spec_input_Epoch_generated.bend	0	1	3.20	474
proofs/obj/spec_repr_CommitteeIndex_generated.bend	0	1	3.20	435
proofs/obj/spec_repr_ForkDigest_generated.bend	0	1	3.20	462
proofs/api/vec_uint128_5_encode_ssz_proof_generated.bend	0	1	3.21	448
proofs/api/vec_uint16_2_encode_ssz_proof_generated.bend	0	1	3.21	519
proofs/api/vec_uint256_512_encode_ssz_proof_generated.bend	0	1	3.21	569
proofs/gate/g__spec_ginput_bitvector_32_generated.bend	0	1	3.21	451
proofs/gate/g__spec_input_Ether_generated.bend	0	1	3.21	474
proofs/gate/g__spec_repr_WithdrawalIndex_generated.bend	0	1	3.21	447
proofs/obj/list_obj_light.bend	0	1	3.21	410
proofs/obj/spec_gload_vec_uint128_16_generated.bend	0	1	3.21	499
proofs/obj/spec_grepr_vec_uint32_2_generated.bend	0	1	3.21	495
proofs/obj/spec_input_uint256_generated.bend	0	1	3.21	452
proofs/obj/spec_repr_ValidatorIndex_generated.bend	0	1	3.21	484
proofs/obj/vpb29.bend	0	1	3.21	512
types/FuluBeaconState_encode_ssz_generated.bend	0	1	3.21	443
e2e/e2e_ulist_generated.bend	0	1	3.22	463
proofs/api/FuluBlobIdentifier_encode_ssz_proof_generated.bend	0	1	3.22	518
proofs/gate/g__spec_codec_G2Point_generated.bend	0	1	3.22	475
proofs/gate/g__spec_ginput_vec_uint32_5_generated.bend	0	1	3.22	462
proofs/gate/g__spec_repr_Fork_generated.bend	0	1	3.22	442
proofs/gate/g__spec_repr_Version_generated.bend	0	1	3.22	459
proofs/obj/spec_codec_BLSSignature_generated.bend	0	1	3.22	435
proofs/obj/words_spec.bend	0	1	3.22	454
benchmarks/objprog/f21_generated.bend	0	1	3.23	520
proofs/gate/g__spec_ginput_vec_uint64_4_generated.bend	0	1	3.23	443
proofs/gate/g__spec_input_WithdrawalIndex_generated.bend	0	1	3.23	449
proofs/obj/spec_codec_ForkData_generated.bend	0	1	3.23	463
proofs/obj/spec_gcodec_vec_uint64_8_generated.bend	0	1	3.23	474
proofs/obj/spec_ginput_uint128_generated.bend	0	1	3.23	454
proofs/obj/spec_input_PayloadId_generated.bend	0	1	3.23	459
proofs/obj/spec_repr_RowIndex_generated.bend	0	1	3.23	442
proofs/obj/vrej.bend	0	1	3.23	427
proofs/obj/vspec.bend	0	1	3.23	410
proofs/gate/g__spec_gcodec_vec_uint64_5_generated.bend	0	1	3.24	419
proofs/gate/g__spec_input_PayloadId_generated.bend	0	1	3.24	459
proofs/gate/g__spec_repr_ExecutionAddress_generated.bend	0	1	3.24	467
proofs/gate/g__spec_repr_PendingPartialWithdrawal_generated.bend	0	1	3.24	433
proofs/obj/spec_codec_Bytes96_generated.bend	0	1	3.24	424
proofs/obj/spec_ginput_vec_uint128_2_generated.bend	0	1	3.24	439
proofs/obj/spec_repr_VoluntaryExit_generated.bend	0	1	3.24	452
proofs/api/FuluBlobIndex_encode_ssz_proof_generated.bend	0	1	3.25	508
proofs/api/vec_uint8_16_encode_ssz_proof_generated.bend	0	1	3.25	514
proofs/gate/g__spec_ginput_vec_uint32_3_generated.bend	0	1	3.25	471
proofs/gate/g__spec_input_Gwei_generated.bend	0	1	3.25	433
proofs/gate/g__spec_repr_CommitmentIndex_generated.bend	0	1	3.25	434
proofs/obj/spec_ginput_vec_uint32_4_generated.bend	0	1	3.25	455
proofs/obj/spec_ginput_vec_uint32_5_generated.bend	0	1	3.25	478
proofs/obj/spec_input_ForkDigest_generated.bend	0	1	3.25	475
proofs/obj/spec_repr_PayloadId_generated.bend	0	1	3.25	454
proofs/obj/spec_repr_Version_generated.bend	0	1	3.25	455
proofs/obj/sub_vec_bool_4_generated.bend	0	1	3.25	539
proofs/obj/sub_vec_bool_5_generated.bend	0	1	3.25	571
proofs/gate/g__spec_repr_uint64_generated.bend	0	1	3.26	460
proofs/obj/spec_ginput_vec_uint64_4_generated.bend	0	1	3.26	467
proofs/obj/spec_input_ExecutionAddress_generated.bend	0	1	3.26	463
proofs/obj/spec_repr_ForkData_generated.bend	0	1	3.26	483
proofs/obj/spec_repr_SyncAggregatorSelectionData_generated.bend	0	1	3.26	449
proofs/obj/tree_bytes.bend	0	1	3.26	421
proofs/obj/vmr_generated.bend	0	1	3.26	516
proofs/api/vec_uint256_16_encode_ssz_proof_generated.bend	0	1	3.27	468
proofs/api/vec_uint8_5_encode_ssz_proof_generated.bend	0	1	3.27	511
proofs/gate/g__spec_grepr_vec_uint32_4_generated.bend	0	1	3.27	416
proofs/gate/g__spec_grepr_vec_uint64_1_generated.bend	0	1	3.27	468
proofs/gate/g__spec_grepr_vec_uint64_5_generated.bend	0	1	3.27	467
proofs/gate/g__spec_input_Bytes32_generated.bend	0	1	3.27	440
proofs/gate/g__spec_input_uint32_generated.bend	0	1	3.27	457
proofs/gate/g__spec_repr_CellIndex_generated.bend	0	1	3.27	486
proofs/obj/gvalid_words_generated.bend	0	1	3.27	394
proofs/obj/spec_codec_WithdrawalRequest_generated.bend	0	1	3.27	459
proofs/obj/spec_gload_vec_uint256_4_generated.bend	0	1	3.27	477
proofs/obj/spec_input_SyncAggregatorSelectionData_generated.bend	0	1	3.27	478
proofs/obj/spec_input_uint32_generated.bend	0	1	3.27	463
proofs/obj/spec_repr_CommitmentIndex_generated.bend	0	1	3.27	462
proofs/api/bitvector_31_encode_ssz_proof_generated.bend	0	1	3.28	517
proofs/gate/g__spec_gcodec_vec_uint128_4_generated.bend	0	1	3.28	425
proofs/gate/g__spec_input_Bytes48_generated.bend	0	1	3.28	433
proofs/gate/g__spec_input_VersionedHash_generated.bend	0	1	3.28	463
proofs/obj/spec_repr_DomainType_generated.bend	0	1	3.28	452
proofs/api/FuluBytes32_encode_ssz_proof_generated.bend	0	1	3.29	506
proofs/gate/g__spec_codec_BLSToExecutionChange_generated.bend	0	1	3.29	444
proofs/gate/g__spec_grepr_vec_uint32_3_generated.bend	0	1	3.29	465
proofs/gate/g__spec_input_SubnetID_generated.bend	0	1	3.29	420
proofs/mixing.bend	0	1	3.29	290
proofs/obj/spec_codec_SigningData_generated.bend	0	1	3.29	451
proofs/obj/spec_ginput_vec_uint64_3_generated.bend	0	1	3.29	463
proofs/obj/spec_grepr_vec_uint32_4_generated.bend	0	1	3.29	474
proofs/obj/spec_input_Withdrawal_generated.bend	0	1	3.29	435
proofs/obj/spec_input_WithdrawalIndex_generated.bend	0	1	3.29	460
proofs/obj/spec_repr_VersionedHash_generated.bend	0	1	3.29	426
proofs/obj/sub_vec_uint16_4_generated.bend	0	1	3.29	487
proofs/gate/g__spec_codec_AttestationData_generated.bend	0	1	3.30	463
proofs/gate/g__spec_ginput_vec_uint128_1_generated.bend	0	1	3.30	476
proofs/gate/g__spec_ginput_vec_uint32_2_generated.bend	0	1	3.30	471
proofs/gate/g__spec_input_DomainType_generated.bend	0	1	3.30	450
proofs/gate/g__spec_input_ForkDigest_generated.bend	0	1	3.30	454
proofs/gate/g__spec_input_PendingConsolidation_generated.bend	0	1	3.30	450
proofs/obj/spec_ginput_vec_uint256_2_generated.bend	0	1	3.30	492
proofs/obj/words_root_light.bend	0	1	3.30	463
proofs/api/bitvector_3_encode_ssz_proof_generated.bend	0	1	3.31	557
proofs/gate/g__spec_input_NodeID_generated.bend	0	1	3.31	449
proofs/gate/g__spec_repr_PendingConsolidation_generated.bend	0	1	3.31	432
proofs/obj/spec_gcodec_vec_uint256_3_generated.bend	0	1	3.31	453
proofs/obj/spec_input_CellIndex_generated.bend	0	1	3.31	451
proofs/obj/spec_load_ExecutionBranch_generated.bend	0	1	3.31	392
proofs/obj/spec_repr_CustodyIndex_generated.bend	0	1	3.31	457
proofs/api/FuluCellIndex_encode_ssz_proof_generated.bend	0	1	3.32	491
proofs/gate/g__spec_codec_ConsolidationRequest_generated.bend	0	1	3.32	446
proofs/obj/arr_emit_generated.bend	0	1	3.32	443
proofs/obj/spec_codec_DepositMessage_generated.bend	0	1	3.32	468
proofs/obj/spec_repr_Bytes4_generated.bend	0	1	3.32	489
proofs/obj/spec_repr_Slot_generated.bend	0	1	3.32	480
proofs/obj/spec_repr_uint256_generated.bend	0	1	3.32	453
proofs/obj/sub_vec_bool_3_generated.bend	0	1	3.32	544
proofs/api/bitvector_6_encode_ssz_proof_generated.bend	0	1	3.33	519
proofs/api/vec_bool_1_encode_ssz_proof_generated.bend	0	1	3.33	480
proofs/gate/g__spec_input_CellIndex_generated.bend	0	1	3.33	477
proofs/gate/g__spec_input_ColumnIndex_generated.bend	0	1	3.33	445
proofs/obj/spec_grepr_vec_uint64_4_generated.bend	0	1	3.33	482
proofs/obj/spec_input_PendingPartialWithdrawal_generated.bend	0	1	3.33	415
proofs/obj/spec_input_VoluntaryExit_generated.bend	0	1	3.33	466
proofs/obj/spec_repr_BlobIndex_generated.bend	0	1	3.33	477
proofs/obj/spec_repr_Checkpoint_generated.bend	0	1	3.33	470
proofs/obj/spec_repr_KZGCommitment_generated.bend	0	1	3.33	461
proofs/obj/spec_repr_WithdrawalIndex_generated.bend	0	1	3.33	456
proofs/obj/venc2.bend	0	1	3.33	491
proofs/api/vec_uint128_8_encode_ssz_proof_generated.bend	0	1	3.34	437
proofs/api/vec_uint256_3_encode_ssz_proof_generated.bend	0	1	3.34	433
proofs/api/vec_uint8_4_encode_ssz_proof_generated.bend	0	1	3.34	571
proofs/gate/g__spec_codec_Bytes96_generated.bend	0	1	3.34	456
proofs/gate/g__spec_repr_ColumnIndex_generated.bend	0	1	3.34	437
proofs/gate/g__spec_repr_ForkDigest_generated.bend	0	1	3.34	457
proofs/obj/spec_gload_vec_uint256_8_generated.bend	0	1	3.34	426
proofs/obj/spec_input_CommitmentIndex_generated.bend	0	1	3.34	483
proofs/obj/spec_input_Eth1Block_generated.bend	0	1	3.34	449
proofs/obj/spec_repr_Ether_generated.bend	0	1	3.34	449
proofs/gate/g__spec_codec_DepositMessage_generated.bend	0	1	3.35	482
proofs/gate/g__spec_grepr_uint128_generated.bend	0	1	3.35	452
proofs/gate/g__spec_input_RowIndex_generated.bend	0	1	3.35	450
proofs/gate/g__spec_repr_PayloadId_generated.bend	0	1	3.35	446
proofs/obj/spec_gload_vec_uint64_16_generated.bend	0	1	3.35	425
proofs/obj/spec_input_Checkpoint_generated.bend	0	1	3.35	497
types/fulu_obj_f22_generated.bend	0	1	3.35	417
proofs/api/vec_uint16_1_encode_ssz_proof_generated.bend	0	1	3.36	613
proofs/api/vec_uint256_4_encode_ssz_proof_generated.bend	0	1	3.36	407
proofs/gate/g__spec_repr_Gwei_generated.bend	0	1	3.36	429
proofs/obj/spec_codec_HistoricalSummary_generated.bend	0	1	3.36	449
proofs/obj/spec_ginput_vec_uint256_1_generated.bend	0	1	3.36	476
proofs/obj/spec_ginput_vec_uint32_1_generated.bend	0	1	3.36	446
proofs/obj/spec_input_Bytes48_generated.bend	0	1	3.36	499
proofs/obj/spec_input_G1Point_generated.bend	0	1	3.36	450
proofs/api/ProgressiveSingleFieldContainerTestStruct_encode_ssz_proof_generated.bend	0	1	3.37	536
proofs/gate/g__spec_ginput_vec_uint32_4_generated.bend	0	1	3.37	474
proofs/gate/g__spec_repr_Bytes8_generated.bend	0	1	3.37	451
proofs/gate/g__spec_repr_Epoch_generated.bend	0	1	3.37	441
proofs/obj/spec_grepr_vec_uint64_2_generated.bend	0	1	3.37	469
proofs/obj/spec_input_Ether_generated.bend	0	1	3.37	457
types/FuluBeaconBlock_encode_ssz_generated.bend	0	1	3.37	444
proofs/api/SingleFieldTestStruct_encode_ssz_proof_generated.bend	0	1	3.38	508
proofs/api/vec_uint64_512_encode_ssz_proof_generated.bend	0	1	3.38	473
proofs/gate/g__spec_codec_BeaconBlockHeader_generated.bend	0	1	3.38	452
proofs/gate/g__spec_grepr_vec_uint64_4_generated.bend	0	1	3.38	456
proofs/layout_bounds.bend	0	1	3.38	301
proofs/obj/spec_grepr_vec_uint32_1_generated.bend	0	1	3.38	462
proofs/obj/spec_input_ForkData_generated.bend	0	1	3.38	484
proofs/gate/g__spec_gcodec_bitvector_512_generated.bend	0	1	3.39	464
proofs/gate/g__spec_grepr_vec_uint128_3_generated.bend	0	1	3.39	473
proofs/gate/g__spec_grepr_vec_uint256_1_generated.bend	0	1	3.39	468
proofs/gate/g__spec_repr_DomainType_generated.bend	0	1	3.39	446
proofs/gate/g__spec_repr_NodeID_generated.bend	0	1	3.39	449
proofs/layout.bend	0	1	3.39	277
proofs/limits.bend	0	1	3.39	310
proofs/nat_bytes.bend	0	1	3.39	268
proofs/obj/spec_ginput_vec_uint128_3_generated.bend	0	1	3.39	463
proofs/obj/spec_ginput_vec_uint64_5_generated.bend	0	1	3.39	463
proofs/obj/spec_gload_vec_uint128_8_generated.bend	0	1	3.39	424
proofs/obj/spec_input_DomainType_generated.bend	0	1	3.39	459
proofs/obj/spec_repr_SubnetID_generated.bend	0	1	3.39	459
proofs/obj/sub_vec_uint8_3_generated.bend	0	1	3.39	525
proofs/obj/sub_vec_uint8_4_generated.bend	0	1	3.39	519
proofs/api/bitvector_17_encode_ssz_proof_generated.bend	0	1	3.40	533
proofs/gate/g__spec_gcodec_vec_uint64_8_generated.bend	0	1	3.40	418
proofs/gate/g__spec_ginput_vec_uint256_1_generated.bend	0	1	3.40	489
proofs/gate/g__spec_input_Fork_generated.bend	0	1	3.40	439
proofs/gate/g__spec_repr_Hash32_generated.bend	0	1	3.40	431
proofs/layout_image_headers.bend	0	1	3.40	288
proofs/obj/spec_ginput_vec_uint128_5_generated.bend	0	1	3.40	482
proofs/obj/spec_grepr_vec_uint32_5_generated.bend	0	1	3.40	426
proofs/obj/spec_repr_Bytes8_generated.bend	0	1	3.40	437
proofs/api/FuluKZGProof_encode_ssz_proof_generated.bend	0	1	3.41	478
proofs/api/bitvector_9_encode_ssz_proof_generated.bend	0	1	3.41	589
proofs/api/uint64_encode_ssz_proof_generated.bend	0	1	3.41	466
proofs/gate/g__spec_input_SyncAggregatorSelectionData_generated.bend	0	1	3.41	479
proofs/gate/g__spec_repr_SubnetID_generated.bend	0	1	3.41	436
proofs/obj/spec_input_VersionedHash_generated.bend	0	1	3.41	422
proofs/gate/g__spec_gcodec_vec_uint128_5_generated.bend	0	1	3.42	439
proofs/gate/g__spec_ginput_vec_uint64_5_generated.bend	0	1	3.42	503
proofs/gate/g__spec_input_Withdrawal_generated.bend	0	1	3.42	461
proofs/gate/g__spec_input_uint64_generated.bend	0	1	3.42	458
proofs/gate/g__spec_repr_G1Point_generated.bend	0	1	3.42	460
proofs/obj/spec_repr_ExecutionAddress_generated.bend	0	1	3.42	428
proofs/obj/spec_repr_Hash32_generated.bend	0	1	3.42	432
proofs/fulu_byte_inventory.bend	0	1	3.43	313
proofs/gate/g__spec_grepr_vec_uint32_8_generated.bend	0	1	3.43	442
proofs/gate/g__spec_grepr_vec_uint64_8_generated.bend	0	1	3.43	456
proofs/gate/g__spec_repr_BLSPubkey_generated.bend	0	1	3.43	474
proofs/gate/g__spec_repr_ValidatorIndex_generated.bend	0	1	3.43	453
proofs/obj/spec_input_BLSToExecutionChange_generated.bend	0	1	3.43	485
proofs/obj/spec_input_Gwei_generated.bend	0	1	3.43	453
proofs/api/vec_bool_3_encode_ssz_proof_generated.bend	0	1	3.44	536
proofs/gate/g__spec_codec_PowBlock_generated.bend	0	1	3.44	465
proofs/gate/g__spec_ginput_vec_uint128_2_generated.bend	0	1	3.44	440
proofs/gate/g__spec_input_ForkData_generated.bend	0	1	3.44	468
proofs/obj/codec_2_generated.bend	0	1	3.44	322
proofs/obj/sub_vec_bool_8_generated.bend	0	1	3.44	539
proofs/obj/vbuf.bend	0	1	3.44	479
proofs/obj/vmul_generated.bend	0	1	3.44	511
proofs/obj/words_obj_light.bend	0	1	3.44	493
proofs/gate/g__spec_repr_CustodyIndex_generated.bend	0	1	3.45	429
proofs/gate/g__spec_repr_uint32_generated.bend	0	1	3.45	446
proofs/obj/spec_input_PendingConsolidation_generated.bend	0	1	3.45	455
proofs/obj/spec_repr_Epoch_generated.bend	0	1	3.45	449
proofs/obj/spec_repr_Fork_generated.bend	0	1	3.45	457
proofs/obj/sub_vec_uint16_31_generated.bend	0	1	3.45	555
proofs/obj/vu40.bend	0	1	3.45	419
proofs/api/FuluBytes8_encode_ssz_proof_generated.bend	0	1	3.46	502
proofs/api/FuluRowIndex_encode_ssz_proof_generated.bend	0	1	3.46	503
proofs/api/bitvector_33_encode_ssz_proof_generated.bend	0	1	3.46	580
proofs/api/vec_bool_2_encode_ssz_proof_generated.bend	0	1	3.46	532
proofs/api/vec_uint8_8_encode_ssz_proof_generated.bend	0	1	3.46	514
proofs/gate/g__spec_ginput_vec_uint64_3_generated.bend	0	1	3.46	484
proofs/gate/g__spec_input_PendingPartialWithdrawal_generated.bend	0	1	3.46	457
proofs/obj/spec_gcodec_vec_uint256_16_generated.bend	0	1	3.46	477
proofs/obj/spec_input_RowIndex_generated.bend	0	1	3.46	454
proofs/obj/sub_bitvector_3_generated.bend	0	1	3.46	547
proofs/obj/sub_vec_uint16_16_generated.bend	0	1	3.46	524
proofs/obj/venc.bend	0	1	3.46	504
proofs/api/bitvector_2_encode_ssz_proof_generated.bend	0	1	3.47	486
proofs/api/uint32_encode_ssz_proof_generated.bend	0	1	3.47	476
proofs/gate/g__spec_gcodec_vec_uint256_4_generated.bend	0	1	3.47	460
proofs/gate/g__spec_ginput_uint128_generated.bend	0	1	3.47	453
proofs/gate/g__spec_ginput_vec_uint64_8_generated.bend	0	1	3.47	491
proofs/gate/g__spec_grepr_vec_uint128_2_generated.bend	0	1	3.47	480
proofs/gate/g__spec_repr_ForkData_generated.bend	0	1	3.47	423
proofs/gate/g__sub_vec_uint16_3_generated.bend	0	1	3.47	541
proofs/obj/spec_codec_G2Point_generated.bend	0	1	3.47	435
proofs/obj/spec_grepr_vec_uint64_3_generated.bend	0	1	3.47	489
proofs/obj/spec_repr_Bytes32_generated.bend	0	1	3.47	424
proofs/obj/spec_repr_Bytes48_generated.bend	0	1	3.47	464
proofs/obj/sub_vec_uint16_5_generated.bend	0	1	3.47	556
types/fulu_obj_g6_generated.bend	0	1	3.47	424
proofs/api/FuluExecutionBranch_encode_ssz_proof_generated.bend	0	1	3.48	463
proofs/gate/g__spec_codec_SigningData_generated.bend	0	1	3.48	473
proofs/gate/g__spec_input_CustodyIndex_generated.bend	0	1	3.48	461
proofs/obj/spec_ginput_vec_uint128_4_generated.bend	0	1	3.48	479
proofs/obj/var_plist_proglist_uint256_enc_generated.bend	0	1	3.48	523
proofs/api/vec_uint256_5_encode_ssz_proof_generated.bend	0	1	3.49	487
proofs/gate/g__spec_grepr_vec_uint256_2_generated.bend	0	1	3.49	517
proofs/gate/g__spec_input_Domain_generated.bend	0	1	3.49	442
proofs/gate/g__spec_input_Hash32_generated.bend	0	1	3.49	452
proofs/obj/spec_codec_AttestationData_generated.bend	0	1	3.49	458
proofs/obj/spec_codec_ConsolidationRequest_generated.bend	0	1	3.49	492
proofs/obj/spec_grepr_vec_uint32_3_generated.bend	0	1	3.49	420
proofs/obj/sub_bitvector_17_generated.bend	0	1	3.49	506
proofs/obj/var_plist_proglist_uint128_generated.bend	0	1	3.49	519
proofs/api/vec_uint8_2_encode_ssz_proof_generated.bend	0	1	3.50	552
proofs/gate/g__spec_ginput_vec_uint32_1_generated.bend	0	1	3.50	466
proofs/gate/g__spec_repr_Slot_generated.bend	0	1	3.50	449
proofs/obj/spec_codec_SignedVoluntaryExit_generated.bend	0	1	3.50	465
proofs/obj/spec_input_Root_generated.bend	0	1	3.50	425
proofs/obj/sub_uint16_generated.bend	0	1	3.50	498
proofs/obj/sub_vec_bool_2_generated.bend	0	1	3.50	549
proofs/gate/g__spec_input_CommitmentIndex_generated.bend	0	1	3.51	454
proofs/gate/g__spec_repr_Domain_generated.bend	0	1	3.51	472
proofs/gate/g__spec_repr_RowIndex_generated.bend	0	1	3.51	445
proofs/gate/g__spec_repr_SyncAggregatorSelectionData_generated.bend	0	1	3.51	458
proofs/obj/spec_garr_vec_uint32_512_generated.bend	0	1	3.51	487
proofs/obj/spec_ginput_bitvector_512_generated.bend	0	1	3.51	469
proofs/obj/spec_repr_NodeID_generated.bend	0	1	3.51	502
proofs/api/bitvector_16_encode_ssz_proof_generated.bend	0	1	3.52	568
proofs/api/bitvector_7_encode_ssz_proof_generated.bend	0	1	3.52	561
proofs/api/vec_uint32_513_encode_ssz_proof_generated.bend	0	1	3.52	544
proofs/division.bend	0	1	3.52	293
proofs/fulu_bytes.bend	0	1	3.52	326
proofs/gate/g__spec_grepr_bitvector_512_generated.bend	0	1	3.52	454
proofs/gate/g__spec_repr_CommitteeIndex_generated.bend	0	1	3.52	447
proofs/obj/spec_input_Hash32_generated.bend	0	1	3.52	449
proofs/obj/var_plist_proglist_uint128_rej_generated.bend	0	1	3.52	568
proofs/api/vec_uint128_512_encode_ssz_proof_generated.bend	0	1	3.53	533
proofs/gate/g__spec_repr_Bytes4_generated.bend	0	1	3.53	448
proofs/gate/g__spec_repr_Root_generated.bend	0	1	3.53	432
proofs/gate/g__spec_repr_VersionedHash_generated.bend	0	1	3.53	454
proofs/obj/spec_repr_PendingPartialWithdrawal_generated.bend	0	1	3.53	471
proofs/obj/var_plist_proglist_uint128_enc_generated.bend	0	1	3.53	531
proofs/api/vec_uint16_8_encode_ssz_proof_generated.bend	0	1	3.54	572
proofs/gate/g__codec_1_generated.bend	0	1	3.54	417
proofs/obj/spec_input_HistoricalSummary_generated.bend	0	1	3.54	480
proofs/obj/spec_input_KZGProof_generated.bend	0	1	3.54	468
proofs/obj/spec_input_NodeID_generated.bend	0	1	3.54	438
proofs/obj/spec_repr_CellIndex_generated.bend	0	1	3.54	468
proofs/obj/vcopy.bend	0	1	3.54	485
proofs/obj/vlist.bend	0	1	3.54	476
proofs/api/FuluEpoch_encode_ssz_proof_generated.bend	0	1	3.55	494
proofs/api/bitvector_5_encode_ssz_proof_generated.bend	0	1	3.55	534
proofs/gate/g__spec_input_BLSToExecutionChange_generated.bend	0	1	3.55	489
proofs/gate/g__spec_input_uint256_generated.bend	0	1	3.55	434
proofs/obj/sub_bitvector_2_generated.bend	0	1	3.55	549
proofs/api/vec_uint16_16_encode_ssz_proof_generated.bend	0	1	3.56	524
proofs/gate/g__spec_input_Eth1Block_generated.bend	0	1	3.56	456
proofs/gate/g__spec_input_KZGCommitment_generated.bend	0	1	3.56	490
proofs/gate/g__spec_repr_HistoricalSummary_generated.bend	0	1	3.56	481
proofs/obj/spec_grepr_vec_uint32_8_generated.bend	0	1	3.56	470
proofs/obj/sub_bitvector_8_generated.bend	0	1	3.56	509
proofs/api/FuluBytes96_encode_ssz_proof_generated.bend	0	1	3.57	522
proofs/api/FuluKZGCommitment_encode_ssz_proof_generated.bend	0	1	3.57	470
proofs/gate/g__spec_garr_vec_uint64_512_generated.bend	0	1	3.57	498
proofs/obj/spec_garr_vec_uint64_513_generated.bend	0	1	3.57	535
proofs/obj/spec_input_Bytes96_generated.bend	0	1	3.57	514
proofs/obj/sub_vec_uint8_16_generated.bend	0	1	3.57	503
proofs/api/bitvector_4_encode_ssz_proof_generated.bend	0	1	3.58	540
proofs/gate/g__spec_input_BLSSignature_generated.bend	0	1	3.58	515
proofs/gate/g__spec_input_Checkpoint_generated.bend	0	1	3.58	500
proofs/obj/spec_codec_PowBlock_generated.bend	0	1	3.58	497
proofs/obj/spec_gload_vec_uint256_31_generated.bend	0	1	3.58	468
proofs/obj/sub_bitvector_5_generated.bend	0	1	3.58	501
proofs/obj/sub_vec_uint8_1_generated.bend	0	1	3.58	543
proofs/obj/vsc_generated.bend	0	1	3.58	573
proofs/root_relation_merkle.bend	0	1	3.58	320
proofs/api/vec_bool_5_encode_ssz_proof_generated.bend	0	1	3.59	566
proofs/gate/g__spec_repr_VoluntaryExit_generated.bend	0	1	3.59	457
proofs/obj/spec_grepr_vec_uint128_1_generated.bend	0	1	3.59	469
proofs/obj/spec_load_ProposerSlashing_generated.bend	0	1	3.59	451
proofs/obj/spec_repr_SigningData_generated.bend	0	1	3.59	424
proofs/obj/sub_vec_uint8_31_generated.bend	0	1	3.59	537
proofs/obj/var_plist_proglist_uint32_rej_generated.bend	0	1	3.59	545
proofs/api/bitvector_1_encode_ssz_proof_generated.bend	0	1	3.60	550
proofs/api/vec_uint16_31_encode_ssz_proof_generated.bend	0	1	3.60	514
proofs/api/vec_uint32_31_encode_ssz_proof_generated.bend	0	1	3.60	411
proofs/gate/g__spec_input_G1Point_generated.bend	0	1	3.60	474
proofs/obj/spec_gcodec_vec_uint256_4_generated.bend	0	1	3.60	496
proofs/obj/spec_gload_vec_uint128_31_generated.bend	0	1	3.60	486
proofs/obj/spec_repr_Bytes20_generated.bend	0	1	3.60	465
proofs/obj/sub_bitvector_31_generated.bend	0	1	3.60	519
proofs/obj/sub_vec_uint8_2_generated.bend	0	1	3.60	509
types/FuluBeaconBlockBody_encode_ssz_generated.bend	0	1	3.60	508
proofs/api/FuluCurrentSyncCommitteeBranch_encode_ssz_proof_generated.bend	0	1	3.61	436
proofs/compatibility_named.bend	0	1	3.61	392
proofs/gate/g__spec_grepr_vec_uint128_5_generated.bend	0	1	3.61	464
proofs/gate/g__spec_input_SigningData_generated.bend	0	1	3.61	469
proofs/layout_image.bend	0	1	3.61	317
proofs/obj/spec_grepr_bitvector_32_generated.bend	0	1	3.61	450
proofs/obj/spec_grepr_vec_uint256_1_generated.bend	0	1	3.61	480
proofs/obj/spec_input_KZGCommitment_generated.bend	0	1	3.61	470
proofs/obj/spec_repr_BLSPubkey_generated.bend	0	1	3.61	496
proofs/obj/sub_bitvector_1_generated.bend	0	1	3.61	536
benchmarks/objprog/f23_generated.bend	0	1	3.62	519
benchmarks/objprog/f24_generated.bend	0	1	3.62	539
proofs/api/FuluSlot_encode_ssz_proof_generated.bend	0	1	3.62	489
proofs/gate/g__spec_input_BeaconBlockHeader_generated.bend	0	1	3.62	490
proofs/gate/g__spec_repr_Bytes20_generated.bend	0	1	3.62	473
proofs/gate/g__spec_repr_Bytes48_generated.bend	0	1	3.62	496
proofs/layout_counts.bend	0	1	3.62	296
proofs/obj/spec_gcodec_vec_uint64_16_generated.bend	0	1	3.62	444
proofs/obj/spec_grepr_vec_uint64_8_generated.bend	0	1	3.62	476
proofs/obj/spec_input_BeaconBlockHeader_generated.bend	0	1	3.62	511
proofs/obj/spec_repr_Eth1Block_generated.bend	0	1	3.62	509
proofs/obj/spec_repr_Withdrawal_generated.bend	0	1	3.62	488
proofs/obj/sub_bitvector_16_generated.bend	0	1	3.62	547
proofs/obj/sub_pack_generated.bend	0	1	3.62	513
proofs/api/uint16_encode_ssz_proof_generated.bend	0	1	3.63	512
proofs/gate/g__spec_codec_ExecutionBranch_generated.bend	0	1	3.63	456
proofs/gate/g__spec_input_Root_generated.bend	0	1	3.63	432
proofs/gate/g__spec_repr_KZGCommitment_generated.bend	0	1	3.63	475
proofs/gate/g__sub_vec_uint8_16_generated.bend	0	1	3.63	491
proofs/obj/spec_input_BLSPubkey_generated.bend	0	1	3.63	496
proofs/obj/spec_repr_Domain_generated.bend	0	1	3.63	474
proofs/obj/spec_repr_G1Point_generated.bend	0	1	3.63	474
proofs/api/vec_uint8_31_encode_ssz_proof_generated.bend	0	1	3.64	503
proofs/gate/g__spec_input_Epoch_generated.bend	0	1	3.64	459
proofs/gate/g__sub_ProgressiveSingleFieldContainerTestStruct_generated.bend	0	1	3.64	616
proofs/gate/g__sub_vec_uint16_2_generated.bend	0	1	3.64	530
proofs/obj/spec_repr_Root_generated.bend	0	1	3.64	435
proofs/obj/vfix.bend	0	1	3.64	498
proofs/compatibility_monotone.bend	0	1	3.65	376
proofs/gate/g__spec_repr_Checkpoint_generated.bend	0	1	3.65	433
proofs/gate/g__sub_vec_bool_3_generated.bend	0	1	3.65	543
proofs/obj/spec_grepr_uint128_generated.bend	0	1	3.65	460
proofs/obj/sub_vec_uint8_5_generated.bend	0	1	3.65	555
types/fulu_obj_f21_generated.bend	0	1	3.65	490
proofs/api/vec_bool_8_encode_ssz_proof_generated.bend	0	1	3.66	513
proofs/gate/g__spec_repr_BlobIdentifier_generated.bend	0	1	3.66	483
proofs/obj/spec_gcodec_vec_uint256_5_generated.bend	0	1	3.66	454
proofs/obj/spec_input_SigningData_generated.bend	0	1	3.66	459
proofs/obj/spec_load_Cell_generated.bend	0	1	3.66	475
proofs/obj/sub_SingleFieldTestStruct_generated.bend	0	1	3.66	544
proofs/obj/sub_bitvector_4_generated.bend	0	1	3.66	540
proofs/obj/sub_bitvector_6_generated.bend	0	1	3.66	527
proofs/obj/sub_vec_bool_1_generated.bend	0	1	3.66	579
proofs/api/vec_bool_16_encode_ssz_proof_generated.bend	0	1	3.67	557
proofs/api/vec_bool_4_encode_ssz_proof_generated.bend	0	1	3.67	525
proofs/gate/g__codec_2_generated.bend	0	1	3.67	382
proofs/gate/g__spec_repr_Bytes32_generated.bend	0	1	3.67	462
proofs/gate/g__spec_repr_G2Point_generated.bend	0	1	3.67	483
proofs/gate/g__sub_vec_uint16_4_generated.bend	0	1	3.67	589
proofs/obj/spec_garr_vec_uint128_512_generated.bend	0	1	3.67	469
proofs/obj/spec_repr_KZGProof_generated.bend	0	1	3.67	514
proofs/obj/sub_bitvector_15_generated.bend	0	1	3.67	544
proofs/obj/sub_vec_uint8_8_generated.bend	0	1	3.67	533
proofs/api/vec_uint16_5_encode_ssz_proof_generated.bend	0	1	3.68	527
proofs/gate/g__spec_input_KZGProof_generated.bend	0	1	3.68	445
proofs/gate/g__sub_vec_bool_5_generated.bend	0	1	3.68	544
proofs/gate/g__sub_vec_bool_8_generated.bend	0	1	3.68	538
proofs/obj/spec_grepr_vec_uint32_16_generated.bend	0	1	3.68	463
proofs/api/vec_uint8_3_encode_ssz_proof_generated.bend	0	1	3.69	530
proofs/gate/g__spec_codec_WithdrawalRequest_generated.bend	0	1	3.69	487
proofs/gate/g__spec_ginput_vec_uint128_3_generated.bend	0	1	3.69	440
proofs/obj/spec_grepr_vec_uint64_5_generated.bend	0	1	3.69	473
proofs/obj/var_elems_generated.bend	0	1	3.69	519
proofs/obj/vbenc.bend	0	1	3.69	522
proofs/obj/spec_garr_vec_uint32_513_generated.bend	0	1	3.70	473
proofs/obj/spec_ginput_vec_uint256_3_generated.bend	0	1	3.70	481
proofs/obj/sub_vec_bool_16_generated.bend	0	1	3.70	543
proofs/obj/vbytes.bend	0	1	3.70	489
proofs/gate/g__spec_ginput_vec_uint256_2_generated.bend	0	1	3.71	487
proofs/gate/g__spec_input_Eth1Data_generated.bend	0	1	3.71	487
proofs/gate/g__spec_input_HistoricalSummary_generated.bend	0	1	3.71	446
proofs/obj/spec_load_SignedContributionAndProof_generated.bend	0	1	3.71	509
proofs/gate/g__spec_input_Bytes96_generated.bend	0	1	3.72	486
proofs/gate/g__spec_repr_WithdrawalRequest_generated.bend	0	1	3.72	492
proofs/layout_image_extents.bend	0	1	3.73	298
proofs/nat_algebra.bend	0	1	3.73	287
proofs/obj/spec_ginput_vec_uint64_8_generated.bend	0	1	3.73	488
proofs/obj/sub_bitvector_33_generated.bend	0	1	3.73	551
proofs/obj/xbound.bend	0	1	3.73	483
proofs/gate/g__spec_repr_Eth1Block_generated.bend	0	1	3.74	492
proofs/gate/g__spec_repr_Withdrawal_generated.bend	0	1	3.74	480
proofs/obj/spec_codec_ExecutionBranch_generated.bend	0	1	3.74	451
proofs/obj/spec_input_WithdrawalRequest_generated.bend	0	1	3.74	485
proofs/obj/sub_ProgressiveSingleFieldContainerTestStruct_generated.bend	0	1	3.74	581
proofs/obj/sub_vec_uint16_8_generated.bend	0	1	3.74	549
proofs/progressive.bend	0	1	3.74	306
proofs/api/FuluWithdrawal_encode_ssz_proof_generated.bend	0	1	3.75	526
proofs/obj/spec_grepr_vec_uint128_2_generated.bend	0	1	3.75	492
proofs/obj/spec_repr_HistoricalSummary_generated.bend	0	1	3.75	491
proofs/obj/var_plist_proglist_uint256_generated.bend	0	1	3.75	501
proofs/gate/g__spec_repr_SigningData_generated.bend	0	1	3.76	455
proofs/obj/spec_repr_Eth1Data_generated.bend	0	1	3.76	459
proofs/gate/g__spec_gcodec_vec_uint32_31_generated.bend	0	1	3.77	415
proofs/gate/g__sub_vec_bool_4_generated.bend	0	1	3.77	516
proofs/obj/spec_input_BLSSignature_generated.bend	0	1	3.77	531
proofs/gate/g__spec_grepr_vec_uint32_16_generated.bend	0	1	3.78	498
proofs/gate/g__spec_input_WithdrawalRequest_generated.bend	0	1	3.78	447
proofs/gate/g__sub_vec_bool_2_generated.bend	0	1	3.78	512
proofs/obj/spec_ginput_vec_uint32_16_generated.bend	0	1	3.78	450
proofs/obj/spec_grepr_vec_uint128_4_generated.bend	0	1	3.78	453
proofs/obj/spec_repr_PowBlock_generated.bend	0	1	3.78	509
proofs/obj/sub_bitvector_7_generated.bend	0	1	3.78	574
proofs/obj/var_plist_proglist_uint64_generated.bend	0	1	3.78	545
proofs/gate/g__spec_repr_uint256_generated.bend	0	1	3.79	449
proofs/gate/g__sub_bitvector_3_generated.bend	0	1	3.79	533
proofs/obj/spec_garr_vec_uint256_512_generated.bend	0	1	3.79	478
proofs/obj/spec_gcodec_vec_uint128_16_generated.bend	0	1	3.79	476
proofs/obj/spec_gcodec_vec_uint128_8_generated.bend	0	1	3.79	475
proofs/obj/spec_repr_WithdrawalRequest_generated.bend	0	1	3.79	511
proofs/obj/var_plist_proglist_uint256_rej_generated.bend	0	1	3.79	552
proofs/gate/g__spec_gcodec_vec_uint256_16_generated.bend	0	1	3.80	498
proofs/gate/g__spec_repr_KZGProof_generated.bend	0	1	3.80	476
proofs/gate/g__sub_bitvector_7_generated.bend	0	1	3.80	560
proofs/gate/g__sub_vec_bool_1_generated.bend	0	1	3.80	531
proofs/obj/spec_load_MatrixEntry_generated.bend	0	1	3.80	502
types/FuluSignedBeaconBlock_encode_ssz_generated.bend	0	1	3.80	479
proofs/gate/g__spec_grepr_vec_uint128_4_generated.bend	0	1	3.81	443
proofs/gate/g__spec_repr_PowBlock_generated.bend	0	1	3.81	477
proofs/gate/g__sub_vec_uint16_5_generated.bend	0	1	3.81	564
proofs/obj/spec_input_DepositMessage_generated.bend	0	1	3.81	486
proofs/obj/spec_load_Deposit_generated.bend	0	1	3.81	479
proofs/obj/sub_bitvector_9_generated.bend	0	1	3.81	524
proofs/obj/vdig.bend	0	1	3.81	287
proofs/api/uint256_encode_ssz_proof_generated.bend	0	1	3.82	473
proofs/gate/g__spec_garr_vec_uint32_512_generated.bend	0	1	3.82	487
proofs/parts_algebra.bend	0	1	3.82	281
proofs/gate/g__spec_gcodec_vec_uint128_8_generated.bend	0	1	3.83	445
proofs/gate/g__spec_gcodec_vec_uint256_5_generated.bend	0	1	3.83	484
proofs/gate/g__spec_gcodec_vec_uint64_16_generated.bend	0	1	3.83	451
proofs/gate/g__sub_bitvector_1_generated.bend	0	1	3.83	559
proofs/gate/g__sub_bitvector_9_generated.bend	0	1	3.83	536
e2e/e2e_fixdw_generated.bend	0	1	3.84	444
proofs/api/bitvector_513_encode_ssz_proof_generated.bend	0	1	3.84	555
proofs/gate/g__spec_codec_DepositData_generated.bend	0	1	3.84	551
proofs/obj/sub_vec_bool_31_generated.bend	0	1	3.84	541
proofs/obj/var_plist_proglist_uint32_generated.bend	0	1	3.84	586
proofs/obj/vbig.bend	0	1	3.84	558
proofs/obj/vrl_generated.bend	0	1	3.84	494
proofs/gate/g__spec_grepr_vec_uint256_3_generated.bend	0	1	3.85	499
proofs/gate/g__spec_input_G2Point_generated.bend	0	1	3.85	470
proofs/gate/g__sub_SingleFieldTestStruct_generated.bend	0	1	3.85	565
proofs/gate/g__var_plist_proglist_uint64_enc_generated.bend	0	1	3.85	598
proofs/obj/spec_repr_BeaconBlockHeader_generated.bend	0	1	3.85	490
proofs/gate/g__spec_ginput_bitvector_512_generated.bend	0	1	3.86	450
proofs/obj/vbspec.bend	0	1	3.86	510
proofs/api/vec_uint8_1_encode_ssz_proof_generated.bend	0	1	3.87	563
proofs/gate/g__codec_4_generated.bend	0	1	3.87	402
proofs/gate/g__spec_ginput_vec_uint32_16_generated.bend	0	1	3.87	483
proofs/gate/g__sub_bitvector_15_generated.bend	0	1	3.88	516
proofs/gate/g__var_plist_proglist_uint256_rej_generated.bend	0	1	3.88	551
proofs/gate/g__var_plist_proglist_uint64_generated.bend	0	1	3.88	522
proofs/api/vec_uint128_513_encode_ssz_proof_generated.bend	0	1	3.89	514
proofs/gate/g__spec_codec_SignedVoluntaryExit_generated.bend	0	1	3.89	474
proofs/gate/g__spec_ginput_vec_uint128_5_generated.bend	0	1	3.89	506
proofs/obj/spec_input_Eth1Data_generated.bend	0	1	3.89	512
proofs/obj/spec_repr_BlobIdentifier_generated.bend	0	1	3.89	495
proofs/offset_digits.bend	0	1	3.89	265
proofs/gate/g__var_plist_proglist_uint128_generated.bend	0	1	3.90	510
proofs/obj/spec_codec_SyncAggregate_generated.bend	0	1	3.90	521
proofs/obj/spec_grepr_vec_uint128_3_generated.bend	0	1	3.90	476
proofs/obj/spec_repr_G2Point_generated.bend	0	1	3.90	511
proofs/api/SmallTestStruct_encode_ssz_proof_generated.bend	0	1	3.91	600
proofs/gate/g__spec_codec_CurrentSyncCommitteeBranch_generated.bend	0	1	3.91	473
proofs/gate/g__spec_input_DepositMessage_generated.bend	0	1	3.91	508
proofs/gate/g__spec_repr_BLSSignature_generated.bend	0	1	3.91	459
proofs/gate/g__var_plist_proglist_uint32_generated.bend	0	1	3.91	517
proofs/obj/spec_repr_DepositMessage_generated.bend	0	1	3.91	499
proofs/obj/vme_generated.bend	0	1	3.91	517
proofs/obj/spec_gcodec_vec_uint32_31_generated.bend	0	1	3.92	506
proofs/api/bitvector_511_encode_ssz_proof_generated.bend	0	1	3.93	528
proofs/gate/g__sub_bitvector_2_generated.bend	0	1	3.93	524
proofs/gate/g__sub_vec_uint16_8_generated.bend	0	1	3.93	493
proofs/obj/spec_codec_SyncCommitteeMessage_generated.bend	0	1	3.93	503
proofs/obj/spec_ginput_vec_uint32_31_generated.bend	0	1	3.93	499
proofs/obj/var_plist_proglist_uint64_enc_generated.bend	0	1	3.93	559
proofs/gate/g__sub_bitvector_8_generated.bend	0	1	3.94	537
proofs/gate/g__sub_vec_uint8_2_generated.bend	0	1	3.94	520
proofs/obj/spec_grepr_bitvector_512_generated.bend	0	1	3.94	475
proofs/obj/spec_grepr_vec_uint128_5_generated.bend	0	1	3.94	498
proofs/gate/g__sub_bitvector_17_generated.bend	0	1	3.95	531
proofs/gate/g__sub_bitvector_31_generated.bend	0	1	3.95	531
proofs/gate/g__sub_vec_uint16_31_generated.bend	0	1	3.95	523
proofs/obj/spec_input_G2Point_generated.bend	0	1	3.95	520
proofs/gate/g__spec_codec_SyncCommitteeMessage_generated.bend	0	1	3.96	468
proofs/gate/g__sub_bitvector_33_generated.bend	0	1	3.96	508
proofs/obj/spec_grepr_vec_uint256_2_generated.bend	0	1	3.96	475
proofs/gate/g__sub_uint16_generated.bend	0	1	3.98	544
proofs/obj/spec_codec_SyncCommitteeContribution_generated.bend	0	1	3.98	545
proofs/api/FuluNextSyncCommitteeBranch_encode_ssz_proof_generated.bend	0	1	3.99	468
proofs/api/vec_uint64_513_encode_ssz_proof_generated.bend	0	1	3.99	541
proofs/gate/g__sub_bitvector_16_generated.bend	0	1	3.99	535
proofs/gate/g__var_plist_proglist_uint64_rej_generated.bend	0	1	3.99	541
proofs/obj/sha_node_generated.bend	0	1	3.99	428
proofs/obj/spec_repr_BLSSignature_generated.bend	0	1	3.99	460
proofs/obj/spec_repr_ExecutionBranch_generated.bend	0	1	3.99	511
proofs/obj/sub_SmallTestStruct_generated.bend	0	1	3.99	576
proofs/obj/var_plist_proglist_uint32_enc_generated.bend	0	1	3.99	537
proofs/gate/g__spec_ginput_vec_uint128_4_generated.bend	0	1	4.00	494
proofs/gate/g__spec_ginput_vec_uint256_3_generated.bend	0	1	4.00	492
proofs/gate/g__spec_repr_BeaconBlockHeader_generated.bend	0	1	4.00	507
proofs/gate/g__sub_bitvector_6_generated.bend	0	1	4.00	544
proofs/obj/var_plist_proglist_uint64_rej_generated.bend	0	1	4.00	530
proofs/obj/vbsize.bend	0	1	4.00	547
proofs/gate/g__spec_garr_vec_uint256_512_generated.bend	0	1	4.02	521
proofs/gate/g__sub_vec_uint8_4_generated.bend	0	1	4.02	545
proofs/obj/spec_input_PowBlock_generated.bend	0	1	4.02	473
proofs/codec_helpers.bend	0	1	4.03	391
proofs/gate/g__sub_vec_uint8_5_generated.bend	0	1	4.03	551
proofs/obj/spec_input_ConsolidationRequest_generated.bend	0	1	4.03	543
proofs/gate/g__spec_grepr_vec_uint64_16_generated.bend	0	1	4.04	484
proofs/obj/spec_grepr_vec_uint32_31_generated.bend	0	1	4.04	469
proofs/obj/spec_repr_Bytes96_generated.bend	0	1	4.04	521
proofs/gate/g__spec_input_AttestationData_generated.bend	0	1	4.05	553
proofs/gate/g__spec_repr_Bytes96_generated.bend	0	1	4.05	493
proofs/gate/g__spec_repr_DepositMessage_generated.bend	0	1	4.05	527
proofs/gate/g__sub_bitvector_4_generated.bend	0	1	4.05	536
proofs/obj/spec_codec_DepositRequest_generated.bend	0	1	4.05	500
proofs/obj/spec_ginput_vec_uint256_16_generated.bend	0	1	4.05	622
proofs/gate/g__var_plist_proglist_uint128_rej_generated.bend	0	1	4.06	527
proofs/gate/g__sub_bitvector_5_generated.bend	0	1	4.07	564
proofs/gate/g__sub_vec_uint8_1_generated.bend	0	1	4.07	608
proofs/gate/g__var_plist_proglist_uint32_rej_generated.bend	0	1	4.07	515
proofs/fulu_legality.bend	0	1	4.08	289
proofs/gate/g__spec_grepr_vec_uint128_8_generated.bend	0	1	4.08	467
proofs/gate/g__spec_repr_Eth1Data_generated.bend	0	1	4.08	511
proofs/obj/spec_codec_SignedBLSToExecutionChange_generated.bend	0	1	4.08	503
proofs/obj/spec_repr_SignedVoluntaryExit_generated.bend	0	1	4.08	509
proofs/obj/vrejf_generated.bend	0	1	4.08	449
benchmarks/objprog/g8_generated.bend	0	1	4.09	594
proofs/gate/g__spec_garr_vec_uint128_512_generated.bend	0	1	4.09	494
proofs/gate/g__sub_vec_bool_16_generated.bend	0	1	4.09	554
proofs/api/proglist_uint32_encode_ssz_proof_generated.bend	0	1	4.10	512
proofs/gate/g__spec_garr_vec_uint32_513_generated.bend	0	1	4.10	557
proofs/gate/g__spec_grepr_vec_uint256_4_generated.bend	0	1	4.10	502
proofs/gate/g__spec_grepr_vec_uint32_31_generated.bend	0	1	4.10	501
proofs/api/proglist_uint64_encode_ssz_proof_generated.bend	0	1	4.11	516
proofs/gate/g__spec_codec_SyncAggregate_generated.bend	0	1	4.11	537
proofs/gate/g__spec_repr_BLSToExecutionChange_generated.bend	0	1	4.11	513
proofs/gate/g__sub_vec_uint8_8_generated.bend	0	1	4.11	581
proofs/obj/spec_grepr_vec_uint64_16_generated.bend	0	1	4.11	531
proofs/obj/spec_input_SignedVoluntaryExit_generated.bend	0	1	4.11	566
proofs/obj/spec_repr_AttestationData_generated.bend	0	1	4.11	492
proofs/obj/spec_repr_BLSToExecutionChange_generated.bend	0	1	4.11	518
types/fulu_obj_f24_generated.bend	0	1	4.11	527
proofs/gate/g__sub_SmallTestStruct_generated.bend	0	1	4.12	546
proofs/api/FuluCommitteeIndex_encode_ssz_proof_generated.bend	0	1	4.13	506
proofs/api/vec_uint128_16_encode_ssz_proof_generated.bend	0	1	4.13	461
proofs/gate/g__sub_vec_uint8_3_generated.bend	0	1	4.13	581
proofs/gate/g__var_plist_proglist_uint256_generated.bend	0	1	4.13	511
proofs/gate/g__var_plist_proglist_uint32_enc_generated.bend	0	1	4.13	532
proofs/obj/xmul.bend	0	1	4.13	510
proofs/gate/g__spec_ginput_vec_uint256_16_generated.bend	0	1	4.14	557
proofs/obj/codec_4_generated.bend	0	1	4.14	400
proofs/obj/spec_codec_CurrentSyncCommitteeBranch_generated.bend	0	1	4.14	510
proofs/gate/g__spec_codec_DepositRequest_generated.bend	0	1	4.15	514
proofs/gate/g__spec_input_SignedVoluntaryExit_generated.bend	0	1	4.15	490
proofs/obj/sub_bitvector_511_generated.bend	0	1	4.15	554
proofs/api/vec_uint64_31_encode_ssz_proof_generated.bend	0	1	4.16	532
proofs/obj/sub_bitvector_513_generated.bend	0	1	4.16	561
proofs/gate/g__spec_grepr_vec_uint256_16_generated.bend	0	1	4.17	537
proofs/obj/spec_codec_SignedBeaconBlockHeader_generated.bend	0	1	4.17	522
proofs/gate/g__spec_input_PowBlock_generated.bend	0	1	4.18	511
proofs/gate/g__var_plist_proglist_uint256_enc_generated.bend	0	1	4.18	530
proofs/obj/spec_ginput_vec_uint128_8_generated.bend	0	1	4.18	543
proofs/gate/g__spec_input_ConsolidationRequest_generated.bend	0	1	4.20	501
proofs/obj/elems_obj.bend	0	1	4.20	506
proofs/obj/spec_codec_DepositData_generated.bend	0	1	4.20	502
proofs/gate/g__spec_repr_ExecutionBranch_generated.bend	0	1	4.22	476
proofs/obj/var_codec_DataColumnsByRootIdentifier_generated.bend	0	1	4.22	666
proofs/gate/g__spec_codec_SyncCommitteeContribution_generated.bend	0	1	4.23	495
proofs/gate/g__sub_bitvector_513_generated.bend	0	1	4.23	537
proofs/gate/g__sub_vec_uint8_31_generated.bend	0	1	4.23	540
proofs/api/proglist_uint256_encode_ssz_proof_generated.bend	0	1	4.24	544
proofs/gate/g__spec_codec_FinalityBranch_generated.bend	0	1	4.24	405
proofs/obj/spec_ginput_vec_uint256_4_generated.bend	0	1	4.24	521
proofs/api/FuluVersion_encode_ssz_proof_generated.bend	0	1	4.25	507
proofs/gate/g__var_codec_DataColumnsByRootIdentifier_generated.bend	0	1	4.25	621
proofs/gate/g__spec_codec_SignedBLSToExecutionChange_generated.bend	0	1	4.26	511
proofs/schema_width.bend	0	1	4.26	427
proofs/decode_facts.bend	0	1	4.27	423
proofs/gate/g__sub_bitvector_511_generated.bend	0	1	4.28	523
proofs/gate/g__var_plist_proglist_uint128_enc_generated.bend	0	1	4.28	562
proofs/obj/spec_grepr_vec_uint256_3_generated.bend	0	1	4.28	540
proofs/gate/g__spec_repr_AttestationData_generated.bend	0	1	4.29	556
proofs/gate/g__spec_repr_SignedVoluntaryExit_generated.bend	0	1	4.29	545
proofs/obj/spec_repr_ConsolidationRequest_generated.bend	0	1	4.29	524
proofs/api/FuluContributionAndProof_encode_ssz_proof_generated.bend	0	1	4.30	505
proofs/obj/spec_repr_SyncAggregate_generated.bend	0	1	4.30	510
proofs/obj/valid_lib.bend	0	1	4.30	151
proofs/obj/var_fix_types_generated.bend	0	1	4.30	580
proofs/api/FuluFinalityBranch_encode_ssz_proof_generated.bend	0	1	4.31	464
proofs/api/FuluBLSSignature_encode_ssz_proof_generated.bend	0	1	4.32	535
proofs/gate/g__spec_codec_ContributionAndProof_generated.bend	0	1	4.32	510
proofs/gate/g__spec_codec_PendingDeposit_generated.bend	0	1	4.32	516
proofs/api/FuluGwei_encode_ssz_proof_generated.bend	0	1	4.33	494
proofs/obj/spec_garr_vec_uint128_513_generated.bend	0	1	4.33	538
proofs/api/vec_bool_31_encode_ssz_proof_generated.bend	0	1	4.34	497
proofs/identity_decision.bend	0	1	4.34	525
proofs/api/proglist_uint128_encode_ssz_proof_generated.bend	0	1	4.35	534
proofs/api/FuluDomainType_encode_ssz_proof_generated.bend	0	1	4.36	501
proofs/obj/spec_grepr_vec_uint256_4_generated.bend	0	1	4.36	508
proofs/gate/g__spec_input_SyncCommitteeMessage_generated.bend	0	1	4.37	488
proofs/obj/spec_codec_NextSyncCommitteeBranch_generated.bend	0	1	4.37	508
proofs/obj/spec_input_SyncCommitteeMessage_generated.bend	0	1	4.37	537
proofs/bit_root.bend	0	1	4.38	374
proofs/gate/g__spec_ginput_vec_uint64_16_generated.bend	0	1	4.38	550
proofs/gate/g__spec_repr_ConsolidationRequest_generated.bend	0	1	4.39	502
proofs/obj/spec_input_AttestationData_generated.bend	0	1	4.39	561
proofs/obj/spec_codec_PendingDeposit_generated.bend	0	1	4.40	512
types/fulu_obj_f23_generated.bend	0	1	4.42	545
proofs/api/vec_uint256_8_encode_ssz_proof_generated.bend	0	1	4.43	493
proofs/obj/var_codec_DataColumnsByRootIdentifier_enc_generated.bend	0	1	4.43	722
proofs/gate/g__spec_codec_NextSyncCommitteeBranch_generated.bend	0	1	4.44	479
proofs/obj/spec_grepr_vec_uint128_8_generated.bend	0	1	4.44	479
proofs/api/FuluHash32_encode_ssz_proof_generated.bend	0	1	4.45	509
proofs/api/FuluPendingConsolidation_encode_ssz_proof_generated.bend	0	1	4.46	495
proofs/gate/g__spec_repr_SyncCommitteeMessage_generated.bend	0	1	4.46	535
proofs/obj/spec_gcodec_vec_uint256_8_generated.bend	0	1	4.46	487
proofs/api/vec_uint256_513_encode_ssz_proof_generated.bend	0	1	4.47	589
proofs/gate/g__spec_garr_vec_uint64_513_generated.bend	0	1	4.47	528
proofs/gate/g__spec_ginput_vec_uint32_31_generated.bend	0	1	4.48	541
proofs/obj/spec_gcodec_vec_uint64_31_generated.bend	0	1	4.48	538
proofs/obj/spec_input_SyncAggregate_generated.bend	0	1	4.49	482
proofs/obj/spec_repr_SyncCommitteeMessage_generated.bend	0	1	4.49	581
proofs/api/FuluFork_encode_ssz_proof_generated.bend	0	1	4.50	474
proofs/gate/g__spec_grepr_vec_uint256_5_generated.bend	0	1	4.50	497
proofs/obj/spec_codec_ContributionAndProof_generated.bend	0	1	4.50	515
proofs/obj/spec_codec_SignedContributionAndProof_generated.bend	0	1	4.50	550
proofs/obj/var_fix_types_m_generated.bend	0	1	4.50	645
proofs/api/FuluG1Point_encode_ssz_proof_generated.bend	0	1	4.51	495
proofs/obj/spec_grepr_vec_uint256_5_generated.bend	0	1	4.51	528
proofs/obj/spec_ginput_vec_uint64_16_generated.bend	0	1	4.52	538
proofs/gate/g__spec_input_SyncAggregate_generated.bend	0	1	4.53	535
proofs/obj/spec_grepr_vec_uint256_16_generated.bend	0	1	4.54	549
proofs/obj/spec_codec_FinalityBranch_generated.bend	0	1	4.56	502
proofs/gate/g__spec_garr_vec_uint128_513_generated.bend	0	1	4.57	526
proofs/api/FuluVersionedHash_encode_ssz_proof_generated.bend	0	1	4.58	479
proofs/gate/g__sub_vec_bool_31_generated.bend	0	1	4.58	533
proofs/obj/spec_ginput_vec_uint256_5_generated.bend	0	1	4.58	546
proofs/api/FuluNodeID_encode_ssz_proof_generated.bend	0	1	4.59	481
proofs/decode_shape.bend	0	1	4.59	367
proofs/gate/g__spec_input_ExecutionBranch_generated.bend	0	1	4.60	523
proofs/gate/g__spec_repr_SyncCommitteeContribution_generated.bend	0	1	4.60	531
proofs/api/FuluDataColumnsByRootIdentifier_encode_ssz_proof_generated.bend	0	1	4.61	697
proofs/api/FuluPowBlock_encode_ssz_proof_generated.bend	0	1	4.62	517
proofs/api/FuluSyncAggregatorSelectionData_encode_ssz_proof_generated.bend	0	1	4.62	509
proofs/compatibility_rank.bend	0	1	4.62	363
proofs/obj/spec_repr_SyncCommitteeContribution_generated.bend	0	1	4.62	584
proofs/obj/var_fix_put_er_generated.bend	0	1	4.62	668
proofs/api/FuluEther_encode_ssz_proof_generated.bend	0	1	4.64	523
proofs/gate/g__spec_repr_SignedBLSToExecutionChange_generated.bend	0	1	4.64	592
proofs/obj/spec_codec_SingleAttestation_generated.bend	0	1	4.64	505
proofs/obj/spec_repr_DepositRequest_generated.bend	0	1	4.64	538
proofs/gate/g__spec_garr_vec_uint256_513_generated.bend	0	1	4.65	526
proofs/obj/spec_input_SyncCommitteeContribution_generated.bend	0	1	4.67	509
proofs/gate/g__spec_repr_DepositData_generated.bend	0	1	4.68	593
proofs/obj/spec_repr_DepositData_generated.bend	0	1	4.68	508
proofs/obj/spec_input_CurrentSyncCommitteeBranch_generated.bend	0	1	4.69	475
proofs/obj/spec_input_ExecutionBranch_generated.bend	0	1	4.69	517
proofs/obj/spec_repr_PendingDeposit_generated.bend	0	1	4.69	561
proofs/api/FuluPendingPartialWithdrawal_encode_ssz_proof_generated.bend	0	1	4.70	542
proofs/api/FuluVoluntaryExit_encode_ssz_proof_generated.bend	0	1	4.71	502
proofs/obj/spec_repr_CurrentSyncCommitteeBranch_generated.bend	0	1	4.71	507
proofs/obj/spec_repr_SignedBLSToExecutionChange_generated.bend	0	1	4.71	560
proofs/api/FuluBlob_encode_ssz_proof_generated.bend	0	1	4.72	671
proofs/api/FuluProposerSlashing_encode_ssz_proof_generated.bend	0	1	4.72	575
proofs/gate/g__spec_codec_SingleAttestation_generated.bend	0	1	4.72	511
proofs/gate/g__spec_gcodec_vec_uint256_8_generated.bend	0	1	4.72	468
proofs/gate/g__spec_repr_SyncAggregate_generated.bend	0	1	4.72	503
proofs/gate/g__spec_ginput_vec_uint128_8_generated.bend	0	1	4.73	526
proofs/obj/len_bridge_generated.bend	0	1	4.73	482
proofs/obj/vuw_bits_generated.bend	0	1	4.73	553
proofs/obj/spec_input_DepositRequest_generated.bend	0	1	4.74	534
proofs/obj/spec_input_SignedBeaconBlockHeader_generated.bend	0	1	4.74	543
proofs/obj/wany.bend	0	1	4.74	518
e2e/e2e_drl_l16_SignedVoluntaryExit_generated.bend	0	1	4.75	1727
proofs/gate/g__spec_repr_NextSyncCommitteeBranch_generated.bend	0	1	4.75	493
proofs/obj/spec_input_SignedBLSToExecutionChange_generated.bend	0	1	4.75	490
e2e/e2e_fixd_generated.bend	0	1	4.76	269
proofs/api/FuluSignedContributionAndProof_encode_ssz_proof_generated.bend	0	1	4.76	554
proofs/gate/g__spec_repr_DepositRequest_generated.bend	0	1	4.76	545
proofs/gate/g__spec_repr_PendingDeposit_generated.bend	0	1	4.76	516
proofs/obj/spec_repr_FinalityBranch_generated.bend	0	1	4.76	530
types/fulu_obj_g8_generated.bend	0	1	4.76	640
proofs/gate/g__spec_codec_SignedBeaconBlockHeader_generated.bend	0	1	4.77	504
benchmarks/objprog/g7_generated.bend	0	1	4.78	721
proofs/api/FuluValidatorIndex_encode_ssz_proof_generated.bend	0	1	4.78	506
proofs/obj/spec_garr_vec_uint256_513_generated.bend	0	1	4.78	586
proofs/gate/g__spec_input_SyncCommitteeContribution_generated.bend	0	1	4.79	577
proofs/obj/spec_arr_SyncCommittee_generated.bend	0	1	4.79	593
proofs/api/FuluCell_encode_ssz_proof_generated.bend	0	1	4.80	575
proofs/gate/g__spec_input_CurrentSyncCommitteeBranch_generated.bend	0	1	4.80	503
proofs/gate/g__spec_repr_CurrentSyncCommitteeBranch_generated.bend	0	1	4.80	571
proofs/obj/spec_repr_SignedBeaconBlockHeader_generated.bend	0	1	4.80	526
proofs/api/FuluG2Point_encode_ssz_proof_generated.bend	0	1	4.85	499
proofs/gate/g__spec_ginput_vec_uint256_4_generated.bend	0	1	4.86	525
proofs/obj/bits_leaf_generated.bend	0	1	4.86	518
proofs/obj/spec_input_DepositData_generated.bend	0	1	4.86	580
proofs/gate/g__spec_gcodec_vec_uint128_16_generated.bend	0	1	4.87	514
proofs/schema_lookups.bend	0	1	4.87	416
proofs/api/FuluExecutionAddress_encode_ssz_proof_generated.bend	0	1	4.88	519
proofs/api/FuluSyncCommittee_encode_ssz_proof_generated.bend	0	1	4.88	583
proofs/gate/g__spec_ginput_vec_uint256_5_generated.bend	0	1	4.88	552
proofs/gate/g__sub_unique_boolean_generated.bend	0	1	4.88	1447
e2e/e2e_bits_generated.bend	0	1	4.89	452
proofs/gate/g__var_codec_DataColumnsByRootIdentifier_enc_generated.bend	0	1	4.89	681
proofs/obj/spec_input_NextSyncCommitteeBranch_generated.bend	0	1	4.89	474
proofs/obj/spec_repr_NextSyncCommitteeBranch_generated.bend	0	1	4.89	517
proofs/gate/g__spec_codec_SignedContributionAndProof_generated.bend	0	1	4.90	560
proofs/gate/g__spec_repr_SignedBeaconBlockHeader_generated.bend	0	1	4.90	550
proofs/fulu_named.bend	0	1	4.91	502
proofs/gate/g__spec_gcodec_vec_uint64_31_generated.bend	0	1	4.91	521
proofs/api/FuluBeaconBlockHeader_encode_ssz_proof_generated.bend	0	1	4.92	578
proofs/obj/spec_repr_SignedContributionAndProof_generated.bend	0	1	4.92	529
proofs/gate/g__spec_input_SignedBLSToExecutionChange_generated.bend	0	1	4.94	510
proofs/obj/sub_unique_boolean_generated.bend	0	1	4.94	1682
proofs/obj/spec_input_SignedContributionAndProof_generated.bend	0	1	4.95	575
e2e/e2e_drl_l16_WithdrawalRequest_generated.bend	0	1	4.96	1788
proofs/obj/spec_input_PendingDeposit_generated.bend	0	1	4.96	500
proofs/obj/var_bytes_wput_generated.bend	0	1	4.96	534
proofs/gate/g__spec_input_DepositData_generated.bend	0	1	4.97	495
proofs/gate/g__spec_input_NextSyncCommitteeBranch_generated.bend	0	1	4.97	510
proofs/api/FuluWithdrawalIndex_encode_ssz_proof_generated.bend	0	1	4.98	500
proofs/obj/spec_codec_Cell_generated.bend	0	1	4.98	559
e2e/e2e_drl_l16_SignedBLSToExecutionChange_generated.bend	0	1	4.99	1810
proofs/api/FuluBLSToExecutionChange_encode_ssz_proof_generated.bend	0	1	4.99	518
proofs/api/FuluRoot_encode_ssz_proof_generated.bend	0	1	4.99	518
proofs/gate/g__spec_input_SignedBeaconBlockHeader_generated.bend	0	1	5.01	525
proofs/api/FuluSyncAggregate_encode_ssz_proof_generated.bend	0	1	5.02	532
proofs/obj/spec_repr_ContributionAndProof_generated.bend	0	1	5.04	579
proofs/obj/spec_repr_SingleAttestation_generated.bend	0	1	5.04	561
proofs/gate/g__spec_codec_ProposerSlashing_generated.bend	0	1	5.05	558
proofs/gate/g__spec_input_DepositRequest_generated.bend	0	1	5.05	532
proofs/obj/spec_input_SingleAttestation_generated.bend	0	1	5.06	554
proofs/gate/g__spec_input_PendingDeposit_generated.bend	0	1	5.07	494
proofs/obj/spec_codec_ProposerSlashing_generated.bend	0	1	5.07	547
e2e/e2e_drl_l2_ConsolidationRequest_generated.bend	0	1	5.08	1834
proofs/api/vec_uint128_31_encode_ssz_proof_generated.bend	0	1	5.08	565
proofs/gate/g__spec_grepr_vec_uint128_16_generated.bend	0	1	5.09	540
proofs/gate/g__spec_grepr_vec_uint256_8_generated.bend	0	1	5.09	570
proofs/obj/fixrej_g4_generated.bend	0	1	5.10	655
e2e/e2e_drl_l8192_DepositRequest_generated.bend	0	1	5.11	1733
e2e/e2e_drl_l2048_Eth1Data_generated.bend	0	1	5.12	1882
proofs/cursor_cases.bend	0	1	5.12	525
proofs/gate/g__spec_repr_FinalityBranch_generated.bend	0	1	5.12	500
proofs/gate/g__spec_input_SignedContributionAndProof_generated.bend	0	1	5.13	694
proofs/api/FuluSubnetID_encode_ssz_proof_generated.bend	0	1	5.14	477
proofs/api/FuluSignedVoluntaryExit_encode_ssz_proof_generated.bend	0	1	5.16	559
proofs/obj/spec_repr_ProposerSlashing_generated.bend	0	1	5.16	592
proofs/obj/vbyte_generated.bend	0	1	5.17	620
proofs/bit_list_root.bend	0	1	5.19	379
proofs/obj/spec_input_ContributionAndProof_generated.bend	0	1	5.19	547
proofs/obj/codec_3_generated.bend	0	1	5.20	418
proofs/obj/spec_input_FinalityBranch_generated.bend	0	1	5.20	544
e2e/e2e_drl_l134217728_PendingPartialWithdrawal_generated.bend	0	1	5.21	1836
proofs/obj/spec_grepr_vec_uint256_8_generated.bend	0	1	5.21	516
proofs/obj/fixrej_HistoricalBatch_generated.bend	0	1	5.22	664
proofs/gate/g__spec_ginput_vec_uint64_31_generated.bend	0	1	5.23	537
proofs/api/FuluEth1Block_encode_ssz_proof_generated.bend	0	1	5.25	552
proofs/obj/fixrej_g3_generated.bend	0	1	5.25	671
proofs/packed_pack.bend	0	1	5.25	439
proofs/gate/g__spec_repr_ProposerSlashing_generated.bend	0	1	5.26	585
proofs/gate/g__spec_repr_SignedContributionAndProof_generated.bend	0	1	5.26	613
proofs/obj/spec_ginput_vec_uint128_16_generated.bend	0	1	5.27	614
proofs/obj/fixrej_vec_uint256_513_generated.bend	0	1	5.28	644
proofs/obj/fixrej_Blob_generated.bend	0	1	5.30	670
proofs/gate/g__codec_3_generated.bend	0	1	5.31	416
proofs/gate/g__spec_input_ContributionAndProof_generated.bend	0	1	5.31	549
e2e/e2e_drl_l134217728_PendingDeposit_generated.bend	0	1	5.32	1919
proofs/api/FuluSyncCommitteeContribution_encode_ssz_proof_generated.bend	0	1	5.32	556
proofs/obj/spec_rec_Validator_generated.bend	0	1	5.32	518
proofs/api/FuluDepositMessage_encode_ssz_proof_generated.bend	0	1	5.33	515
proofs/api/FuluPayloadId_encode_ssz_proof_generated.bend	0	1	5.33	540
proofs/gate/g__spec_grepr_vec_uint64_31_generated.bend	0	1	5.33	521
proofs/cursor_legal.bend	0	1	5.34	476
proofs/gate/g__fixrej_g4_generated.bend	0	1	5.34	654
proofs/obj/fixrej_BlobSidecar_generated.bend	0	1	5.34	689
proofs/gate/g__fixrej_g3_generated.bend	0	1	5.35	686
proofs/obj/fixrej_f3_generated.bend	0	1	5.35	746
e2e/e2e_drl_l16777216_HistoricalSummary_generated.bend	0	1	5.37	1843
proofs/api/FuluHistoricalSummary_encode_ssz_proof_generated.bend	0	1	5.38	524
proofs/cursor_walk.bend	0	1	5.38	508
e2e/e2e_drl_l16_Withdrawal_generated.bend	0	1	5.39	1837
proofs/gate/g__fixrej_SyncCommittee_generated.bend	0	1	5.39	665
proofs/gate/g__fixrej_vec_uint128_513_generated.bend	0	1	5.39	675
proofs/gate/g__spec_input_SingleAttestation_generated.bend	0	1	5.39	551
proofs/gate/g__spec_repr_ContributionAndProof_generated.bend	0	1	5.39	570
proofs/obj/fixrej_g0_generated.bend	0	1	5.39	663
proofs/obj/spec_grepr_vec_uint128_16_generated.bend	0	1	5.39	511
proofs/obj/fixrej_vec_uint128_513_generated.bend	0	1	5.41	652
proofs/packed_domain.bend	0	1	5.42	473
types/fulu_obj_g7_generated.bend	0	1	5.42	675
proofs/gate/g__spec_arr_Blob_generated.bend	0	1	5.43	737
proofs/gate/g__spec_rec_Validator_generated.bend	0	1	5.43	509
proofs/obj/spec_ginput_vec_uint64_31_generated.bend	0	1	5.43	554
proofs/byte_list.bend	0	1	5.44	421
proofs/obj/fixrej_g1_generated.bend	0	1	5.44	654
proofs/obj/spec_grepr_vec_uint64_31_generated.bend	0	1	5.44	576
proofs/obj/spec_input_Cell_generated.bend	0	1	5.44	601
proofs/obj/fixrej_vec_uint128_512_generated.bend	0	1	5.46	636
proofs/obj/fixrej_f2_generated.bend	0	1	5.47	660
proofs/obj/fixrej_f1_generated.bend	0	1	5.48	691
proofs/api/FuluConsolidationRequest_encode_ssz_proof_generated.bend	0	1	5.49	526
e2e/e2e_drl_l262144_PendingConsolidation_generated.bend	0	1	5.51	1840
proofs/api/FuluSyncCommitteeMessage_encode_ssz_proof_generated.bend	0	1	5.51	523
proofs/api/FuluValidator_encode_ssz_proof_generated.bend	0	1	5.52	529
proofs/obj/fixrej_f0_generated.bend	0	1	5.52	629
proofs/obj/spec_wany_ExecutionBranch_generated.bend	0	1	5.52	563
proofs/gate/g__spec_ginput_vec_uint256_8_generated.bend	0	1	5.53	585
proofs/gate/g__spec_input_FinalityBranch_generated.bend	0	1	5.53	514
proofs/obj/spec_gcodec_vec_uint128_31_generated.bend	0	1	5.53	544
proofs/gate/g__fixrej_g2_generated.bend	0	1	5.54	663
proofs/obj/fixrej_f4_generated.bend	0	1	5.54	660
proofs/obj/fixrej_g2_generated.bend	0	1	5.54	663
proofs/complete_leaves.bend	0	1	5.56	473
proofs/obj/fixrej_vec_uint256_512_generated.bend	0	1	5.56	653
proofs/obj/spec_ginput_vec_uint256_8_generated.bend	0	1	5.56	548
proofs/obj/spec_input_ProposerSlashing_generated.bend	0	1	5.56	686
proofs/gate/g__spec_arr_SyncCommittee_generated.bend	0	1	5.57	603
proofs/gate/g__spec_codec_Cell_generated.bend	0	1	5.57	605
proofs/obj/fixrej_SyncCommittee_generated.bend	0	1	5.57	677
proofs/fulu_list_inventory.bend	0	1	5.58	384
proofs/gate/g__fixrej_f5_generated.bend	0	1	5.58	650
proofs/packed_pack_acc.bend	0	1	5.60	464
proofs/cursor_sound.bend	0	1	5.63	500
proofs/gate/g__fixrej_vec_uint128_512_generated.bend	0	1	5.63	689
proofs/gate/g__spec_input_ProposerSlashing_generated.bend	0	1	5.64	605
proofs/obj/var_bytes_fix_generated.bend	0	1	5.64	706
proofs/compatibility_soundness.bend	0	1	5.65	676
proofs/gate/g__fixrej_vec_uint256_512_generated.bend	0	1	5.66	660
proofs/gate/g__spec_repr_SingleAttestation_generated.bend	0	1	5.67	583
proofs/obj/root_names_light_generated.bend	0	1	5.67	733
proofs/obj/spec_arr_Blob_generated.bend	0	1	5.67	755
proofs/gate/g__fixrej_f1_generated.bend	0	1	5.69	698
proofs/complete_regions.bend	0	1	5.70	553
proofs/complete_step.bend	0	1	5.72	551
proofs/gate/g__fixrej_vec_uint256_513_generated.bend	0	1	5.73	610
proofs/obj/vmv_generated.bend	0	1	5.74	637
proofs/obj/vbitl.bend	0	1	5.77	627
proofs/gate/g__spec_gcodec_vec_uint128_31_generated.bend	0	1	5.78	568
proofs/obj/fixrej_f5_generated.bend	0	1	5.78	664
proofs/api/FuluWithdrawalRequest_encode_ssz_proof_generated.bend	0	1	5.80	519
proofs/complete_walk.bend	0	1	5.81	544
proofs/gate/g__fixrej_HistoricalBatch_generated.bend	0	1	5.83	647
proofs/obj/var_bits_bitlist_16_generated.bend	0	1	5.83	802
proofs/obj/vnenc.bend	0	1	5.84	769
proofs/api/FuluDepositData_encode_ssz_proof_generated.bend	0	1	5.85	565
proofs/gate/g__fixrej_g1_generated.bend	0	1	5.86	663
proofs/obj/var_bits_bitlist_2_rej_generated.bend	0	1	5.86	656
proofs/api/FuluCheckpoint_encode_ssz_proof_generated.bend	0	1	5.88	537
proofs/gate/g__fixrej_BlobSidecar_generated.bend	0	1	5.88	673
proofs/gate/g__spec_ginput_vec_uint128_16_generated.bend	0	1	5.88	549
proofs/gate/g__spec_input_Cell_generated.bend	0	1	5.88	665
proofs/gate/g__fixrej_f0_generated.bend	0	1	5.89	698
proofs/gate/g__fixrej_g0_generated.bend	0	1	5.93	657
proofs/obj/var_bits_bitlist_32_generated.bend	0	1	5.94	667
proofs/api/vec_uint256_31_encode_ssz_proof_generated.bend	0	1	5.98	550
proofs/gate/g__fixrej_Blob_generated.bend	0	1	5.99	637
proofs/obj/var_pbits_progbitlist_rej_generated.bend	0	1	6.00	645
proofs/api/FuluForkData_encode_ssz_proof_generated.bend	0	1	6.03	518
proofs/api/FuluSignedBLSToExecutionChange_encode_ssz_proof_generated.bend	0	1	6.04	563
proofs/obj/spec_ginput_vec_uint128_31_generated.bend	0	1	6.06	586
e2e/e2e_fixdw48_generated.bend	0	1	6.10	837
proofs/obj/spec_repr_Cell_generated.bend	0	1	6.10	622
e2e/e2e_bvh_generated.bend	0	1	6.12	667
proofs/gate/g__fixrej_f2_generated.bend	0	1	6.12	733
proofs/obj/var_bits_bitlist_7_rej_generated.bend	0	1	6.14	665
proofs/obj/vbrt.bend	0	1	6.18	698
proofs/obj/var_bits_bitlist_31_generated.bend	0	1	6.19	734
proofs/gate/g__spec_grepr_vec_uint128_31_generated.bend	0	1	6.21	543
proofs/gate/g__spec_gcodec_vec_uint256_31_generated.bend	0	1	6.22	620
proofs/gate/g__spec_repr_Cell_generated.bend	0	1	6.23	633
proofs/gate/g__fixrej_f4_generated.bend	0	1	6.24	698
proofs/api/FuluDomain_encode_ssz_proof_generated.bend	0	1	6.25	535
proofs/gate/g__fixrej_f3_generated.bend	0	1	6.25	684
proofs/api/FuluDeposit_encode_ssz_proof_generated.bend	0	1	6.31	697
proofs/obj/var_bytesx_LightClientHeader_inv_generated.bend	0	1	6.32	821
proofs/api/FuluBLSPubkey_encode_ssz_proof_generated.bend	0	1	6.34	525
proofs/compatibility_finite.bend	0	1	6.34	559
proofs/obj/var_bits_bitlist_7_generated.bend	0	1	6.34	751
proofs/obj/var_bits_bitlist_513_rej_generated.bend	0	1	6.35	762
proofs/obj/var_pbits_progbitlist_generated.bend	0	1	6.37	745
proofs/obj/var_bits_bitlist_17_rej_generated.bend	0	1	6.38	659
proofs/api/FuluForkDigest_encode_ssz_proof_generated.bend	0	1	6.40	555
proofs/gate/g__spec_codec_Deposit_generated.bend	0	1	6.41	640
proofs/obj/var_bits_bitlist_15_rej_generated.bend	0	1	6.42	781
proofs/obj/var_bits_bitlist_6_generated.bend	0	1	6.42	649
proofs/obj/var_bits_bitlist_33_generated.bend	0	1	6.43	682
proofs/obj/gvalid_leaves_generated.bend	0	1	6.44	450
proofs/api/FuluEth1Data_encode_ssz_proof_generated.bend	0	1	6.45	505
proofs/gate/g__spec_ginput_vec_uint128_31_generated.bend	0	1	6.45	683
proofs/obj/var_bits_bitlist_4_rej_generated.bend	0	1	6.45	638
proofs/obj/fill_pieces.bend	0	1	6.46	730
proofs/obj/spec_gcodec_vec_uint256_31_generated.bend	0	1	6.46	646
proofs/obj/var_bits_bitlist_4_generated.bend	0	1	6.46	736
proofs/api/FuluAttestationData_encode_ssz_proof_generated.bend	0	1	6.47	554
proofs/obj/var_bits_bitlist_33_rej_generated.bend	0	1	6.49	630
proofs/obj/spec_wany_CurrentSyncCommitteeBranch_generated.bend	0	1	6.50	584
proofs/complete_decode.bend	0	1	6.54	575
proofs/gate/g__var_pbits_progbitlist_rej_generated.bend	0	1	6.54	776
proofs/obj/elems48_light.bend	0	1	6.54	757
proofs/obj/var_bits_bitlist_32_rej_generated.bend	0	1	6.54	650
proofs/obj/spec_input_Deposit_generated.bend	0	1	6.56	754
proofs/obj/var_bits_bitlist_2_generated.bend	0	1	6.57	755
proofs/api/vec_uint8_512_encode_ssz_proof_generated.bend	0	1	6.58	629
proofs/obj/vua.bend	0	1	6.59	679
proofs/obj/vu8.bend	0	1	6.60	751
proofs/obj/var_bits_bitlist_513_generated.bend	0	1	6.61	777
proofs/obj/var_bytesx_ExecutionPayloadHeader_inv_generated.bend	0	1	6.63	814
proofs/obj/var_bits_bitlist_3_rej_generated.bend	0	1	6.64	745
proofs/root_domain_steps.bend	0	1	6.64	556
proofs/gate/g__var_bits_bitlist_17_generated.bend	0	1	6.65	649
proofs/obj/var_bits_bitlist_9_rej_generated.bend	0	1	6.65	748
proofs/codec_composition.bend	0	1	6.67	565
proofs/obj/vvl.bend	0	1	6.67	733
proofs/obj/var_bits_bitlist_5_rej_generated.bend	0	1	6.69	730
proofs/obj/var_codec_Transaction_enc_generated.bend	0	1	6.70	856
proofs/gate/g__spec_grepr_vec_uint256_31_generated.bend	0	1	6.73	606
proofs/api/FuluPendingDeposit_encode_ssz_proof_generated.bend	0	1	6.74	538
proofs/gate/g__var_bits_bitlist_8_rej_generated.bend	0	1	6.74	858
proofs/obj/spec_codec_Deposit_generated.bend	0	1	6.74	650
proofs/obj/var_bits_bitlist_6_rej_generated.bend	0	1	6.74	796
proofs/gate/g__var_bits_bitlist_2_rej_generated.bend	0	1	6.75	772
proofs/obj/spec_grepr_vec_uint128_31_generated.bend	0	1	6.75	575
proofs/obj/spec_wany_NextSyncCommitteeBranch_generated.bend	0	1	6.75	600
proofs/obj/var_bits_bitlist_17_generated.bend	0	1	6.75	661
proofs/obj/var_bits_bitlist_512_generated.bend	0	1	6.75	770
proofs/gate/g__var_bits_bitlist_7_generated.bend	0	1	6.76	773
proofs/obj/var_bits_bitlist_1_generated.bend	0	1	6.77	752
e2e/e2e_gcp_generated.bend	0	1	6.78	850
proofs/codec_leaves.bend	0	1	6.81	526
proofs/gate/g__var_pbits_progbitlist_generated.bend	0	1	6.81	761
proofs/obj/var_bits_bitlist_511_generated.bend	0	1	6.81	791
proofs/obj/var_bits_bitlist_5_generated.bend	0	1	6.82	757
proofs/gate/g__var_bits_bitlist_17_rej_generated.bend	0	1	6.83	784
proofs/obj/valid_names_generated.bend	0	1	6.83	894
proofs/encoding_domain.bend	0	1	6.84	609
proofs/gate/g__var_bits_bitlist_2_generated.bend	0	1	6.85	670
proofs/gate/g__var_bits_bitlist_31_generated.bend	0	1	6.86	640
proofs/gate/g__var_bits_bitlist_512_generated.bend	0	1	6.86	762
proofs/obj/var_bits_bitlist_3_generated.bend	0	1	6.86	650
proofs/obj/var_bits_bitlist_511_rej_generated.bend	0	1	6.86	737
proofs/gate/g__var_bits_bitlist_33_generated.bend	0	1	6.87	755
proofs/api/FuluSigningData_encode_ssz_proof_generated.bend	0	1	6.89	515
proofs/normative_encoding.bend	0	1	6.89	549
proofs/obj/spec_ginput_vec_uint256_31_generated.bend	0	1	6.89	638
proofs/obj/var_bits_bitlist_8_generated.bend	0	1	6.89	781
proofs/gate/g__var_bits_bitlist_15_generated.bend	0	1	6.90	783
proofs/obj/var_bits_bitlist_1_rej_generated.bend	0	1	6.91	638
proofs/obj/var_bits_bitlist_9_generated.bend	0	1	6.92	760
proofs/gate/g__var_bits_bitlist_1_rej_generated.bend	0	1	6.93	756
proofs/gate/g__spec_input_Deposit_generated.bend	0	1	6.94	696
proofs/gate/g__var_bits_bitlist_8_generated.bend	0	1	6.94	761
proofs/gate/g__var_bits_bitlist_513_generated.bend	0	1	6.95	788
proofs/obj/pbits_obj_light.bend	0	1	6.95	793
proofs/obj/vbitc.bend	0	1	6.95	738
proofs/obj/vua_rd.bend	0	1	6.97	802
proofs/obj/root_gtypes_light_generated.bend	0	1	6.99	803
proofs/obj/var_bits_bitlist_31_rej_generated.bend	0	1	6.99	751
proofs/obj/var_bits_bitlist_512_rej_generated.bend	0	1	7.00	804
proofs/gate/g__var_bits_bitlist_31_rej_generated.bend	0	1	7.01	638
proofs/obj/bitlist_rep.bend	0	1	7.03	795
proofs/obj/vua_copy.bend	0	1	7.03	811
proofs/root_relation_leaves.bend	0	1	7.04	506
proofs/gate/g__var_bits_bitlist_513_rej_generated.bend	0	1	7.05	683
proofs/obj/root_gtypes2_light_generated.bend	0	1	7.08	850
proofs/gate/g__var_bits_bitlist_511_rej_generated.bend	0	1	7.09	757
proofs/gate/g__var_bits_bitlist_5_generated.bend	0	1	7.10	749
proofs/obj/root_gnames_light_generated.bend	0	1	7.10	833
proofs/obj/vbx.bend	0	1	7.10	808
proofs/obj/var_bits_bitlist_15_generated.bend	0	1	7.11	765
proofs/obj/vrejp_generated.bend	0	1	7.11	608
proofs/obj/var_bits_bitlist_16_rej_generated.bend	0	1	7.12	745
e2e/e2e_fixdb_generated.bend	0	1	7.13	782
proofs/gate/g__var_bits_bitlist_32_generated.bend	0	1	7.13	685
proofs/obj/var_bits_bitlist_8_rej_generated.bend	0	1	7.13	758
proofs/gate/g__var_bits_bitlist_6_generated.bend	0	1	7.15	817
proofs/obj/spec_repr_Deposit_generated.bend	0	1	7.15	672
e2e/e2e_tz_generated.bend	0	1	7.16	786
proofs/gate/g__var_bits_bitlist_7_rej_generated.bend	0	1	7.16	781
proofs/gate/g__var_bits_bitlist_3_rej_generated.bend	0	1	7.17	735
proofs/gate/g__var_bits_bitlist_6_rej_generated.bend	0	1	7.17	715
proofs/gate/g__var_bits_bitlist_33_rej_generated.bend	0	1	7.18	739
proofs/gate/g__var_bits_bitlist_4_generated.bend	0	1	7.20	760
proofs/gate/g__var_bits_bitlist_9_generated.bend	0	1	7.20	645
proofs/gate/g__spec_ginput_vec_uint256_31_generated.bend	0	1	7.22	649
proofs/gate/g__var_bits_bitlist_16_rej_generated.bend	0	1	7.23	665
proofs/gate/g__var_bits_bitlist_3_generated.bend	0	1	7.23	672
e2e/e2e_drl_l1099511627776_Validator_generated.bend	0	1	7.25	1967
proofs/gate/g__var_bits_bitlist_9_rej_generated.bend	0	1	7.25	681
proofs/gate/g__var_bits_bitlist_16_generated.bend	0	1	7.26	780
proofs/gate/g__var_codec_DataColumnsByRootIdentifier_rej_generated.bend	0	1	7.26	873
proofs/obj/spec_wany_FinalityBranch_generated.bend	0	1	7.26	592
proofs/obj/vwin.bend	0	1	7.26	628
proofs/root_scope.bend	0	1	7.27	536
proofs/type_validator_soundness.bend	0	1	7.27	742
proofs/gate/g__var_bits_bitlist_1_generated.bend	0	1	7.28	770
proofs/obj/vua_sc_generated.bend	0	1	7.28	798
proofs/gate/g__var_bits_bitlist_4_rej_generated.bend	0	1	7.30	755
proofs/obj/gbits_small_light_generated.bend	0	1	7.32	762
proofs/gate/g__var_bits_bitlist_511_generated.bend	0	1	7.34	638
proofs/obj/vadd.bend	0	1	7.35	892
proofs/obj/vrc_generated.bend	0	1	7.35	936
proofs/gate/g__var_bits_bitlist_512_rej_generated.bend	0	1	7.36	783
proofs/obj/gbits_bitvector_513_light_generated.bend	0	1	7.37	761
proofs/obj/var_bytes_ExecutionPayloadHeader_enc_generated.bend	0	1	7.37	1052
proofs/obj/spec_arr_HistoricalBatch_generated.bend	0	1	7.38	978
proofs/obj/vbx2.bend	0	1	7.38	858
proofs/obj/var_codec_IndexedAttestation_generated.bend	0	1	7.39	793
proofs/obj/bitlist_pack_generated.bend	0	1	7.41	806
proofs/gate/g__var_bits_bitlist_5_rej_generated.bend	0	1	7.42	717
proofs/obj/vua_ct.bend	0	1	7.45	832
proofs/obj/vuwf1_bv64_generated.bend	0	1	7.45	916
proofs/value_domain.bend	0	1	7.45	543
proofs/gate/g__spec_repr_Deposit_generated.bend	0	1	7.47	737
proofs/gate/g__var_bits_bitlist_15_rej_generated.bend	0	1	7.47	733
proofs/obj/spec_grepr_vec_uint256_31_generated.bend	0	1	7.47	658
proofs/root_total_steps.bend	0	1	7.52	591
proofs/root_steps.bend	0	1	7.53	564
proofs/obj/sub_vec_uint8_512_generated.bend	0	1	7.54	593
proofs/obj/wbits_obj_light.bend	0	1	7.55	802
proofs/gate/g__var_bits_bitlist_32_rej_generated.bend	0	1	7.58	672
proofs/obj/sub_vec_uint8_513_generated.bend	0	1	7.59	643
proofs/api/FuluMatrixEntry_encode_ssz_proof_generated.bend	0	1	7.62	773
proofs/gate/g__spec_arr_HistoricalBatch_generated.bend	0	1	7.63	835
proofs/obj/var_winp_pl_u64_generated.bend	0	1	7.63	1017
e2e/e2e_rbb_generated.bend	0	1	7.64	1087
proofs/obj/var_codec_DataColumnsByRootIdentifier_rej_generated.bend	0	1	7.67	985
proofs/root_complete_steps.bend	0	1	7.70	572
proofs/api/FuluSingleAttestation_encode_ssz_proof_generated.bend	0	1	7.71	573
proofs/api/FuluHistoricalBatch_encode_ssz_proof_generated.bend	0	1	7.73	977
proofs/obj/bitlist_obj_light.bend	0	1	7.73	781
proofs/compatibility_finite_identity.bend	0	1	7.76	722
proofs/obj/var_winx_l1099511627776_u64_generated.bend	0	1	7.77	1018
proofs/api/FuluSignedBeaconBlockHeader_encode_ssz_proof_generated.bend	0	1	7.83	532
proofs/gate/g__var_codec_IndexedAttestation_generated.bend	0	1	7.84	833
proofs/obj/vuw.bend	0	1	7.84	894
proofs/obj/gbits_bitvector_511_light_generated.bend	0	1	7.86	767
proofs/api/FuluDepositRequest_encode_ssz_proof_generated.bend	0	1	7.91	565
proofs/obj/root_types_light_generated.bend	0	1	7.91	959
proofs/obj/var_winp_pbits_generated.bend	0	1	7.91	977
proofs/obj/prep_setters_generated.bend	0	1	7.92	1134
proofs/gate/g__var_codec_Transaction_enc_generated.bend	0	1	7.94	879
proofs/obj/vua_lay.bend	0	1	7.95	930
proofs/obj/var_winx_l1099511627776_u8_generated.bend	0	1	7.99	980
proofs/gate/g__sub_vec_uint8_513_generated.bend	0	1	8.00	631
proofs/obj/var_codec_DataColumnSidecar_generated.bend	0	1	8.01	852
proofs/api/FuluBytes1_encode_ssz_proof_generated.bend	0	1	8.05	530
proofs/obj/root_state_light_generated.bend	0	1	8.05	1071
proofs/obj/var_bytesx_LightClientFinalityUpdate_inv_generated.bend	0	1	8.06	952
proofs/obj/var_winx_g_bits1281_generated.bend	0	1	8.12	1049
proofs/api/vec_uint8_513_encode_ssz_proof_generated.bend	0	1	8.13	565
proofs/obj/sub_FixedTestStruct_generated.bend	0	1	8.14	592
proofs/obj/var_win_bits131072_generated.bend	0	1	8.15	1053
proofs/api/FuluExecutionPayloadHeader_encode_ssz_proof_generated.bend	0	1	8.16	1050
proofs/obj/var_winx_g_bits5_generated.bend	0	1	8.18	1002
proofs/obj/vuwf1_b4_generated.bend	0	1	8.18	861
proofs/compatibility_complete.bend	0	1	8.19	767
proofs/obj/var_winx_l131072_u64_generated.bend	0	1	8.19	996
proofs/obj/spec_unique_Checkpoint_generated.bend	0	1	8.20	944
proofs/obj/vbitenc.bend	0	1	8.20	1003
proofs/obj/vua_win.bend	0	1	8.20	861
proofs/obj/vuwf1_bv512_generated.bend	0	1	8.20	915
proofs/gate/g__sub_vec_uint8_512_generated.bend	0	1	8.21	643
proofs/obj/vvlr.bend	0	1	8.23	817
e2e/e2e_rbs_generated.bend	0	1	8.25	1062
e2e/e2e_bitv_generated.bend	0	1	8.27	918
proofs/api/FixedTestStruct_encode_ssz_proof_generated.bend	0	1	8.30	587
proofs/obj/vuwf2_b4_generated.bend	0	1	8.32	971
proofs/api/FuluTransaction_encode_ssz_proof_generated.bend	0	1	8.35	840
proofs/obj/vuwf2_generated.bend	0	1	8.38	913
proofs/gate/g__var_bytes_ExecutionPayloadHeader_enc_generated.bend	0	1	8.39	1216
proofs/obj/vrejb_generated.bend	0	1	8.39	918
proofs/gate/g__sub_FixedTestStruct_generated.bend	0	1	8.40	709
proofs/obj/spec_unique_RowIndex_generated.bend	0	1	8.42	920
proofs/obj/var_winx_g_bits256_generated.bend	0	1	8.43	979
proofs/obj/spec_gunique_vec_uint64_4_generated.bend	0	1	8.44	951
proofs/obj/vuw2_generated.bend	0	1	8.44	917
proofs/obj/spec_unique_Ether_generated.bend	0	1	8.45	939
proofs/obj/vuwf1_bv256_generated.bend	0	1	8.45	938
proofs/obj/vuwf1_b48_generated.bend	0	1	8.46	967
proofs/decode_unique.bend	0	1	8.48	762
proofs/obj/spec_unique_CustodyIndex_generated.bend	0	1	8.49	905
proofs/obj/spec_unique_Gwei_generated.bend	0	1	8.49	905
proofs/obj/vuw3_generated.bend	0	1	8.49	931
proofs/obj/vuw1_generated.bend	0	1	8.50	901
proofs/obj/vuwf2_b48_generated.bend	0	1	8.50	926
proofs/obj/spec_unique_SyncAggregatorSelectionData_generated.bend	0	1	8.52	944
e2e/e2e_rb_generated.bend	0	1	8.54	1108
proofs/obj/spec_unique_Epoch_generated.bend	0	1	8.55	920
proofs/decode_image.bend	0	1	8.56	767
proofs/gate/g__spec_gunique_vec_uint32_2_generated.bend	0	1	8.56	941
proofs/obj/spec_unique_G1Point_generated.bend	0	1	8.56	973
proofs/gate/g__spec_gunique_vec_uint32_3_generated.bend	0	1	8.59	949
proofs/obj/spec_unique_KZGCommitment_generated.bend	0	1	8.59	952
proofs/obj/var_winx_l123_u16_generated.bend	0	1	8.59	1018
proofs/obj/var_codec_DataColumnSidecar_acc_generated.bend	0	1	8.60	867
proofs/obj/spec_gunique_vec_uint32_2_generated.bend	0	1	8.61	955
proofs/obj/vuwf3_b96_generated.bend	0	1	8.61	957
e2e/e2e_fixd16_generated.bend	0	1	8.62	987
proofs/obj/spec_unique_PowBlock_generated.bend	0	1	8.62	973
proofs/obj/vuwf2_bv256_generated.bend	0	1	8.62	944
proofs/obj/vuwp2_generated.bend	0	1	8.62	989
proofs/obj/spec_unique_Version_generated.bend	0	1	8.63	924
proofs/obj/var_winx_g_bits1280_generated.bend	0	1	8.64	992
proofs/obj/var_winx_g_bits257_generated.bend	0	1	8.64	1131
proofs/gate/g__spec_unique_SyncAggregatorSelectionData_generated.bend	0	1	8.67	921
proofs/obj/vuwp1_generated.bend	0	1	8.67	1009
proofs/obj/spec_gunique_vec_uint64_1_generated.bend	0	1	8.68	945
proofs/obj/vuwf3_b4_generated.bend	0	1	8.68	960
proofs/obj/spec_unique_WithdrawalIndex_generated.bend	0	1	8.69	947
proofs/obj/vuwf3_bv512_generated.bend	0	1	8.70	888
proofs/obj/spec_gunique_vec_uint32_1_generated.bend	0	1	8.71	936
proofs/obj/vuwf1_b96_generated.bend	0	1	8.71	970
proofs/obj/vuwf3_bv256_generated.bend	0	1	8.72	985
proofs/gate/g__spec_gunique_vec_uint32_1_generated.bend	0	1	8.74	901
proofs/obj/spec_small_generated.bend	0	1	8.75	511
proofs/obj/var_winx_l1024_u16_generated.bend	0	1	8.75	1211
proofs/obj/vuwf3_b48_generated.bend	0	1	8.75	946
proofs/obj/spec_gunique_vec_uint32_3_generated.bend	0	1	8.76	941
proofs/obj/spec_gunique_vec_uint32_5_generated.bend	0	1	8.76	942
proofs/obj/vwc.bend	0	1	8.76	851
proofs/obj/vuwf1_generated.bend	0	1	8.77	941
proofs/obj/vuwk3_generated.bend	0	1	8.77	1063
proofs/obj/spec_unique_BlobIdentifier_generated.bend	0	1	8.81	934
proofs/obj/spec_unique_ValidatorIndex_generated.bend	0	1	8.81	914
proofs/obj/var_bits_enc_bw_generated.bend	0	1	8.81	963
proofs/obj/var_winx_g_bits6_generated.bend	0	1	8.81	1164
proofs/obj/var_winx_l128_u16_generated.bend	0	1	8.81	1165
proofs/obj/vuwf2_bv512_generated.bend	0	1	8.81	933
proofs/obj/vuwk2_generated.bend	0	1	8.81	1012
proofs/gate/g__spec_gunique_vec_uint32_8_generated.bend	0	1	8.82	941
proofs/obj/vuwf2_bv64_generated.bend	0	1	8.82	887
proofs/api/FuluCustodyIndex_decode_ssz_proof_generated.bend	0	1	8.85	1159
proofs/obj/spec_unique_uint256_generated.bend	0	1	8.85	941
proofs/gate/g__spec_unique_ValidatorIndex_generated.bend	0	1	8.87	951
proofs/gate/g__spec_gunique_vec_uint64_2_generated.bend	0	1	8.88	946
proofs/gate/g__spec_unique_VoluntaryExit_generated.bend	0	1	8.88	926
proofs/obj/spec_input_MatrixEntry_generated.bend	0	1	8.88	784
proofs/api/FuluBytes20_decode_ssz_proof_generated.bend	0	1	8.90	1121
proofs/obj/spec_unique_SubnetID_generated.bend	0	1	8.91	927
proofs/gate/g__spec_gunique_vec_uint64_8_generated.bend	0	1	8.92	958
proofs/gate/g__spec_unique_Gwei_generated.bend	0	1	8.92	913
proofs/obj/spec_unique_CommitmentIndex_generated.bend	0	1	8.92	949
proofs/obj/spec_unique_Bytes8_generated.bend	0	1	8.93	920
proofs/obj/vvlb_bl256_generated.bend	0	1	8.94	912
proofs/obj/spec_unique_ColumnIndex_generated.bend	0	1	8.95	907
proofs/obj/spec_unique_CommitteeIndex_generated.bend	0	1	8.95	925
proofs/gate/g__spec_gunique_vec_uint64_3_generated.bend	0	1	8.96	926
proofs/obj/spec_codec_MatrixEntry_generated.bend	0	1	8.98	748
proofs/obj/spec_gunique_vec_uint64_2_generated.bend	0	1	8.98	910
proofs/obj/spec_gunique_vec_uint128_1_generated.bend	0	1	8.99	941
proofs/obj/vuwf3_generated.bend	0	1	8.99	961
proofs/gate/g__spec_gunique_vec_uint64_5_generated.bend	0	1	9.01	928
proofs/gate/g__spec_unique_KZGProof_generated.bend	0	1	9.01	959
proofs/obj/spec_unique_Bytes4_generated.bend	0	1	9.02	933
proofs/obj/spec_unique_uint32_generated.bend	0	1	9.02	896
proofs/api/vec_uint128_1_decode_ssz_proof_generated.bend	0	1	9.03	1131
proofs/obj/spec_gunique_vec_uint64_3_generated.bend	0	1	9.04	952
proofs/obj/spec_unique_Eth1Block_generated.bend	0	1	9.04	937
proofs/obj/vuwf3_bv64_generated.bend	0	1	9.04	981
proofs/gate/g__spec_gunique_vec_uint256_5_generated.bend	0	1	9.05	995
proofs/api/vec_uint32_5_decode_ssz_proof_generated.bend	0	1	9.07	1105
proofs/obj/spec_unique_uint64_generated.bend	0	1	9.07	958
proofs/gate/g__spec_unique_ColumnIndex_generated.bend	0	1	9.08	938
proofs/obj/var_bytes_ExecutionPayloadHeader_win_generated.bend	0	1	9.08	895
proofs/api/vec_uint128_2_decode_ssz_proof_generated.bend	0	1	9.09	1132
proofs/obj/vuwf2_b96_generated.bend	0	1	9.10	957
proofs/api/uint8_encode_ssz_proof_generated.bend	0	1	9.11	495
proofs/obj/spec_unique_VoluntaryExit_generated.bend	0	1	9.11	925
proofs/gate/g__spec_unique_VersionedHash_generated.bend	0	1	9.12	941
proofs/gate/g__spec_unique_CellIndex_generated.bend	0	1	9.13	955
proofs/gate/g__spec_unique_PowBlock_generated.bend	0	1	9.13	956
proofs/obj/spec_gunique_vec_uint32_4_generated.bend	0	1	9.13	926
proofs/obj/spec_unique_Domain_generated.bend	0	1	9.13	919
proofs/obj/spec_unique_WithdrawalRequest_generated.bend	0	1	9.13	1007
proofs/gate/g__spec_gunique_bitvector_32_generated.bend	0	1	9.14	940
proofs/obj/spec_unique_DomainType_generated.bend	0	1	9.14	981
e2e/e2e_u64l_generated.bend	0	1	9.15	1380
proofs/gate/g__spec_unique_SubnetID_generated.bend	0	1	9.15	943
proofs/obj/var_codec_DataColumnSidecar_rej_generated.bend	0	1	9.15	990
proofs/gate/g__spec_gunique_bitvector_512_generated.bend	0	1	9.16	957
proofs/gate/g__spec_gunique_vec_uint256_2_generated.bend	0	1	9.16	947
proofs/gate/g__spec_unique_Withdrawal_generated.bend	0	1	9.16	932
proofs/gate/g__var_codec_DataColumnSidecar_generated.bend	0	1	9.16	796
proofs/obj/spec_unique_DepositMessage_generated.bend	0	1	9.16	966
proofs/obj/spec_unique_BLSToExecutionChange_generated.bend	0	1	9.17	966
proofs/api/vec_uint256_3_decode_ssz_proof_generated.bend	0	1	9.18	1155
proofs/obj/spec_unique_ForkDigest_generated.bend	0	1	9.20	958
proofs/api/FuluCellIndex_decode_ssz_proof_generated.bend	0	1	9.22	1183
proofs/gate/g__spec_gunique_vec_uint64_1_generated.bend	0	1	9.22	931
proofs/obj/spec_gunique_vec_uint32_16_generated.bend	0	1	9.22	941
proofs/obj/spec_unique_G2Point_generated.bend	0	1	9.22	990
proofs/api/vec_uint64_2_decode_ssz_proof_generated.bend	0	1	9.23	1149
proofs/gate/g__spec_gunique_vec_uint32_4_generated.bend	0	1	9.23	906
proofs/gate/g__spec_unique_Epoch_generated.bend	0	1	9.23	949
proofs/gate/g__spec_gunique_vec_uint32_16_generated.bend	0	1	9.27	956
proofs/obj/spec_unique_Root_generated.bend	0	1	9.27	951
proofs/obj/spec_unique_Withdrawal_generated.bend	0	1	9.27	939
proofs/gate/g__spec_unique_Slot_generated.bend	0	1	9.28	943
proofs/gate/g__spec_unique_WithdrawalIndex_generated.bend	0	1	9.28	907
proofs/obj/spec_gunique_vec_uint32_8_generated.bend	0	1	9.28	921
proofs/obj/spec_unique_ForkData_generated.bend	0	1	9.28	896
proofs/obj/var_bits_bitlist_15_unique_generated.bend	0	1	9.28	1176
proofs/gate/g__spec_gunique_vec_uint256_4_generated.bend	0	1	9.29	977
proofs/obj/spec_gunique_bitvector_32_generated.bend	0	1	9.31	945
proofs/obj/spec_unique_HistoricalSummary_generated.bend	0	1	9.31	969
proofs/obj/spec_unique_SignedVoluntaryExit_generated.bend	0	1	9.31	999
proofs/api/vec_uint32_2_decode_ssz_proof_generated.bend	0	1	9.32	1132
proofs/api/vec_uint32_3_decode_ssz_proof_generated.bend	0	1	9.32	1126
proofs/gate/g__spec_gunique_vec_uint128_8_generated.bend	0	1	9.32	980
proofs/obj/var_plist_proglist_uint128_unique_generated.bend	0	1	9.32	1100
proofs/api/vec_uint32_4_decode_ssz_proof_generated.bend	0	1	9.33	1093
proofs/gate/g__spec_unique_Domain_generated.bend	0	1	9.34	942
proofs/gate/g__spec_unique_HistoricalSummary_generated.bend	0	1	9.34	971
proofs/api/FuluParticipationFlags_encode_ssz_proof_generated.bend	0	1	9.35	483
proofs/gate/g__spec_unique_G1Point_generated.bend	0	1	9.35	944
proofs/obj/spec_unique_Fork_generated.bend	0	1	9.35	936
proofs/decode_soundness.bend	0	1	9.38	815
proofs/obj/vvle.bend	0	1	9.38	937
proofs/gate/g__spec_unique_PendingPartialWithdrawal_generated.bend	0	1	9.40	913
proofs/api/FuluBytes48_decode_ssz_proof_generated.bend	0	1	9.41	1148
proofs/gate/g__spec_gunique_vec_uint32_5_generated.bend	0	1	9.41	909
proofs/gate/g__spec_unique_ExecutionAddress_generated.bend	0	1	9.41	924
proofs/api/bitvector_32_decode_ssz_proof_generated.bend	0	1	9.42	1163
proofs/obj/vbx_fix_generated.bend	0	1	9.42	1245
proofs/gate/g__spec_codec_MatrixEntry_generated.bend	0	1	9.43	809
proofs/gate/g__spec_unique_ForkDigest_generated.bend	0	1	9.44	972
proofs/obj/spec_gunique_vec_uint256_1_generated.bend	0	1	9.45	953
proofs/api/FuluCommitmentIndex_decode_ssz_proof_generated.bend	0	1	9.46	1163
proofs/gate/g__spec_unique_CommitmentIndex_generated.bend	0	1	9.46	964
proofs/obj/fixchk_Validator_generated.bend	0	1	9.46	1023
proofs/obj/spec_unique_ConsolidationRequest_generated.bend	0	1	9.46	988
proofs/gate/g__spec_unique_PayloadId_generated.bend	0	1	9.47	928
proofs/obj/spec_unique_SigningData_generated.bend	0	1	9.47	955
proofs/api/vec_uint32_16_decode_ssz_proof_generated.bend	0	1	9.48	1152
proofs/gate/g__spec_unique_CustodyIndex_generated.bend	0	1	9.48	949
proofs/obj/spec_unique_BlobIndex_generated.bend	0	1	9.48	938
proofs/obj/spec_unique_Bytes20_generated.bend	0	1	9.49	947
proofs/obj/spec_unique_Hash32_generated.bend	0	1	9.49	936
proofs/obj/spec_unique_PendingConsolidation_generated.bend	0	1	9.49	934
proofs/api/vec_uint256_512_decode_ssz_proof_generated.bend	0	1	9.50	1213
proofs/obj/spec_unique_CellIndex_generated.bend	0	1	9.50	925
proofs/obj/spec_unique_PendingPartialWithdrawal_generated.bend	0	1	9.50	917
proofs/gate/g__spec_unique_Bytes4_generated.bend	0	1	9.51	938
proofs/gate/g__var_codec_DataColumnSidecar_rej_generated.bend	0	1	9.51	911
proofs/obj/spec_gunique_vec_uint128_5_generated.bend	0	1	9.51	979
proofs/api/vec_uint64_5_decode_ssz_proof_generated.bend	0	1	9.52	1154
proofs/decode_canonical.bend	0	1	9.52	795
e2e/vec_uint32_513_e2e_dec_generated.bend	0	1	9.53	2347
proofs/obj/spec_unique_PayloadId_generated.bend	0	1	9.53	952
proofs/api/FuluBytes96_decode_ssz_proof_generated.bend	0	1	9.54	1113
proofs/gate/g__spec_gunique_vec_uint128_5_generated.bend	0	1	9.54	923
proofs/obj/spec_unique_Slot_generated.bend	0	1	9.54	892
proofs/api/FuluBlobIdentifier_decode_ssz_proof_generated.bend	0	1	9.55	1189
proofs/api/FuluBytes8_decode_ssz_proof_generated.bend	0	1	9.55	1169
proofs/api/FuluCurrentSyncCommitteeBranch_decode_ssz_proof_generated.bend	0	1	9.55	1151
proofs/obj/spec_gunique_vec_uint128_4_generated.bend	0	1	9.55	952
proofs/obj/spec_unique_BLSSignature_generated.bend	0	1	9.55	976
proofs/obj/spec_unique_Eth1Data_generated.bend	0	1	9.55	1000
proofs/gate/g__spec_unique_Ether_generated.bend	0	1	9.56	978
proofs/obj/spec_unique_KZGProof_generated.bend	0	1	9.56	938
proofs/obj/spec_unique_PendingDeposit_generated.bend	0	1	9.57	1031
proofs/api/FuluBytes32_decode_ssz_proof_generated.bend	0	1	9.58	1182
proofs/obj/spec_gunique_vec_uint256_4_generated.bend	0	1	9.58	988
proofs/obj/spec_unique_ExecutionAddress_generated.bend	0	1	9.58	933
proofs/obj/var_winx_bits131072_generated.bend	0	1	9.58	1195
proofs/obj/vvlb_bl1073741824_generated.bend	0	1	9.58	869
proofs/obj/var_plist_proglist_uint64_unique_generated.bend	0	1	9.60	1083
proofs/gate/g__spec_gunique_vec_uint128_2_generated.bend	0	1	9.61	912
proofs/gate/g__spec_unique_NodeID_generated.bend	0	1	9.62	931
proofs/gate/g__spec_unique_PendingConsolidation_generated.bend	0	1	9.62	937
proofs/obj/spec_unique_NodeID_generated.bend	0	1	9.62	923
proofs/obj/vuwp3_generated.bend	0	1	9.62	931
proofs/gate/g__spec_gunique_vec_uint64_4_generated.bend	0	1	9.63	918
proofs/obj/spec_gunique_vec_uint256_2_generated.bend	0	1	9.63	959
proofs/obj/spec_unique_Bytes32_generated.bend	0	1	9.63	925
proofs/gate/g__spec_unique_DepositMessage_generated.bend	0	1	9.64	987
proofs/obj/spec_unique_Bytes48_generated.bend	0	1	9.64	960
proofs/gate/g__spec_gunique_vec_uint256_1_generated.bend	0	1	9.65	937
proofs/obj/var_bits_bitlist_17_unique_generated.bend	0	1	9.65	1223
e2e/vec_uint256_512_e2e_dec_generated.bend	0	1	9.66	2802
proofs/gate/g__spec_gunique_vec_uint256_3_generated.bend	0	1	9.66	963
proofs/gate/g__spec_unique_ForkData_generated.bend	0	1	9.66	942
proofs/gate/g__spec_unique_uint64_generated.bend	0	1	9.66	941
proofs/obj/spec_gunique_vec_uint64_5_generated.bend	0	1	9.66	957
proofs/obj/vvlb_bl32_generated.bend	0	1	9.66	918
proofs/api/vec_uint32_1_decode_ssz_proof_generated.bend	0	1	9.67	1121
proofs/api/vec_uint64_8_decode_ssz_proof_generated.bend	0	1	9.67	1056
proofs/gate/g__spec_unique_Version_generated.bend	0	1	9.67	936
proofs/gate/g__fixchk_Validator_generated.bend	0	1	9.68	1000
proofs/gate/g__spec_unique_DomainType_generated.bend	0	1	9.68	916
proofs/gate/g__spec_unique_SigningData_generated.bend	0	1	9.69	938
proofs/api/FuluSlot_decode_ssz_proof_generated.bend	0	1	9.70	1097
proofs/gate/g__spec_unique_BLSPubkey_generated.bend	0	1	9.70	957
proofs/api/FuluBlobIndex_decode_ssz_proof_generated.bend	0	1	9.71	1106
proofs/gate/g__spec_unique_SyncCommitteeMessage_generated.bend	0	1	9.71	1004
proofs/obj/var_plist_proglist_uint256_unique_generated.bend	0	1	9.72	1122
proofs/api/uint64_decode_ssz_proof_generated.bend	0	1	9.73	1140
proofs/gate/g__spec_gunique_vec_uint32_31_generated.bend	0	1	9.73	975
proofs/gate/g__spec_unique_Root_generated.bend	0	1	9.73	946
proofs/obj/spec_unique_ExecutionBranch_generated.bend	0	1	9.73	979
proofs/api/bitlist_7_decode_ssz_proof_generated.bend	0	1	9.74	1193
proofs/obj/spec_gunique_uint128_generated.bend	0	1	9.74	917
proofs/obj/var_winx_l16_Withdrawal_generated.bend	0	1	9.74	1423
proofs/gate/g__spec_gunique_vec_uint256_16_generated.bend	0	1	9.75	977
proofs/gate/g__spec_unique_BlobIndex_generated.bend	0	1	9.75	920
proofs/api/FuluBytes4_decode_ssz_proof_generated.bend	0	1	9.76	1182
proofs/gate/g__spec_gunique_uint128_generated.bend	0	1	9.76	932
proofs/api/FuluColumnIndex_decode_ssz_proof_generated.bend	0	1	9.77	1134
proofs/gate/g__spec_input_MatrixEntry_generated.bend	0	1	9.77	772
proofs/obj/spec_unique_VersionedHash_generated.bend	0	1	9.77	945
proofs/obj/vuwk1_generated.bend	0	1	9.79	968
proofs/gate/g__fixchk_pad_generated.bend	0	1	9.80	1010
proofs/obj/spec_gunique_vec_uint64_16_generated.bend	0	1	9.80	992
proofs/obj/spec_unique_BeaconBlockHeader_generated.bend	0	1	9.80	986
proofs/decode_top.bend	0	1	9.81	834
proofs/api/vec_uint128_512_decode_ssz_proof_generated.bend	0	1	9.82	1204
proofs/gate/g__spec_unique_Checkpoint_generated.bend	0	1	9.82	923
proofs/obj/spec_repr_small_generated.bend	0	1	9.83	441
proofs/obj/spec_unique_SignedBLSToExecutionChange_generated.bend	0	1	9.83	1006
proofs/obj/var_plist_proglist_uint32_unique_generated.bend	0	1	9.83	1104
proofs/gate/g__spec_unique_G2Point_generated.bend	0	1	9.86	966
proofs/gate/g__spec_unique_SignedVoluntaryExit_generated.bend	0	1	9.86	960
proofs/gate/g__spec_unique_uint32_generated.bend	0	1	9.86	929
proofs/obj/spec_gunique_vec_uint32_31_generated.bend	0	1	9.86	997
proofs/obj/spec_unique_NextSyncCommitteeBranch_generated.bend	0	1	9.86	1007
proofs/api/vec_uint256_16_decode_ssz_proof_generated.bend	0	1	9.87	1213
proofs/api/vec_uint256_1_decode_ssz_proof_generated.bend	0	1	9.87	1096
proofs/obj/spec_gunique_vec_uint256_3_generated.bend	0	1	9.87	976
proofs/api/vec_uint32_8_decode_ssz_proof_generated.bend	0	1	9.88	1123
proofs/gate/g__spec_unique_Hash32_generated.bend	0	1	9.88	919
proofs/obj/spec_unique_SignedBeaconBlockHeader_generated.bend	0	1	9.88	1036
proofs/api/vec_uint64_512_decode_ssz_proof_generated.bend	0	1	9.89	1179
proofs/api/vec_uint32_512_decode_ssz_proof_generated.bend	0	1	9.90	1220
proofs/gate/g__spec_unique_ExecutionBranch_generated.bend	0	1	9.91	978
proofs/api/vec_uint64_1_decode_ssz_proof_generated.bend	0	1	9.92	1124
proofs/gate/g__spec_unique_RowIndex_generated.bend	0	1	9.92	918
proofs/api/vec_uint256_2_decode_ssz_proof_generated.bend	0	1	9.93	1096
proofs/gate/g__spec_small_generated.bend	0	1	9.93	472
proofs/obj/spec_gunique_vec_uint128_3_generated.bend	0	1	9.95	948
proofs/obj/spec_garr_unique_vec_uint64_513_generated.bend	0	1	9.96	1020
proofs/obj/spec_gunique_vec_uint128_8_generated.bend	0	1	9.96	988
proofs/gate/g__spec_unique_uint256_generated.bend	0	1	9.97	922
proofs/gate/g__var_codec_ProgressiveSingleListContainerTestStruct_generated.bend	0	1	9.97	1618
proofs/obj/spec_gunique_vec_uint128_2_generated.bend	0	1	9.97	912
proofs/obj/vbitat.bend	0	1	9.97	1017
proofs/obj/spec_gunique_vec_uint64_8_generated.bend	0	1	9.98	954
e2e/vec_uint256_513_e2e_dec_generated.bend	0	1	9.99	2382
proofs/api/vec_uint128_4_decode_ssz_proof_generated.bend	0	1	9.99	1174
proofs/api/vec_uint128_8_decode_ssz_proof_generated.bend	0	1	9.99	1131
proofs/gate/g__var_codec_DataColumnsByRootIdentifier_unique_generated.bend	0	1	10.00	1292
proofs/obj/vbitcore.bend	0	1	10.01	1013
proofs/api/bitlist_5_decode_ssz_proof_generated.bend	0	1	10.02	1035
proofs/api/bitlist_6_decode_ssz_proof_generated.bend	0	1	10.02	1221
proofs/api/bitlist_8_decode_ssz_proof_generated.bend	0	1	10.03	1080
proofs/gate/g__spec_unique_BlobIdentifier_generated.bend	0	1	10.03	957
proofs/gate/g__spec_unique_KZGCommitment_generated.bend	0	1	10.03	956
proofs/api/vec_uint256_4_decode_ssz_proof_generated.bend	0	1	10.04	1152
proofs/gate/g__spec_gunique_vec_uint128_1_generated.bend	0	1	10.04	912
proofs/obj/spec_unique_CurrentSyncCommitteeBranch_generated.bend	0	1	10.05	1016
proofs/api/vec_uint128_5_decode_ssz_proof_generated.bend	0	1	10.07	1109
proofs/obj/spec_garr_unique_vec_uint32_512_generated.bend	0	1	10.07	998
proofs/api/bitvector_512_decode_ssz_proof_generated.bend	0	1	10.08	1154
proofs/gate/g__spec_unique_Bytes8_generated.bend	0	1	10.08	939
proofs/obj/spec_unique_BLSPubkey_generated.bend	0	1	10.08	921
proofs/obj/var_codec_IndexedAttestation_rej_generated.bend	0	1	10.08	1012
proofs/api/boolean_encode_ssz_proof_generated.bend	0	1	10.09	524
proofs/gate/g__spec_repr_small_generated.bend	0	1	10.09	417
proofs/gate/g__spec_unique_Bytes96_generated.bend	0	1	10.09	959
proofs/gate/g__spec_unique_WithdrawalRequest_generated.bend	0	1	10.09	1022
e2e/vec_uint32_512_e2e_dec_generated.bend	0	1	10.10	2820
proofs/obj/var_bits_bitlist_31_unique_generated.bend	0	1	10.10	1202
proofs/api/bitlist_33_decode_ssz_proof_generated.bend	0	1	10.11	1208
proofs/gate/g__spec_gunique_vec_uint128_4_generated.bend	0	1	10.11	948
proofs/gate/g__spec_unique_Bytes32_generated.bend	0	1	10.11	929
proofs/obj/spec_garr_unique_vec_uint256_512_generated.bend	0	1	10.13	1030
proofs/gate/g__spec_unique_CommitteeIndex_generated.bend	0	1	10.14	934
proofs/gate/g__spec_unique_Eth1Data_generated.bend	0	1	10.14	938
proofs/obj/spec_garr_unique_vec_uint128_513_generated.bend	0	1	10.14	1038
proofs/api/proglist_uint128_decode_ssz_proof_generated.bend	0	1	10.15	1107
proofs/obj/spec_gunique_bitvector_512_generated.bend	0	1	10.15	930
proofs/api/FuluBLSSignature_decode_ssz_proof_generated.bend	0	1	10.17	1173
proofs/gate/g__spec_unique_Bytes48_generated.bend	0	1	10.17	924
proofs/gate/g__spec_unique_Fork_generated.bend	0	1	10.17	929
proofs/gate/g__spec_unique_SyncAggregate_generated.bend	0	1	10.17	1022
proofs/api/vec_uint64_4_decode_ssz_proof_generated.bend	0	1	10.18	1036
e2e/e2e_valid.bend	0	1	10.20	2089
proofs/gate/g__spec_gunique_vec_uint128_3_generated.bend	0	1	10.20	955
proofs/obj/var_winx_l16_WithdrawalRequest_generated.bend	0	1	10.20	1445
proofs/obj/var_winx_l2048_Eth1Data_generated.bend	0	1	10.20	1419
proofs/api/vec_uint128_3_decode_ssz_proof_generated.bend	0	1	10.21	1030
proofs/obj/vvl_l1048576_bl1073741824_generated.bend	0	1	10.21	1018
proofs/api/bitlist_32_decode_ssz_proof_generated.bend	0	1	10.22	1200
proofs/api/progbitlist_decode_ssz_proof_generated.bend	0	1	10.22	1209
proofs/obj/var_bytes_LightClientHeader_enc_generated.bend	0	1	10.22	1246
e2e/vec_uint64_512_e2e_dec_generated.bend	0	1	10.23	2807
proofs/obj/spec_gunique_vec_uint256_16_generated.bend	0	1	10.23	987
proofs/obj/spec_gunique_vec_uint256_5_generated.bend	0	1	10.24	989
proofs/api/FuluEpoch_decode_ssz_proof_generated.bend	0	1	10.26	1186
proofs/api/vec_uint64_3_decode_ssz_proof_generated.bend	0	1	10.27	1105
proofs/gate/g__var_bytes_LightClientHeader_enc_generated.bend	0	1	10.27	1393
proofs/obj/var_bits_enc_bitlist_4_generated.bend	0	1	10.27	1220
proofs/gate/g__spec_unique_Eth1Block_generated.bend	0	1	10.29	926
proofs/obj/vrecx.bend	0	1	10.29	1363
proofs/api/FuluDataColumnsByRootIdentifier_decode_ssz_proof_generated.bend	0	1	10.30	1227
proofs/gate/g__spec_repr_MatrixEntry_generated.bend	0	1	10.30	883
proofs/gate/g__spec_unique_CurrentSyncCommitteeBranch_generated.bend	0	1	10.30	1013
proofs/gate/g__spec_unique_DepositRequest_generated.bend	0	1	10.30	1044
proofs/obj/spec_unique_Bytes96_generated.bend	0	1	10.30	976
proofs/obj/var_pbits_progbitlist_unique_generated.bend	0	1	10.30	1060
proofs/obj/spec_garr_unique_vec_uint64_512_generated.bend	0	1	10.31	993
proofs/gate/g__spec_unique_BLSToExecutionChange_generated.bend	0	1	10.32	1018
proofs/obj/spec_unique_FinalityBranch_generated.bend	0	1	10.32	1005
proofs/obj/spec_unique_AttestationData_generated.bend	0	1	10.33	997
proofs/api/FuluWithdrawal_decode_ssz_proof_generated.bend	0	1	10.34	1142
proofs/gate/g__var_codec_IndexedAttestation_rej_generated.bend	0	1	10.34	1067
proofs/obj/var_bits_bitlist_32_unique_generated.bend	0	1	10.35	1171
proofs/obj/var_winx_l2_ConsolidationRequest_generated.bend	0	1	10.35	1470
proofs/obj/var_winx_l134217728_PendingDeposit_generated.bend	0	1	10.36	1434
proofs/obj/spec_unique_DepositData_generated.bend	0	1	10.37	1024
proofs/gate/g__spec_unique_SignedBeaconBlockHeader_generated.bend	0	1	10.39	1039
proofs/api/FuluVersion_decode_ssz_proof_generated.bend	0	1	10.40	1131
proofs/api/proglist_uint256_decode_ssz_proof_generated.bend	0	1	10.40	1117
proofs/api/uint128_decode_ssz_proof_generated.bend	0	1	10.41	1126
proofs/gate/g__var_bytes_ExecutionPayloadHeader_generated.bend	0	1	10.41	904
proofs/obj/var_bits_bitlist_7_unique_generated.bend	0	1	10.41	1201
proofs/obj/var_bytes_ExecutionPayloadHeader_generated.bend	0	1	10.41	905
proofs/obj/spec_gunique_vec_uint128_16_generated.bend	0	1	10.43	1023
proofs/gate/g__spec_gunique_vec_uint64_16_generated.bend	0	1	10.44	969
proofs/api/FuluRowIndex_decode_ssz_proof_generated.bend	0	1	10.45	1135
proofs/api/bitlist_511_decode_ssz_proof_generated.bend	0	1	10.45	1179
proofs/obj/var_bits_enc_bitlist_32_generated.bend	0	1	10.46	1334
e2e/e2e_comp_generated.bend	0	1	10.47	2199
proofs/gate/g__spec_unique_ConsolidationRequest_generated.bend	0	1	10.47	972
proofs/gate/g__spec_unique_PendingDeposit_generated.bend	0	1	10.47	1045
proofs/obj/var_bits_bitlist_4_unique_generated.bend	0	1	10.47	1186
proofs/obj/var_winx_l8192_DepositRequest_generated.bend	0	1	10.47	1473
proofs/obj/spec_repr_MatrixEntry_generated.bend	0	1	10.48	845
proofs/gate/g__spec_unique_Bytes20_generated.bend	0	1	10.49	926
e2e/vec_uint64_513_e2e_dec_generated.bend	0	1	10.52	2851
proofs/obj/var_winx_l134217728_PendingPartialWithdrawal_generated.bend	0	1	10.53	1533
proofs/api/vec_uint256_5_decode_ssz_proof_generated.bend	0	1	10.54	1185
proofs/gate/g__spec_garr_unique_vec_uint64_512_generated.bend	0	1	10.54	973
proofs/gate/g__var_plist_proglist_uint256_unique_generated.bend	0	1	10.54	1108
proofs/obj/spec_unique_DepositRequest_generated.bend	0	1	10.54	1016
proofs/obj/var_bits_bitlist_2_unique_generated.bend	0	1	10.54	1170
proofs/obj/spec_unique_SyncCommitteeContribution_generated.bend	0	1	10.55	1223
proofs/obj/var_plist_proglist_uint8_enc_generated.bend	0	1	10.55	1764
proofs/obj/fixchk_pad_generated.bend	0	1	10.56	889
proofs/api/vec_uint32_31_decode_ssz_proof_generated.bend	0	1	10.57	1196
proofs/gate/g__var_plist_proglist_bool_top_generated.bend	0	1	10.57	1590
proofs/obj/spec_unique_SignedContributionAndProof_generated.bend	0	1	10.58	1257
proofs/obj/var_codec_IndexedAttestation_win_generated.bend	0	1	10.58	865
proofs/api/FuluExecutionBranch_decode_ssz_proof_generated.bend	0	1	10.59	1348
proofs/api/proglist_uint64_decode_ssz_proof_generated.bend	0	1	10.59	1127
proofs/gate/g__spec_unique_BLSSignature_generated.bend	0	1	10.59	968
proofs/obj/var_bits_bitlist_8_unique_generated.bend	0	1	10.59	1215
proofs/obj/var_bits_enc_bitlist_31_generated.bend	0	1	10.59	1345
proofs/api/bitlist_4_decode_ssz_proof_generated.bend	0	1	10.60	1172
proofs/obj/spec_unique_SyncCommitteeMessage_generated.bend	0	1	10.60	999
proofs/obj/var_codec_DataColumnsByRootIdentifier_unique_generated.bend	0	1	10.60	1267
proofs/obj/var_winx_l16777216_b32_generated.bend	0	1	10.60	1574
proofs/gate/g__spec_garr_unique_vec_uint256_512_generated.bend	0	1	10.61	1011
proofs/gate/g__spec_unique_SignedBLSToExecutionChange_generated.bend	0	1	10.61	1021
proofs/gate/g__spec_unique_SyncCommitteeContribution_generated.bend	0	1	10.61	1005
proofs/obj/var_plist_proglist_bool_enc_generated.bend	0	1	10.63	1724
proofs/api/bitlist_17_decode_ssz_proof_generated.bend	0	1	10.66	1195
proofs/obj/var_bits_enc_bitlist_3_generated.bend	0	1	10.66	1306
proofs/obj/spec_unique_SyncAggregate_generated.bend	0	1	10.67	1170
proofs/obj/var_plist_proglist_uint16_enc_generated.bend	0	1	10.67	1611
proofs/obj/var_winx_l16_SignedVoluntaryExit_generated.bend	0	1	10.67	1473
proofs/obj/var_plist_proglist_uint8_top_generated.bend	0	1	10.69	1595
proofs/gate/g__var_plist_proglist_uint32_unique_generated.bend	0	1	10.70	1089
proofs/api/vec_uint32_513_decode_ssz_proof_generated.bend	0	1	10.71	1203
proofs/api/FuluNextSyncCommitteeBranch_decode_ssz_proof_generated.bend	0	1	10.73	1149
proofs/obj/var_bits_enc_bitlist_511_generated.bend	0	1	10.73	1163
proofs/api/bitlist_512_decode_ssz_proof_generated.bend	0	1	10.74	1183
proofs/gate/g__spec_garr_unique_vec_uint64_513_generated.bend	0	1	10.75	1018
proofs/gate/g__var_codec_DataColumnSidecar_acc_generated.bend	0	1	10.75	960
proofs/obj/var_winx_l16_SignedBLSToExecutionChange_generated.bend	0	1	10.75	1489
proofs/gate/g__var_plist_proglist_uint64_unique_generated.bend	0	1	10.76	1099
proofs/api/FuluKZGProof_decode_ssz_proof_generated.bend	0	1	10.78	1063
proofs/gate/g__spec_unique_NextSyncCommitteeBranch_generated.bend	0	1	10.78	1009
proofs/api/FuluNodeID_decode_ssz_proof_generated.bend	0	1	10.79	1258
proofs/api/bitlist_16_decode_ssz_proof_generated.bend	0	1	10.79	1229
proofs/api/FuluG1Point_decode_ssz_proof_generated.bend	0	1	10.80	1119
proofs/gate/g__spec_unique_FinalityBranch_generated.bend	0	1	10.80	1009
proofs/obj/spec_unique_ProposerSlashing_generated.bend	0	1	10.82	1097
proofs/obj/var_plist_proglist_bool_top_generated.bend	0	1	10.82	1822
proofs/obj/var_winx_l262144_PendingConsolidation_generated.bend	0	1	10.82	1413
proofs/gate/g__spec_gunique_vec_uint64_31_generated.bend	0	1	10.84	1022
proofs/obj/spec_garr_unique_vec_uint32_513_generated.bend	0	1	10.84	987
proofs/gate/g__spec_unique_AttestationData_generated.bend	0	1	10.85	1008
proofs/obj/var_codec_IndexedAttestation_enc_generated.bend	0	1	10.85	882
proofs/obj/var_winp_u16_generated.bend	0	1	10.85	1754
proofs/obj/vbitdl.bend	0	1	10.85	1015
proofs/obj/var_bits_bitlist_5_unique_generated.bend	0	1	10.86	1200
proofs/api/uint32_decode_ssz_proof_generated.bend	0	1	10.88	1197
proofs/gate/g__var_bits_bitlist_9_unique_generated.bend	0	1	10.88	1185
proofs/obj/vfx_v6_b32_generated.bend	0	1	10.88	2018
proofs/gate/g__spec_garr_unique_vec_uint32_512_generated.bend	0	1	10.90	967
proofs/obj/var_bits_bitlist_513_unique_generated.bend	0	1	10.90	1057
proofs/obj/var_bits_bitlist_6_unique_generated.bend	0	1	10.90	1203
proofs/obj/vuwg_bv257_generated.bend	0	1	10.90	1432
proofs/obj/var_bits_enc_bitlist_5_generated.bend	0	1	10.91	1306
proofs/api/FuluLightClientHeader_encode_ssz_proof_generated.bend	0	1	10.92	1160
proofs/gate/g__spec_unique_SignedContributionAndProof_generated.bend	0	1	10.92	1077
proofs/obj/spec_garr_unique_vec_uint128_512_generated.bend	0	1	10.92	1155
proofs/obj/var_bits_bitlist_3_unique_generated.bend	0	1	10.92	1206
proofs/obj/var_bits_bitlist_9_unique_generated.bend	0	1	10.92	1174
proofs/api/FuluVersionedHash_decode_ssz_proof_generated.bend	0	1	10.95	1234
proofs/gate/g__spec_gunique_vec_uint128_16_generated.bend	0	1	10.96	1015
proofs/obj/var_bits_bitlist_33_unique_generated.bend	0	1	10.96	1210
proofs/obj/vbitb.bend	0	1	10.97	1362
proofs/api/proglist_uint32_decode_ssz_proof_generated.bend	0	1	10.98	1138
proofs/gate/g__fixchk_boolg_generated.bend	0	1	10.98	1545
proofs/gate/g__var_bits_bitlist_512_unique_generated.bend	0	1	10.98	1183
proofs/obj/var_bits_bitlist_16_unique_generated.bend	0	1	10.98	1182
proofs/obj/var_bits_enc_bitlist_6_generated.bend	0	1	10.99	1264
e2e/e2e_vl_l16_WithdrawalRequest_generated.bend	0	1	11.02	1752
proofs/api/FuluDomainType_decode_ssz_proof_generated.bend	0	1	11.02	1140
proofs/api/vec_uint256_8_decode_ssz_proof_generated.bend	0	1	11.02	1191
proofs/obj/spec_gunique_vec_uint256_8_generated.bend	0	1	11.02	1026
proofs/api/FuluContributionAndProof_decode_ssz_proof_generated.bend	0	1	11.05	1326
proofs/obj/encx_l1048576_bl1073741824_generated.bend	0	1	11.05	1460
proofs/obj/vpos32.bend	0	1	11.06	1544
proofs/gate/g__fixchk_boolf_generated.bend	0	1	11.07	1515
proofs/obj/var_bits_bitlist_511_unique_generated.bend	0	1	11.07	1174
proofs/api/bitlist_1_decode_ssz_proof_generated.bend	0	1	11.08	1243
proofs/api/bitlist_9_decode_ssz_proof_generated.bend	0	1	11.08	1221
proofs/gate/g__var_bits_bitlist_16_unique_generated.bend	0	1	11.08	1212
e2e/e2e_vl_l262144_PendingConsolidation_generated.bend	0	1	11.09	1934
proofs/obj/var_bits_enc_bitlist_33_generated.bend	0	1	11.09	1269
proofs/obj/spec_unique_SingleAttestation_generated.bend	0	1	11.10	1266
proofs/obj/var_bits_enc_bitlist_9_generated.bend	0	1	11.10	1224
proofs/api/bitlist_15_decode_ssz_proof_generated.bend	0	1	11.11	1178
proofs/obj/vfx_bv4_generated.bend	0	1	11.11	2017
proofs/gate/g__spec_arr_unique_Blob_generated.bend	0	1	11.12	1514
proofs/gate/g__spec_arr_unique_SyncCommittee_generated.bend	0	1	11.12	1152
proofs/gate/g__spec_unique_BeaconBlockHeader_generated.bend	0	1	11.12	990
proofs/obj/spec_gunique_vec_uint64_31_generated.bend	0	1	11.12	1021
proofs/obj/var_plist_proglist_uint16_top_generated.bend	0	1	11.12	1576
proofs/obj/vua_fix_generated.bend	0	1	11.12	1297
proofs/api/bitlist_513_encode_ssz_proof_generated.bend	0	1	11.13	1298
proofs/gate/g__var_plist_proglist_uint128_unique_generated.bend	0	1	11.13	1043
proofs/gate/g__var_bits_bitlist_7_unique_generated.bend	0	1	11.14	1177
proofs/api/bitlist_4_encode_ssz_proof_generated.bend	0	1	11.15	1269
proofs/api/uint256_decode_ssz_proof_generated.bend	0	1	11.15	1075
proofs/gate/g__var_codec_IndexedAttestation_enc_generated.bend	0	1	11.15	910
e2e/e2e_plist_generated.bend	0	1	11.16	1738
proofs/api/bitlist_513_decode_ssz_proof_generated.bend	0	1	11.16	1172
proofs/api/FuluExecutionAddress_decode_ssz_proof_generated.bend	0	1	11.18	1237
proofs/api/FuluWithdrawalIndex_decode_ssz_proof_generated.bend	0	1	11.18	1120
proofs/gate/g__var_bits_bitlist_32_unique_generated.bend	0	1	11.18	1158
proofs/obj/var_pbits_progbitlist_enc_generated.bend	0	1	11.18	1281
proofs/api/bitlist_2_decode_ssz_proof_generated.bend	0	1	11.19	1202
proofs/api/vec_uint64_513_decode_ssz_proof_generated.bend	0	1	11.19	1091
proofs/obj/var_bits_enc_bitlist_7_generated.bend	0	1	11.19	1329
proofs/obj/var_codec_ProgressiveSingleListContainerTestStruct_generated.bend	0	1	11.19	1686
proofs/obj/var_winx_l16777216_HistoricalSummary_generated.bend	0	1	11.19	1447
proofs/api/FuluSubnetID_decode_ssz_proof_generated.bend	0	1	11.20	1273
proofs/gate/g__spec_gunique_vec_uint256_8_generated.bend	0	1	11.20	1028
proofs/api/FuluKZGCommitment_decode_ssz_proof_generated.bend	0	1	11.21	1151
proofs/gate/g__spec_garr_unique_vec_uint32_513_generated.bend	0	1	11.21	1186
proofs/obj/spec_unique_ContributionAndProof_generated.bend	0	1	11.21	1236
proofs/api/FuluGwei_decode_ssz_proof_generated.bend	0	1	11.23	1188
proofs/gate/g__var_bits_enc_bitlist_33_generated.bend	0	1	11.23	1373
proofs/obj/fixchk_boolf_generated.bend	0	1	11.23	1495
proofs/obj/var_bits_bitlist_1_unique_generated.bend	0	1	11.23	1194
proofs/obj/var_bits_enc_bitlist_1_generated.bend	0	1	11.23	1240
proofs/gate/g__spec_garr_unique_vec_uint128_512_generated.bend	0	1	11.24	1139
proofs/obj/var_winp_bool_generated.bend	0	1	11.24	1647
proofs/obj/vfx_v7_b32_generated.bend	0	1	11.24	1811
proofs/gate/g__var_pbits_progbitlist_unique_generated.bend	0	1	11.25	1174
proofs/api/FuluConsolidationRequest_decode_ssz_proof_generated.bend	0	1	11.26	1296
proofs/api/FuluPowBlock_decode_ssz_proof_generated.bend	0	1	11.27	1145
proofs/api/bitlist_32_encode_ssz_proof_generated.bend	0	1	11.28	1376
proofs/api/bitlist_512_encode_ssz_proof_generated.bend	0	1	11.28	1269
proofs/obj/var_bits_enc_bitlist_17_generated.bend	0	1	11.28	1365
proofs/obj/vbitrep.bend	0	1	11.28	1269
proofs/api/FuluHash32_decode_ssz_proof_generated.bend	0	1	11.29	1214
proofs/api/vec_uint128_513_decode_ssz_proof_generated.bend	0	1	11.30	1089
proofs/api/vec_uint64_16_decode_ssz_proof_generated.bend	0	1	11.32	1144
proofs/api/bitlist_31_decode_ssz_proof_generated.bend	0	1	11.33	1240
proofs/gate/g__var_bits_bitlist_513_unique_generated.bend	0	1	11.34	1180
proofs/gate/g__spec_unique_ContributionAndProof_generated.bend	0	1	11.35	1034
proofs/gate/g__var_bits_bitlist_31_unique_generated.bend	0	1	11.37	1182
e2e/e2e_vl_l134217728_PendingPartialWithdrawal_generated.bend	0	1	11.39	1878
proofs/obj/encx_l128_u16_d_generated.bend	0	1	11.39	1555
proofs/obj/var_bits_bitlist_512_unique_generated.bend	0	1	11.39	1181
proofs/obj/vfx_v64_u64_generated.bend	0	1	11.39	1722
proofs/api/FuluBeaconBlockHeader_decode_ssz_proof_generated.bend	0	1	11.40	1147
proofs/api/bitlist_511_encode_ssz_proof_generated.bend	0	1	11.40	1318
proofs/gate/g__var_plist_proglist_uint8_enc_generated.bend	0	1	11.40	1882
proofs/obj/vbitinv.bend	0	1	11.40	1273
proofs/api/proglist_uint16_encode_ssz_proof_generated.bend	0	1	11.41	1608
proofs/gate/g__var_bits_enc_bitlist_2_generated.bend	0	1	11.41	1307
proofs/obj/spec_arr_unique_SyncCommittee_generated.bend	0	1	11.41	1241
proofs/obj/var_winx_l4096_b48_generated.bend	0	1	11.41	1495
proofs/gate/g__var_bits_bitlist_33_unique_generated.bend	0	1	11.42	1213
proofs/gate/g__var_bits_bitlist_5_unique_generated.bend	0	1	11.42	1181
proofs/obj/var_bits_enc_bitlist_512_generated.bend	0	1	11.42	1181
e2e/vec_uint8_8_e2e_ser_generated.bend	0	1	11.43	3175
e2e/e2e_vl_l16_Withdrawal_generated.bend	0	1	11.45	1800
proofs/obj/spec_gunique_vec_uint128_31_generated.bend	0	1	11.45	1062
proofs/api/FuluVoluntaryExit_decode_ssz_proof_generated.bend	0	1	11.46	1116
proofs/api/vec_uint128_16_decode_ssz_proof_generated.bend	0	1	11.46	1139
proofs/api/vec_uint256_513_decode_ssz_proof_generated.bend	0	1	11.46	1132
proofs/gate/g__spec_garr_unique_vec_uint128_513_generated.bend	0	1	11.46	1024
proofs/gate/g__var_bits_enc_bitlist_512_generated.bend	0	1	11.46	1328
proofs/obj/vuwg_bv256_generated.bend	0	1	11.46	1483
proofs/obj/vfx_BeaconBlockHeader_generated.bend	0	1	11.47	1941
proofs/api/FuluG2Point_decode_ssz_proof_generated.bend	0	1	11.48	1166
proofs/api/bitlist_16_encode_ssz_proof_generated.bend	0	1	11.48	1278
proofs/gate/g__spec_garr_unique_vec_uint256_513_generated.bend	0	1	11.49	1046
proofs/gate/g__var_bits_bitlist_2_unique_generated.bend	0	1	11.49	1172
proofs/obj/var_win_Attestation_generated.bend	0	1	11.49	1190
proofs/obj/var_bits_enc_pad_generated.bend	0	1	11.50	1384
proofs/obj/var_winx_ExecutionRequests_generated.bend	0	1	11.51	1476
proofs/api/bitlist_7_encode_ssz_proof_generated.bend	0	1	11.52	1379
proofs/gate/g__var_plist_proglist_bool_enc_generated.bend	0	1	11.52	1591
proofs/obj/var_rlenc_ExecutionRequests_generated.bend	0	1	11.52	1347
proofs/api/bitlist_9_encode_ssz_proof_generated.bend	0	1	11.53	1258
proofs/obj/spec_garr_unique_vec_uint256_513_generated.bend	0	1	11.53	1050
proofs/gate/g__var_bits_bitlist_15_unique_generated.bend	0	1	11.55	1171
e2e/bitvector_16_e2e_ser_generated.bend	0	1	11.56	2644
proofs/obj/var_bits_enc_bitlist_513_generated.bend	0	1	11.56	1271
e2e/vec_uint8_2_e2e_ser_generated.bend	0	1	11.57	3161
proofs/gate/g__var_bits_enc_bitlist_17_generated.bend	0	1	11.57	1389
proofs/gate/g__var_plist_proglist_uint8_top_generated.bend	0	1	11.57	1565
proofs/obj/mtree_spec.bend	0	1	11.57	921
proofs/gate/g__var_bits_bitlist_6_unique_generated.bend	0	1	11.59	1191
proofs/obj/vuwv_b32_generated.bend	0	1	11.60	1379
proofs/obj/vuwv_v64_u64_generated.bend	0	1	11.60	1323
e2e/vec_uint8_5_e2e_ser_generated.bend	0	1	11.62	3126
proofs/api/FuluRoot_decode_ssz_proof_generated.bend	0	1	11.62	1139
proofs/gate/g__var_bits_bitlist_8_unique_generated.bend	0	1	11.62	1164
e2e/vec_uint8_4_e2e_ser_generated.bend	0	1	11.63	3142
proofs/api/bitlist_1_encode_ssz_proof_generated.bend	0	1	11.63	1282
proofs/fulu_serialization_inventory.bend	0	1	11.63	637
proofs/gate/g__spec_unique_DepositData_generated.bend	0	1	11.63	1219
proofs/obj/encx_bl256_generated.bend	0	1	11.63	1548
proofs/gate/g__spec_unique_SingleAttestation_generated.bend	0	1	11.64	1039
proofs/obj/var_codec_DataColumnSidecar_unique_generated.bend	0	1	11.64	1169
proofs/obj/vcont.bend	0	1	11.64	1537
proofs/obj/vfx_Checkpoint_generated.bend	0	1	11.64	1693
proofs/obj/vfx_Eth1Data_generated.bend	0	1	11.65	2068
proofs/api/FuluCommitteeIndex_decode_ssz_proof_generated.bend	0	1	11.66	1198
proofs/obj/var_bits_enc_bitlist_15_generated.bend	0	1	11.66	1235
e2e/ser_e2e_uintdom_generated.bend	0	1	11.67	2483
proofs/api/FuluIndexedAttestation_encode_ssz_proof_generated.bend	0	1	11.67	868
proofs/obj/spec_arr_unique_Blob_generated.bend	0	1	11.67	1490
e2e/vec_uint8_1_e2e_ser_generated.bend	0	1	11.68	2901
proofs/gate/g__var_bits_bitlist_511_unique_generated.bend	0	1	11.69	1183
proofs/obj/vfx_b32_generated.bend	0	1	11.69	1844
proofs/obj/vfx_u32_generated.bend	0	1	11.69	1813
proofs/obj/vuwv_b256_generated.bend	0	1	11.69	1450
e2e/boolean_e2e_ser_generated.bend	0	1	11.70	2646
e2e/vec_uint8_31_e2e_ser_generated.bend	0	1	11.70	3195
proofs/obj/vfx_v8192_b32_generated.bend	0	1	11.70	1804
proofs/obj/vuwv_u256_generated.bend	0	1	11.70	1228
e2e/bitvector_1_e2e_ser_generated.bend	0	1	11.71	2516
proofs/api/FuluBLSToExecutionChange_decode_ssz_proof_generated.bend	0	1	11.72	1260
proofs/obj/var_bytes_LightClientOptimisticUpdate_enc_generated.bend	0	1	11.73	1438
proofs/obj/vuwd.bend	0	1	11.73	1377
proofs/gate/g__var_bits_enc_bitlist_511_generated.bend	0	1	11.74	1337
proofs/api/FuluSignedVoluntaryExit_decode_ssz_proof_generated.bend	0	1	11.75	1135
proofs/obj/var_winx_IndexedAttestation_generated.bend	0	1	11.75	1922
proofs/obj/vuwv_b4_generated.bend	0	1	11.75	1326
proofs/obj/vuwv_bv4_generated.bend	0	1	11.75	1314
proofs/api/FuluPendingPartialWithdrawal_decode_ssz_proof_generated.bend	0	1	11.76	1218
proofs/gate/g__var_bits_enc_bitlist_32_generated.bend	0	1	11.76	1271
proofs/obj/var_bits_enc_bitlist_16_generated.bend	0	1	11.76	1274
proofs/obj/var_winx_ProgressiveSingleListContainerTestStruct_generated.bend	0	1	11.76	1575
proofs/obj/vfx_bv256_generated.bend	0	1	11.77	2038
proofs/api/FuluPayloadId_decode_ssz_proof_generated.bend	0	1	11.78	1225
proofs/gate/g__var_bits_enc_bitlist_3_generated.bend	0	1	11.78	1413
proofs/obj/var_bytes_LightClientHeader_win_generated.bend	0	1	11.78	983
e2e/e2e_vl_l16_SignedVoluntaryExit_generated.bend	0	1	11.79	1783
proofs/obj/fixchk_boolg_generated.bend	0	1	11.79	1425
proofs/obj/vuwv_v65536_b32_generated.bend	0	1	11.80	1359
proofs/api/FuluBlob_decode_ssz_proof_generated.bend	0	1	11.81	1360
proofs/obj/encx_ExecutionRequests_generated.bend	0	1	11.82	1567
e2e/e2e_vl_l2048_Eth1Data_generated.bend	0	1	11.83	1637
proofs/api/FuluSyncAggregatorSelectionData_decode_ssz_proof_generated.bend	0	1	11.83	1127
proofs/gate/g__var_plist_proglist_uint16_enc_generated.bend	0	1	11.83	1734
proofs/obj/vuwv_b48_generated.bend	0	1	11.83	1370
proofs/obj/vuwv_bv512_generated.bend	0	1	11.83	1314
proofs/obj/var_bits_enc_bitlist_2_generated.bend	0	1	11.84	1229
e2e/vec_uint8_3_e2e_ser_generated.bend	0	1	11.88	2900
proofs/api/bitlist_17_encode_ssz_proof_generated.bend	0	1	11.88	1347
proofs/gate/g__var_pbits_progbitlist_enc_generated.bend	0	1	11.88	1159
proofs/gate/g__var_plist_proglist_uint16_top_generated.bend	0	1	11.88	1642
proofs/api/FuluEth1Block_decode_ssz_proof_generated.bend	0	1	11.89	1133
proofs/api/vec_uint128_31_decode_ssz_proof_generated.bend	0	1	11.89	1218
proofs/obj/encx_pl_u64_generated.bend	0	1	11.89	1806
proofs/obj/vfx_u16_generated.bend	0	1	11.90	1824
e2e/bitvector_2_e2e_ser_generated.bend	0	1	11.91	2593
proofs/obj/var_winp_u8_generated.bend	0	1	11.91	1616
proofs/obj/vfx_SyncCommittee_generated.bend	0	1	11.91	1760
proofs/gate/g__var_bits_bitlist_17_unique_generated.bend	0	1	11.93	1222
proofs/api/bitlist_3_decode_ssz_proof_generated.bend	0	1	11.94	1230
proofs/gate/g__var_bits_enc_bitlist_1_generated.bend	0	1	11.94	1164
proofs/gate/g__var_bits_enc_bitlist_6_generated.bend	0	1	11.94	1380
proofs/api/bitlist_33_encode_ssz_proof_generated.bend	0	1	11.95	1288
proofs/api/FuluFork_decode_ssz_proof_generated.bend	0	1	11.96	1226
proofs/obj/vuwg_bv1280_generated.bend	0	1	11.96	1330
proofs/api/FuluSyncCommittee_decode_ssz_proof_generated.bend	0	1	11.98	1248
proofs/api/FuluWithdrawalRequest_decode_ssz_proof_generated.bend	0	1	11.98	1213
proofs/gate/g__var_bits_enc_bitlist_4_generated.bend	0	1	11.98	1355
proofs/obj/encx_bl256_d_generated.bend	0	1	11.98	1561
proofs/obj/var_codec_DataColumnSidecar_enc_generated.bend	0	1	11.98	1402
e2e/vec_uint8_16_e2e_ser_generated.bend	0	1	11.99	3064
proofs/obj/vuwv_bv64_generated.bend	0	1	11.99	1367
e2e/bitvector_33_e2e_ser_generated.bend	0	1	12.00	2570
proofs/api/vec_uint16_513_encode_ssz_proof_generated.bend	0	1	12.00	671
proofs/obj/var_winx_AttesterSlashing_generated.bend	0	1	12.00	1665
proofs/api/FuluBLSPubkey_decode_ssz_proof_generated.bend	0	1	12.02	1294
proofs/api/FuluValidatorIndex_decode_ssz_proof_generated.bend	0	1	12.02	1154
proofs/api/FuluDepositMessage_decode_ssz_proof_generated.bend	0	1	12.03	1141
proofs/gate/g__var_bits_enc_bitlist_15_generated.bend	0	1	12.04	1335
e2e/bitvector_7_e2e_ser_generated.bend	0	1	12.05	2571
proofs/api/FuluPendingConsolidation_decode_ssz_proof_generated.bend	0	1	12.05	1210
proofs/obj/vfx_v8192_u64_generated.bend	0	1	12.05	1899
proofs/obj/vfxg_generated.bend	0	1	12.05	2207
proofs/api/vec_uint16_4_decode_ssz_proof_generated.bend	0	1	12.06	1585
proofs/api/bitlist_5_encode_ssz_proof_generated.bend	0	1	12.07	1328
proofs/gate/g__var_bits_enc_bitlist_16_generated.bend	0	1	12.07	1323
proofs/obj/encx_l1099511627776_u64_d_generated.bend	0	1	12.07	1513
proofs/api/bitlist_31_encode_ssz_proof_generated.bend	0	1	12.08	1366
proofs/obj/spec_unique_Cell_generated.bend	0	1	12.08	1127
proofs/api/FuluSignedContributionAndProof_decode_ssz_proof_generated.bend	0	1	12.10	1290
proofs/api/vec_uint16_512_encode_ssz_proof_generated.bend	0	1	12.10	676
proofs/gate/g__var_bits_bitlist_3_unique_generated.bend	0	1	12.10	1173
proofs/obj/vuwv_b96_generated.bend	0	1	12.12	1375
e2e/e2e_vl_l8192_DepositRequest_generated.bend	0	1	12.13	1896
proofs/gate/g__var_bytes_LightClientOptimisticUpdate_enc_generated.bend	0	1	12.13	1492
proofs/obj/encx_pl_u64_d_generated.bend	0	1	12.14	1555
proofs/api/FuluFinalityBranch_decode_ssz_proof_generated.bend	0	1	12.16	1213
e2e/e2e_vl_l2_ConsolidationRequest_generated.bend	0	1	12.17	1795
e2e/vec_uint128_512_e2e_dec_generated.bend	0	1	12.18	2805
proofs/api/FuluDepositData_decode_ssz_proof_generated.bend	0	1	12.18	1315
proofs/obj/encx_l1099511627776_u64_generated.bend	0	1	12.18	1584
proofs/obj/sub_vec_uint16_512_generated.bend	0	1	12.18	611
e2e/bitvector_15_e2e_ser_generated.bend	0	1	12.19	3027
e2e/bitvector_3_e2e_ser_generated.bend	0	1	12.19	2687
e2e/e2e_vl_l134217728_PendingDeposit_generated.bend	0	1	12.19	1977
proofs/gate/g__spec_gunique_vec_uint256_31_generated.bend	0	1	12.21	1377
proofs/gate/g__var_codec_DataColumnSidecar_enc_generated.bend	0	1	12.22	1401
proofs/api/FuluCheckpoint_decode_ssz_proof_generated.bend	0	1	12.25	1250
proofs/api/bitlist_15_encode_ssz_proof_generated.bend	0	1	12.25	1321
proofs/gate/g__spec_unique_ProposerSlashing_generated.bend	0	1	12.27	1269
proofs/obj/vfx_v65536_b32_generated.bend	0	1	12.27	1925
e2e/bitvector_9_e2e_ser_generated.bend	0	1	12.28	2718
proofs/gate/g__var_bits_enc_bitlist_5_generated.bend	0	1	12.28	1302
proofs/obj/var_bits_enc_bitlist_8_generated.bend	0	1	12.28	1265
proofs/api/FuluProposerSlashing_decode_ssz_proof_generated.bend	0	1	12.29	1287
proofs/obj/sub_unique_vec_bool_4_generated.bend	0	1	12.29	1450
proofs/obj/vfx_Fork_generated.bend	0	1	12.29	2026
e2e/bitvector_5_e2e_ser_generated.bend	0	1	12.34	3155
proofs/api/progbitlist_encode_ssz_proof_generated.bend	0	1	12.35	1274
proofs/obj/encx_l1099511627776_u8_d_generated.bend	0	1	12.35	1633
proofs/obj/vfx_u64_generated.bend	0	1	12.35	1778
proofs/obj/vfx_bv1281_generated.bend	0	1	12.36	1834
proofs/obj/encx_l2048_Eth1Data_generated.bend	0	1	12.37	1781
e2e/bitvector_31_e2e_ser_generated.bend	0	1	12.38	2896
e2e/bitvector_513_e2e_ser_generated.bend	0	1	12.38	2592
proofs/obj/var_codec_CompatibleUnionBC_generated.bend	0	1	12.38	2289
e2e/bitvector_8_e2e_ser_generated.bend	0	1	12.39	3042
proofs/obj/encx_recs_generated.bend	0	1	12.39	1365
proofs/obj/spec_gunique_vec_uint256_31_generated.bend	0	1	12.40	1124
proofs/api/bitlist_3_encode_ssz_proof_generated.bend	0	1	12.41	1343
proofs/obj/encx_l131072_u64_generated.bend	0	1	12.42	1564
proofs/api/vec_uint16_8_decode_ssz_proof_generated.bend	0	1	12.44	1659
proofs/obj/vedge_generated.bend	0	1	12.44	2291
proofs/obj/vfx_bv2_generated.bend	0	1	12.44	2155
proofs/gate/g__var_bits_enc_bitlist_9_generated.bend	0	1	12.46	1270
proofs/obj/var_codec_ProgressiveVarTestStruct_generated.bend	0	1	12.46	2198
proofs/obj/vuwv_v8192_u64_generated.bend	0	1	12.46	1350
proofs/api/proglist_bool_encode_ssz_proof_generated.bend	0	1	12.47	1855
proofs/obj/encx_l2_ConsolidationRequest_generated.bend	0	1	12.47	1772
proofs/api/bitlist_6_encode_ssz_proof_generated.bend	0	1	12.48	1258
proofs/gate/g__var_bits_enc_bitlist_7_generated.bend	0	1	12.48	1350
proofs/obj/encx_l123_u16_generated.bend	0	1	12.48	1414
proofs/obj/var_codec_Transaction_generated.bend	0	1	12.48	1791
proofs/api/vec_uint64_31_decode_ssz_proof_generated.bend	0	1	12.50	1226
proofs/obj/encx_bl32_d_generated.bend	0	1	12.50	1611
proofs/obj/vfx_bv1280_generated.bend	0	1	12.50	1825
e2e/bitvector_4_e2e_ser_generated.bend	0	1	12.51	3152
proofs/api/FuluCell_decode_ssz_proof_generated.bend	0	1	12.51	1365
proofs/api/FuluLightClientOptimisticUpdate_encode_ssz_proof_generated.bend	0	1	12.52	1536
proofs/api/vec_uint16_1_decode_ssz_proof_generated.bend	0	1	12.52	1600
proofs/obj/var_codec_AttesterSlashing_rej_generated.bend	0	1	12.54	1008
proofs/api/bitlist_2_encode_ssz_proof_generated.bend	0	1	12.56	1276
proofs/root_sound.bend	0	1	12.57	1040
proofs/obj/encx_l16_SignedVoluntaryExit_generated.bend	0	1	12.60	1788
proofs/obj/sub_unique_bitvector_7_generated.bend	0	1	12.60	1442
proofs/gate/g__var_bits_enc_bitlist_8_generated.bend	0	1	12.61	1276
e2e/FuluExecutionRequests_e2e_decrep_generated.bend	0	1	12.62	4380
proofs/gate/g__sub_vec_uint16_512_generated.bend	0	1	12.62	664
proofs/gate/g__var_bytes_ExecutionPayloadHeader_rej_generated.bend	0	1	12.63	1237
e2e/bitvector_17_e2e_ser_generated.bend	0	1	12.64	2955
proofs/gate/g__spec_gunique_vec_uint128_31_generated.bend	0	1	12.64	1336
proofs/gate/g__var_bits_enc_bitlist_31_generated.bend	0	1	12.64	1265
proofs/obj/spec_rec_unique_Validator_generated.bend	0	1	12.64	1297
proofs/gate/g__var_bits_bitlist_1_unique_generated.bend	0	1	12.66	1203
e2e/e2e_vl_l16_SignedBLSToExecutionChange_generated.bend	0	1	12.67	1706
proofs/api/FuluEther_decode_ssz_proof_generated.bend	0	1	12.67	1127
proofs/api/FuluSyncAggregate_decode_ssz_proof_generated.bend	0	1	12.67	1219
proofs/obj/encx_l262144_PendingConsolidation_generated.bend	0	1	12.67	1707
proofs/obj/encx_bl32_generated.bend	0	1	12.68	1571
proofs/obj/encx_l1024_u16_generated.bend	0	1	12.68	1782
proofs/obj/var_win_AggregateAndProof_top_generated.bend	0	1	12.68	1228
proofs/api/proglist_uint8_encode_ssz_proof_generated.bend	0	1	12.69	1758
proofs/obj/encx_l128_u16_generated.bend	0	1	12.69	1531
e2e/FuluBytes1_e2e_ser_generated.bend	0	1	12.71	2634
e2e/FuluDataColumnsByRootIdentifier_e2e_decrep_generated.bend	0	1	12.71	3917
e2e/uint32_e2e_dec_generated.bend	0	1	12.71	2740
proofs/obj/sub_unique_vec_uint8_4_generated.bend	0	1	12.71	1652
e2e/e2e_gwin_generated.bend	0	1	12.72	2125
e2e/e2e_vl_l16777216_HistoricalSummary_generated.bend	0	1	12.72	1854
proofs/obj/encx_l123_u16_d_generated.bend	0	1	12.73	1737
proofs/obj/var_winx_Attestation_generated.bend	0	1	12.73	1824
e2e/FuluCell_e2e_ser_generated.bend	0	1	12.76	2805
e2e/e2e_vwx_ExecutionRequests_generated.bend	0	1	12.76	1763
proofs/obj/spec_unique_Deposit_generated.bend	0	1	12.76	1450
proofs/obj/sub_unique_vec_bool_1_generated.bend	0	1	12.76	1615
proofs/obj/vfx_bv1_generated.bend	0	1	12.76	1899
proofs/obj/var_bytes_LightClientHeader_generated.bend	0	1	12.77	988
proofs/obj/vuwv_v8192_b32_generated.bend	0	1	12.77	1350
proofs/obj/sub_unique_bitvector_16_generated.bend	0	1	12.78	1453
proofs/obj/sub_vec_uint16_513_generated.bend	0	1	12.78	611
proofs/api/SingleFieldTestStruct_decode_ssz_proof_generated.bend	0	1	12.79	1659
proofs/obj/vfx_SyncAggregate_generated.bend	0	1	12.79	1839
proofs/obj/var_win_AggregateAndProof_generated.bend	0	1	12.82	1348
proofs/obj/var_codec_CompatibleUnionA_generated.bend	0	1	12.83	2344
proofs/root_complete.bend	0	1	12.83	1062
proofs/root_total.bend	0	1	12.83	1067
proofs/gate/g__sub_unique_bitvector_6_generated.bend	0	1	12.84	1461
proofs/gate/g__var_codec_VarTestStruct_generated.bend	0	1	12.85	2417
proofs/obj/encx_l1099511627776_u8_generated.bend	0	1	12.85	1621
proofs/obj/var_winx_CompatibleUnionA_generated.bend	0	1	12.85	2317
e2e/e2e_rl_ExecutionRequests_generated.bend	0	1	12.87	1815
proofs/obj/var_codec_AttesterSlashing_generated.bend	0	1	12.87	1040
proofs/gate/g__spec_unique_Cell_generated.bend	0	1	12.88	1123
proofs/obj/encx_l134217728_PendingPartialWithdrawal_generated.bend	0	1	12.89	1615
proofs/gate/g__spec_rec_unique_Validator_generated.bend	0	1	12.90	1190
proofs/obj/vfx_u8_generated.bend	0	1	12.90	2069
proofs/root_public.bend	0	1	12.90	1077
e2e/bitvector_511_e2e_ser_generated.bend	0	1	12.91	3146
e2e/bitvector_6_e2e_ser_generated.bend	0	1	12.91	3107
proofs/obj/sub_unique_bitvector_2_generated.bend	0	1	12.91	1418
proofs/obj/sub_unique_vec_uint8_16_generated.bend	0	1	12.91	1618
proofs/obj/sub_unique_bitvector_6_generated.bend	0	1	12.92	1426
proofs/api/vec_uint16_5_decode_ssz_proof_generated.bend	0	1	12.93	1525
e2e/boolean_e2e_generated.bend	0	1	12.95	2594
e2e/FuluBytes1_e2e_witness_generated.bend	0	1	12.97	2661
proofs/obj/sub_unique_bitvector_4_generated.bend	0	1	12.98	1458
proofs/obj/vuwv_v7_b32_generated.bend	0	1	12.98	1431
proofs/obj/sub_unique_vec_uint16_4_generated.bend	0	1	12.99	1425
proofs/obj/encx_l16_Withdrawal_generated.bend	0	1	13.03	1577
proofs/api/FuluForkDigest_decode_ssz_proof_generated.bend	0	1	13.05	1260
e2e/FuluBLSPubkey_e2e_ser_generated.bend	0	1	13.06	3247
proofs/obj/sub_unique_vec_uint16_1_generated.bend	0	1	13.06	1654
proofs/root_domain_witness.bend	0	1	13.06	1051
proofs/obj/sub_unique_vec_uint8_3_generated.bend	0	1	13.07	1657
proofs/obj/vuwv_v6_b32_generated.bend	0	1	13.07	1454
proofs/obj/sub_unique_vec_uint16_31_generated.bend	0	1	13.08	1637
proofs/obj/vfx_bv257_generated.bend	0	1	13.09	2049
proofs/obj/zero_roots_generated.bend	0	1	13.09	801
e2e/vec_uint128_513_e2e_dec_generated.bend	0	1	13.10	2914
proofs/obj/vuwv_v4_b32_generated.bend	0	1	13.10	1435
proofs/obj/encx_l1024_u16_d_generated.bend	0	1	13.11	1550
proofs/gate/g__var_codec_DataColumnSidecar_unique_generated.bend	0	1	13.12	1220
proofs/api/FuluForkData_decode_ssz_proof_generated.bend	0	1	13.14	1166
proofs/api/FuluHistoricalSummary_decode_ssz_proof_generated.bend	0	1	13.14	1238
proofs/obj/var_codec_IndexedAttestation_unique_generated.bend	0	1	13.14	1360
proofs/api/vec_uint16_2_decode_ssz_proof_generated.bend	0	1	13.17	1621
proofs/gate/g__var_bits_bitlist_4_unique_generated.bend	0	1	13.18	1197
proofs/obj/digest_facts.bend	0	1	13.18	823
proofs/gate/g__sub_unique_vec_uint16_5_generated.bend	0	1	13.19	1661
proofs/obj/sub_unique_vec_uint8_31_generated.bend	0	1	13.19	1423
proofs/root_domain_compat.bend	0	1	13.19	1061
proofs/api/FuluSyncCommitteeContribution_decode_ssz_proof_generated.bend	0	1	13.20	1227
proofs/obj/var_codec_ExecutionRequests_generated.bend	0	1	13.20	1645
e2e/e2e_dz_generated.bend	0	1	13.21	3307
proofs/api/vec_uint256_31_decode_ssz_proof_generated.bend	0	1	13.21	1323
proofs/obj/sub_unique_bitvector_511_generated.bend	0	1	13.23	1657
proofs/obj/sub_unique_vec_bool_3_generated.bend	0	1	13.23	1446
proofs/gate/g__sub_unique_vec_uint16_3_generated.bend	0	1	13.24	1410
proofs/gate/g__sub_unique_vec_uint8_1_generated.bend	0	1	13.24	1653
proofs/gate/g__var_bytes_LightClientHeader_generated.bend	0	1	13.26	1012
proofs/obj/var_bitc_Attestation_generated.bend	0	1	13.26	1101
e2e/vec_uint16_8_e2e_ser_generated.bend	0	1	13.27	3148
proofs/obj/encx_IndexedAttestation_generated.bend	0	1	13.27	1737
proofs/obj/var_bytes_ExecutionPayloadHeader_rej_generated.bend	0	1	13.27	1061
proofs/obj/encx_l16_WithdrawalRequest_generated.bend	0	1	13.29	1823
proofs/obj/vuwv_SyncCommittee_generated.bend	0	1	13.29	1417
e2e/FuluFork_e2e_set_generated.bend	0	1	13.31	2738
proofs/gate/g__spec_arr_unique_HistoricalBatch_generated.bend	0	1	13.31	1616
proofs/obj/sub_unique_vec_bool_8_generated.bend	0	1	13.32	1663
e2e/e2e_dl_l2_ConsolidationRequest_generated.bend	0	1	13.33	2019
proofs/api/bitvector_8_decode_ssz_proof_generated.bend	0	1	13.35	1647
proofs/obj/sub_unique_bitvector_31_generated.bend	0	1	13.35	1678
proofs/obj/var_bitc_PendingAttestation_generated.bend	0	1	13.35	1032
proofs/gate/g__sub_unique_bitvector_7_generated.bend	0	1	13.36	1647
proofs/gate/g__var_codec_AttesterSlashing_generated.bend	0	1	13.37	961
proofs/obj/encx_l16777216_HistoricalSummary_generated.bend	0	1	13.37	1779
proofs/gate/g__sub_vec_uint16_513_generated.bend	0	1	13.39	666
proofs/obj/encx_bits6_generated.bend	0	1	13.40	1742
proofs/obj/vfx_bv8_generated.bend	0	1	13.40	2079
e2e/e2e_rl_l16_WithdrawalRequest_generated.bend	0	1	13.41	2159
proofs/gate/g__sub_unique_vec_uint16_1_generated.bend	0	1	13.43	1458
e2e/FuluForkData_e2e_ser_generated.bend	0	1	13.45	3274
proofs/obj/var_codec_VarTestStruct_generated.bend	0	1	13.45	2469
proofs/obj/vconts.bend	0	1	13.45	1812
proofs/obj/encx_l8192_DepositRequest_generated.bend	0	1	13.46	1509
e2e/FuluBytes4_e2e_ser_generated.bend	0	1	13.47	3410
proofs/api/FuluSyncCommitteeMessage_decode_ssz_proof_generated.bend	0	1	13.47	1186
proofs/api/vec_uint8_1_decode_ssz_proof_generated.bend	0	1	13.47	1656
proofs/obj/encx_l134217728_PendingDeposit_generated.bend	0	1	13.48	1780
e2e/FuluBytes8_e2e_ser_generated.bend	0	1	13.49	3344
proofs/gate/g__spec_unique_Deposit_generated.bend	0	1	13.49	1305
proofs/gate/g__sub_unique_vec_uint16_4_generated.bend	0	1	13.49	1650
proofs/obj/sub_unique_vec_uint8_8_generated.bend	0	1	13.49	1631
proofs/obj/pv_obj.bend	0	1	13.50	885
proofs/api/FuluDomain_decode_ssz_proof_generated.bend	0	1	13.51	1292
proofs/obj/vbv128s.bend	0	1	13.53	2090
e2e/FuluBLSSignature_e2e_ser_generated.bend	0	1	13.54	3248
proofs/api/vec_uint8_3_decode_ssz_proof_generated.bend	0	1	13.54	1580
e2e/e2e_dl_l16_SignedBLSToExecutionChange_generated.bend	0	1	13.55	2215
proofs/obj/encx_l16777216_b32_generated.bend	0	1	13.56	2265
proofs/gate/g__var_bits_enc_bitlist_513_generated.bend	0	1	13.59	1331
proofs/obj/var_winx_ProgressiveSingleFieldContainerTestStruct_generated.bend	0	1	13.59	2290
e2e/FuluBytes20_e2e_comp_generated.bend	0	1	13.60	3306
proofs/obj/sub_unique_vec_bool_5_generated.bend	0	1	13.60	1654
proofs/obj/var_plist_proglist_uint8_top_unique_generated.bend	0	1	13.61	1885
proofs/obj/var_winx_CompatibleUnionBC_generated.bend	0	1	13.61	2400
e2e/FuluBytes4_e2e_comp_generated.bend	0	1	13.64	3353
proofs/api/bitlist_8_encode_ssz_proof_generated.bend	0	1	13.64	1406
proofs/obj/sub_unique_uint16_generated.bend	0	1	13.64	1485
e2e/FuluRoot_e2e_ser_generated.bend	0	1	13.65	3259
proofs/gate/g__sub_unique_vec_bool_8_generated.bend	0	1	13.65	1468
proofs/obj/sub_unique_vec_uint8_2_generated.bend	0	1	13.66	1458
proofs/compatibility_public_budget.bend	0	1	13.69	1076
proofs/obj/var_codec_ExecutionRequests_enc_generated.bend	0	1	13.69	2372
proofs/obj/encx_bits1280_generated.bend	0	1	13.70	1690
e2e/FuluForkData_e2e_comp_generated.bend	0	1	13.71	3424
e2e/FuluRowIndex_e2e_ser_generated.bend	0	1	13.71	3371
proofs/api/vec_uint8_5_decode_ssz_proof_generated.bend	0	1	13.71	1578
proofs/gate/g__sub_unique_bitvector_8_generated.bend	0	1	13.71	1575
proofs/gate/g__sub_unique_vec_uint8_5_generated.bend	0	1	13.71	1648
proofs/gate/g__var_codec_CompatibleUnionABCA_generated.bend	0	1	13.71	2327
e2e/FuluBytes8_e2e_comp_generated.bend	0	1	13.72	3109
proofs/api/FuluDataColumnSidecar_encode_ssz_proof_generated.bend	0	1	13.72	1276
proofs/obj/encx_ProgressiveSingleListContainerTestStruct_generated.bend	0	1	13.72	2004
proofs/obj/sub_unique_SmallTestStruct_generated.bend	0	1	13.73	1659
proofs/obj/sub_unique_bitvector_1_generated.bend	0	1	13.74	1601
e2e/SingleFieldTestStruct_e2e_ser_generated.bend	0	1	13.76	3158
e2e/vec_uint32_31_e2e_ser_generated.bend	0	1	13.76	3344
proofs/api/FuluSignedBLSToExecutionChange_decode_ssz_proof_generated.bend	0	1	13.77	1275
proofs/obj/encx_pbits_generated.bend	0	1	13.77	1537
proofs/obj/sub_unique_bitvector_17_generated.bend	0	1	13.78	1454
proofs/gate/g__var_codec_ProgressiveVarTestStruct_generated.bend	0	1	13.79	2309
e2e/FuluBytes32_e2e_ser_generated.bend	0	1	13.80	3054
e2e/FuluPowBlock_e2e_set_generated.bend	0	1	13.80	2772
proofs/obj/encx_l16777216_b32_d_generated.bend	0	1	13.80	2162
proofs/obj/root_words_generated.bend	0	1	13.80	984
proofs/obj/sub_unique_vec_uint16_2_generated.bend	0	1	13.82	1449
proofs/obj/sub_unique_bitvector_8_generated.bend	0	1	13.83	1434
proofs/obj/sub_unique_vec_bool_2_generated.bend	0	1	13.83	1656
proofs/obj/var_codec_BitsStruct_generated.bend	0	1	13.83	2395
proofs/obj/var_codec_CompatibleUnionABCA_generated.bend	0	1	13.83	2404
e2e/FuluBytes48_e2e_ser_generated.bend	0	1	13.84	3259
e2e/e2e_dl_l8192_DepositRequest_generated.bend	0	1	13.85	2178
e2e/uint32_e2e_generated.bend	0	1	13.85	2307
proofs/gate/g__sub_unique_bitvector_4_generated.bend	0	1	13.86	1422
proofs/obj/var_winx_l16_Deposit_generated.bend	0	1	13.89	2188
e2e/FuluBytes32_e2e_comp_generated.bend	0	1	13.90	3468
e2e/e2e_dl_l16_SignedVoluntaryExit_generated.bend	0	1	13.90	2148
proofs/gate/g__sub_unique_vec_uint16_2_generated.bend	0	1	13.90	1430
proofs/obj/sub_unique_ProgressiveSingleFieldContainerTestStruct_generated.bend	0	1	13.90	1488
e2e/FuluFork_e2e_ser_generated.bend	0	1	13.91	3079
proofs/obj/encx_l16_SignedBLSToExecutionChange_generated.bend	0	1	13.91	1773
proofs/obj/var_winx_VarTestStruct_generated.bend	0	1	13.91	1998
proofs/obj/var_winx_l10_ProgressiveSingleFieldContainerTestStruct_generated.bend	0	1	13.91	2069
e2e/FuluForkData_e2e_set_generated.bend	0	1	13.92	2733
proofs/gate/g__sub_unique_vec_uint8_16_generated.bend	0	1	13.93	1639
proofs/obj/var_codec_ProgressiveSingleListContainerTestStruct_enc_o_generated.bend	0	1	13.93	2202
e2e/vec_uint32_3_e2e_ser_generated.bend	0	1	13.94	3357
e2e/FuluBLSSignature_e2e_comp_generated.bend	0	1	13.95	3192
e2e/FuluBytes1_e2e_comp_generated.bend	0	1	13.95	3093
proofs/api/FuluSigningData_decode_ssz_proof_generated.bend	0	1	13.95	1281
proofs/gate/g__sub_unique_bitvector_33_generated.bend	0	1	13.95	1461
proofs/gate/g__var_codec_Transaction_generated.bend	0	1	13.95	1829
proofs/obj/vpiece.bend	0	1	13.95	1657
proofs/gate/g__sub_unique_vec_bool_31_generated.bend	0	1	13.96	1647
proofs/obj/sub_unique_bitvector_3_generated.bend	0	1	13.96	1424
proofs/api/vec_uint16_31_decode_ssz_proof_generated.bend	0	1	13.97	1657
e2e/vec_uint32_1_e2e_ser_generated.bend	0	1	13.98	3034
proofs/api/vec_uint8_8_decode_ssz_proof_generated.bend	0	1	14.00	1626
e2e/FuluRoot_e2e_comp_generated.bend	0	1	14.01	3102
e2e/SmallTestStruct_e2e_ser_generated.bend	0	1	14.01	2947
e2e/vec_uint32_4_e2e_ser_generated.bend	0	1	14.01	3359
proofs/obj/vputwd.bend	0	1	14.01	1701
proofs/api/FuluDataColumnSidecar_decode_ssz_proof_generated.bend	0	1	14.02	1384
proofs/obj/encx_bits131072_generated.bend	0	1	14.02	1752
proofs/obj/sub_unique_vec_bool_16_generated.bend	0	1	14.02	1486
e2e/FuluBytes20_e2e_ser_generated.bend	0	1	14.03	3348
e2e/e2e_dl_l16_WithdrawalRequest_generated.bend	0	1	14.03	2152
proofs/obj/sub_unique_vec_uint16_8_generated.bend	0	1	14.03	1627
proofs/api/FuluTransaction_decode_ssz_proof_generated.bend	0	1	14.04	1751
e2e/FuluBytes48_e2e_comp_generated.bend	0	1	14.05	3426
proofs/gate/g__sub_unique_vec_uint16_8_generated.bend	0	1	14.05	1452
proofs/obj/root_support.bend	0	1	14.05	962
proofs/obj/sub_unique_vec_bool_31_generated.bend	0	1	14.05	1685
e2e/vec_bool_1_e2e_ser_generated.bend	0	1	14.08	2538
proofs/obj/sub_unique_vec_uint8_5_generated.bend	0	1	14.08	1625
proofs/gate/g__sub_unique_bitvector_3_generated.bend	0	1	14.09	1621
proofs/obj/sub_unique_vec_uint16_5_generated.bend	0	1	14.09	1663
proofs/obj/vbitcont.bend	0	1	14.09	1644
e2e/FuluBLSPubkey_e2e_comp_generated.bend	0	1	14.10	3378
proofs/obj/sub_unique_bitvector_9_generated.bend	0	1	14.10	1640
proofs/gate/g__sub_unique_vec_uint8_2_generated.bend	0	1	14.11	1451
proofs/obj/var_winx_pl_SmallTestStruct_generated.bend	0	1	14.11	2062
e2e/FuluPowBlock_e2e_comp_generated.bend	0	1	14.12	3434
proofs/api/bitvector_16_decode_ssz_proof_generated.bend	0	1	14.12	1642
e2e/FuluForkDigest_e2e_comp_generated.bend	0	1	14.13	3408
e2e/FuluPowBlock_e2e_ser_generated.bend	0	1	14.13	3104
proofs/obj/var_winx_ProgressiveVarTestStruct_generated.bend	0	1	14.13	2357
e2e/FuluDepositData_e2e_set_generated.bend	0	1	14.15	3392
proofs/api/SmallTestStruct_decode_ssz_proof_generated.bend	0	1	14.16	1534
proofs/obj/var_bytes_LightClientOptimisticUpdate_win_generated.bend	0	1	14.16	1028
proofs/gate/g__var_plist_proglist_uint16_top_unique_generated.bend	0	1	14.18	1884
proofs/obj/vua_fixb_generated.bend	0	1	14.18	2040
e2e/vec_uint256_4_e2e_ser_generated.bend	0	1	14.19	3071
proofs/obj/spec_unique_MatrixEntry_generated.bend	0	1	14.20	1201
proofs/obj/vuwl_u16_generated.bend	0	1	14.20	1669
e2e/FuluBLSToExecutionChange_e2e_ser_generated.bend	0	1	14.21	3470
e2e/vec_uint16_1_e2e_ser_generated.bend	0	1	14.21	2901
proofs/obj/sub_unique_bitvector_15_generated.bend	0	1	14.21	1613
proofs/obj/sub_unique_bitvector_513_generated.bend	0	1	14.23	1726
proofs/api/vec_uint8_2_decode_ssz_proof_generated.bend	0	1	14.24	1603
e2e/FuluCurrentSyncCommitteeBranch_e2e_witness_generated.bend	0	1	14.25	3301
proofs/compatibility_stability.bend	0	1	14.25	994
proofs/obj/encx_bits5_generated.bend	0	1	14.25	1712
proofs/obj/encx_pl_u8_d_generated.bend	0	1	14.25	2332
proofs/obj/sub_unique_vec_uint8_1_generated.bend	0	1	14.27	1619
proofs/obj/sub_unique_vec_uint16_3_generated.bend	0	1	14.28	1565
proofs/obj/vunion.bend	0	1	14.28	1655
proofs/obj/encx_bits257_generated.bend	0	1	14.29	1545
e2e/FuluFinalityBranch_e2e_witness_generated.bend	0	1	14.30	3355
e2e/vec_uint256_5_e2e_ser_generated.bend	0	1	14.30	3242
proofs/api/vec_uint16_3_decode_ssz_proof_generated.bend	0	1	14.30	1490
e2e/FuluPendingPartialWithdrawal_e2e_set_generated.bend	0	1	14.31	3389
e2e/vec_uint32_16_e2e_ser_generated.bend	0	1	14.31	3028
proofs/api/FuluPendingDeposit_decode_ssz_proof_generated.bend	0	1	14.31	1290
e2e/e2e_rl_ExecutionPayload_generated.bend	0	1	14.32	1946
e2e/FixedTestStruct_e2e_ser_generated.bend	0	1	14.33	2762
proofs/gate/g__sub_unique_vec_bool_2_generated.bend	0	1	14.33	1463
proofs/obj/sub_unique_bitvector_33_generated.bend	0	1	14.33	1625
e2e/e2e_rl_l8192_DepositRequest_generated.bend	0	1	14.34	2033
proofs/api/FuluDeposit_decode_ssz_proof_generated.bend	0	1	14.34	1444
proofs/obj/spec_arr_unique_HistoricalBatch_generated.bend	0	1	14.34	1797
proofs/obj/sub_unique_SingleFieldTestStruct_generated.bend	0	1	14.34	1634
e2e/e2e_bvsub_generated.bend	0	1	14.35	2503
e2e/vec_uint32_2_e2e_ser_generated.bend	0	1	14.35	3167
e2e/FuluBytes96_e2e_comp_generated.bend	0	1	14.36	3379
e2e/vec_bool_2_e2e_ser_generated.bend	0	1	14.36	3141
proofs/api/FuluEth1Data_decode_ssz_proof_generated.bend	0	1	14.36	1182
proofs/obj/var_winx_l16_ProposerSlashing_generated.bend	0	1	14.36	2179
e2e/FuluBLSToExecutionChange_e2e_comp_generated.bend	0	1	14.37	3199
proofs/obj/vuwl_u8_generated.bend	0	1	14.37	1754
proofs/api/ProgressiveSingleFieldContainerTestStruct_decode_ssz_proof_generated.bend	0	1	14.38	1642
proofs/obj/encx_l4096_b48_generated.bend	0	1	14.38	2135
e2e/uint32_e2e_ser_generated.bend	0	1	14.39	2804
e2e/vec_uint16_5_e2e_ser_generated.bend	0	1	14.39	3153
e2e/FuluExecutionPayloadHeader_e2e_decrep_generated.bend	0	1	14.43	4325
proofs/gate/g__sub_unique_SingleFieldTestStruct_generated.bend	0	1	14.43	1416
proofs/gate/g__sub_unique_vec_uint8_31_generated.bend	0	1	14.44	1416
proofs/obj/var_bitc_Attestation_rej_generated.bend	0	1	14.44	1357
e2e/FuluParticipationFlags_e2e_witness_generated.bend	0	1	14.46	3100
e2e/uint32_e2e_comp_generated.bend	0	1	14.46	2836
e2e/FuluBLSToExecutionChange_e2e_set_generated.bend	0	1	14.47	3376
e2e/vec_uint64_2_e2e_ser_generated.bend	0	1	14.47	3070
e2e/FuluConsolidationRequest_e2e_set_generated.bend	0	1	14.48	2789
e2e/FuluNextSyncCommitteeBranch_e2e_witness_generated.bend	0	1	14.48	3261
proofs/gate/g__var_codec_CompatibleUnionA_generated.bend	0	1	14.48	2294
e2e/FuluDepositMessage_e2e_ser_generated.bend	0	1	14.49	3384
e2e/FuluCustodyIndex_e2e_ser_generated.bend	0	1	14.51	3079
e2e/FuluPendingPartialWithdrawal_e2e_ser_generated.bend	0	1	14.51	3102
e2e/e2e_rl_l16_SignedVoluntaryExit_generated.bend	0	1	14.51	1960
e2e/vec_uint32_5_e2e_ser_generated.bend	0	1	14.51	3405
proofs/api/FuluAttestationData_decode_ssz_proof_generated.bend	0	1	14.51	1303
proofs/gate/g__sub_unique_vec_bool_16_generated.bend	0	1	14.51	1546
e2e/FuluDepositData_e2e_ser_generated.bend	0	1	14.52	3402
e2e/FuluFork_e2e_comp_generated.bend	0	1	14.52	3296
proofs/gate/g__sub_unique_bitvector_511_generated.bend	0	1	14.52	1718
proofs/gate/g__sub_unique_bitvector_31_generated.bend	0	1	14.53	1666
proofs/gate/g__sub_unique_vec_uint8_3_generated.bend	0	1	14.53	1443
proofs/obj/var_win_SignedAggregateAndProof_top_generated.bend	0	1	14.53	1258
e2e/vec_bool_16_e2e_ser_generated.bend	0	1	14.55	3075
e2e/vec_uint32_8_e2e_ser_generated.bend	0	1	14.55	3356
proofs/api/vec_uint8_31_decode_ssz_proof_generated.bend	0	1	14.55	1591
proofs/gate/g__sub_unique_vec_uint8_8_generated.bend	0	1	14.55	1472
e2e/vec_uint64_16_e2e_ser_generated.bend	0	1	14.56	3261
proofs/gate/g__sub_unique_vec_bool_1_generated.bend	0	1	14.56	1665
proofs/obj/var_plist_proglist_bool_top_unique_generated.bend	0	1	14.56	1842
proofs/gate/g__sub_unique_bitvector_16_generated.bend	0	1	14.57	1672
proofs/gate/g__var_win_AggregateAndProof_top_generated.bend	0	1	14.57	1205
proofs/obj/var_winx_CompatibleUnionABCA_generated.bend	0	1	14.57	2522
proofs/compatibility_equivalence.bend	0	1	14.58	1235
proofs/obj/sub_unique_bitvector_5_generated.bend	0	1	14.58	1448
proofs/obj/sub_vec_bool_512_generated.bend	0	1	14.60	609
e2e/FuluBlobIndex_e2e_ser_generated.bend	0	1	14.61	3253
proofs/gate/g__var_codec_IndexedAttestation_unique_generated.bend	0	1	14.62	1256
e2e/FuluForkDigest_e2e_ser_generated.bend	0	1	14.63	3347
proofs/api/FuluBytes1_decode_ssz_proof_generated.bend	0	1	14.63	1192
e2e/FuluRowIndex_e2e_comp_generated.bend	0	1	14.64	3443
proofs/gate/g__var_codec_CompatibleUnionBC_generated.bend	0	1	14.64	2353
proofs/obj/var_plist_proglist_uint16_top_unique_generated.bend	0	1	14.64	1818
proofs/obj/vvl_l1_AttesterSlashing_generated.bend	0	1	14.64	1887
proofs/obj/sub_unique_vec_uint16_16_generated.bend	0	1	14.65	1621
e2e/vec_uint256_31_e2e_ser_generated.bend	0	1	14.66	3103
proofs/gate/g__sub_unique_bitvector_1_generated.bend	0	1	14.66	1445
proofs/gate/g__sub_unique_vec_bool_3_generated.bend	0	1	14.66	1606
proofs/api/vec_uint16_16_decode_ssz_proof_generated.bend	0	1	14.67	1580
e2e/vec_uint64_1_e2e_ser_generated.bend	0	1	14.68	3280
proofs/gate/g__var_plist_proglist_bool_top_unique_generated.bend	0	1	14.68	1862
proofs/gate/g__root_words_generated.bend	0	1	14.69	856
e2e/FuluG2Point_e2e_ser_generated.bend	0	1	14.71	3339
proofs/api/FuluNextSyncCommitteeBranch_hashtreeroot_proof_generated.bend	0	1	14.73	872
proofs/obj/encx_pl_u8_generated.bend	0	1	14.73	1912
e2e/FuluCustodyIndex_e2e_comp_generated.bend	0	1	14.74	3404
proofs/gate/g__spec_unique_MatrixEntry_generated.bend	0	1	14.75	1300
proofs/gate/g__sub_unique_bitvector_9_generated.bend	0	1	14.75	1477
e2e/uint16_e2e_ser_generated.bend	0	1	14.76	2942
proofs/obj/vfixw_spec.bend	0	1	14.76	2322
proofs/obj/var_winx_BitsStruct_generated.bend	0	1	14.77	2338
e2e/FuluExecutionBranch_e2e_witness_generated.bend	0	1	14.78	3288
proofs/api/FuluValidator_decode_ssz_proof_generated.bend	0	1	14.78	1418
proofs/api/FuluAttestationData_hashtreeroot_proof_generated.bend	0	1	14.80	1320
proofs/obj/vbv1281d.bend	0	1	14.80	1791
proofs/api/FuluSingleAttestation_decode_ssz_proof_generated.bend	0	1	14.82	1307
proofs/obj/list_obj.bend	0	1	14.82	1114
proofs/api/FuluHistoricalBatch_decode_ssz_proof_generated.bend	0	1	14.83	1743
proofs/gate/g__sub_unique_bitvector_513_generated.bend	0	1	14.84	1689
e2e/vec_uint16_16_e2e_ser_generated.bend	0	1	14.85	3107
proofs/api/FuluExecutionRequests_decode_ssz_proof_generated.bend	0	1	14.85	1966
proofs/gate/g__sub_unique_uint16_generated.bend	0	1	14.85	1441
proofs/obj/var_win_SignedAggregateAndProof_generated.bend	0	1	14.85	1254
e2e/FuluG1Point_e2e_comp_generated.bend	0	1	14.87	3171
proofs/gate/g__sub_unique_bitvector_15_generated.bend	0	1	14.87	1677
proofs/gate/g__sub_unique_bitvector_5_generated.bend	0	1	14.87	1426
proofs/gate/g__sub_unique_vec_bool_5_generated.bend	0	1	14.88	1633
e2e/e2e_rl_l2_ConsolidationRequest_generated.bend	0	1	14.89	1862
proofs/api/FuluCurrentSyncCommitteeBranch_hashtreeroot_proof_generated.bend	0	1	14.90	855
e2e/vec_uint256_513_e2e_ser_generated.bend	0	1	14.91	3112
proofs/obj/var_bytes_LightClientOptimisticUpdate_generated.bend	0	1	14.92	1057
e2e/vec_uint32_512_e2e_ser_generated.bend	0	1	14.93	3030
proofs/obj/var_winx_l1099511627776_Validator_generated.bend	0	1	14.93	1703
e2e/FuluDepositMessage_e2e_set_generated.bend	0	1	14.94	3415
proofs/api/FuluSignedBeaconBlockHeader_decode_ssz_proof_generated.bend	0	1	14.95	1314
proofs/api/proglist_bool_decode_ssz_proof_generated.bend	0	1	14.95	2107
proofs/api/vec_uint8_16_decode_ssz_proof_generated.bend	0	1	14.95	1654
e2e/FuluIndexedAttestation_e2e_decrep_generated.bend	0	1	14.96	3981
e2e/vec_bool_3_e2e_ser_generated.bend	0	1	14.96	3044
e2e/vec_uint256_3_e2e_ser_generated.bend	0	1	14.96	3273
proofs/api/vec_uint8_4_decode_ssz_proof_generated.bend	0	1	14.97	1591
proofs/gate/g__sub_unique_vec_bool_4_generated.bend	0	1	14.97	1623
e2e/FuluConsolidationRequest_e2e_comp_generated.bend	0	1	14.99	3343
proofs/obj/encx_bits256_generated.bend	0	1	15.01	1708
proofs/obj/words_root.bend	0	1	15.01	871
proofs/gate/g__var_codec_AttesterSlashing_rej_generated.bend	0	1	15.03	1094
proofs/obj/encx_bits1281_generated.bend	0	1	15.03	1909
e2e/vec_bool_5_e2e_ser_generated.bend	0	1	15.04	3062
e2e/vec_uint256_512_e2e_ser_generated.bend	0	1	15.05	3308
e2e/FuluBlobIdentifier_e2e_set_generated.bend	0	1	15.06	2711
e2e/FuluCommitteeIndex_e2e_ser_generated.bend	0	1	15.06	3083
proofs/api/FuluFinalityBranch_hashtreeroot_proof_generated.bend	0	1	15.06	852
proofs/gate/g__sub_unique_vec_uint16_16_generated.bend	0	1	15.06	1698
e2e/e2e_rl_l16_SignedBLSToExecutionChange_generated.bend	0	1	15.07	1957
e2e/vec_bool_8_e2e_ser_generated.bend	0	1	15.07	3173
e2e/vec_uint8_512_e2e_ser_generated.bend	0	1	15.07	3493
proofs/api/FuluBlobIdentifier_hashtreeroot_proof_generated.bend	0	1	15.07	1194
proofs/gate/g__var_codec_ExecutionRequests_generated.bend	0	1	15.07	1875
e2e/FuluConsolidationRequest_e2e_ser_generated.bend	0	1	15.10	3097
e2e/vec_uint64_512_e2e_ser_generated.bend	0	1	15.10	3315
proofs/obj/encx_BitsStruct_generated.bend	0	1	15.10	2014
e2e/FuluGwei_e2e_ser_generated.bend	0	1	15.11	3441
proofs/api/FuluIndexedAttestation_decode_ssz_proof_generated.bend	0	1	15.11	1346
e2e/FuluNodeID_e2e_ser_generated.bend	0	1	15.12	3418
e2e/FuluDepositMessage_e2e_comp_generated.bend	0	1	15.14	3449
e2e/vec_uint256_8_e2e_ser_generated.bend	0	1	15.14	3459
proofs/api/FuluExecutionBranch_hashtreeroot_proof_generated.bend	0	1	15.14	857
e2e/FuluParticipationFlags_e2e_ser_generated.bend	0	1	15.15	3005
proofs/obj/var_winx_ProgressiveBitsStruct_generated.bend	0	1	15.18	2798
proofs/obj/var_winx_ProgressiveTestStruct_generated.bend	0	1	15.19	2469
e2e/vec_uint64_3_e2e_ser_generated.bend	0	1	15.20	3295
e2e/vec_bool_31_e2e_ser_generated.bend	0	1	15.23	3156
proofs/api/FuluDepositRequest_decode_ssz_proof_generated.bend	0	1	15.25	1283
proofs/gate/g__sub_unique_SmallTestStruct_generated.bend	0	1	15.25	1462
proofs/obj/var_bitc_PendingAttestation_rej_generated.bend	0	1	15.25	1244
e2e/vec_uint256_2_e2e_ser_generated.bend	0	1	15.26	3319
e2e/vec_uint64_31_e2e_ser_generated.bend	0	1	15.27	3274
e2e/vec_uint8_513_e2e_ser_generated.bend	0	1	15.28	3469
proofs/gate/g__sub_vec_bool_512_generated.bend	0	1	15.28	664
e2e/FuluBlobIndex_e2e_comp_generated.bend	0	1	15.29	3122
e2e/vec_uint64_5_e2e_ser_generated.bend	0	1	15.29	3295
proofs/gate/g__var_plist_proglist_uint8_top_unique_generated.bend	0	1	15.29	1885
proofs/api/FuluBytes20_hashtreeroot_proof_generated.bend	0	1	15.30	1194
e2e/vec_uint16_31_e2e_ser_generated.bend	0	1	15.32	3148
proofs/gate/g__sub_unique_bitvector_2_generated.bend	0	1	15.34	1607
e2e/FuluExecutionAddress_e2e_comp_generated.bend	0	1	15.35	3083
e2e/vec_bool_4_e2e_ser_generated.bend	0	1	15.36	3147
proofs/gate/g__var_codec_ProgressiveTestStruct_generated.bend	0	1	15.36	2539
e2e/FuluEther_e2e_ser_generated.bend	0	1	15.37	3242
e2e/FuluSignedBeaconBlockHeader_e2e_ser_generated.bend	0	1	15.37	3172
e2e/FuluExecutionAddress_e2e_ser_generated.bend	0	1	15.38	3404
e2e/vec_uint16_4_e2e_ser_generated.bend	0	1	15.38	3080
proofs/gate/g__sub_unique_vec_uint8_4_generated.bend	0	1	15.38	1630
proofs/obj/var_bytes_LightClientBootstrap_enc_generated.bend	0	1	15.39	1645
e2e/vec_uint64_8_e2e_ser_generated.bend	0	1	15.42	3276
proofs/obj/lim_ul.bend	0	1	15.42	1177
e2e/FuluG1Point_e2e_ser_generated.bend	0	1	15.43	3411
proofs/gate/g__var_codec_BitsStruct_generated.bend	0	1	15.43	2303
e2e/FuluPendingDeposit_e2e_set_generated.bend	0	1	15.44	2798
e2e/vec_uint64_513_e2e_ser_generated.bend	0	1	15.44	3200
e2e/FuluHistoricalSummary_e2e_ser_generated.bend	0	1	15.45	3459
proofs/obj/ctree.bend	0	1	15.45	1039
e2e/vec_uint256_16_e2e_ser_generated.bend	0	1	15.47	3088
e2e/FuluPendingConsolidation_e2e_set_generated.bend	0	1	15.48	3366
proofs/api/proglist_uint16_decode_ssz_proof_generated.bend	0	1	15.49	2171
proofs/gate/g__sub_unique_ProgressiveSingleFieldContainerTestStruct_generated.bend	0	1	15.50	1679
proofs/obj/var_codec_ProgressiveBitsStruct_generated.bend	0	1	15.50	2644
e2e/FuluPayloadId_e2e_comp_generated.bend	0	1	15.51	3377
proofs/api/uint16_decode_ssz_proof_generated.bend	0	1	15.51	1656
e2e/vec_uint32_513_e2e_ser_generated.bend	0	1	15.52	3297
proofs/api/bitvector_17_decode_ssz_proof_generated.bend	0	1	15.52	1889
proofs/gate/g__var_bitc_PendingAttestation_generated.bend	0	1	15.52	1027
e2e/ProgressiveSingleFieldContainerTestStruct_e2e_ser_generated.bend	0	1	15.55	2611
e2e/FuluBlobIdentifier_e2e_ser_generated.bend	0	1	15.56	3457
proofs/obj/vuwb.bend	0	1	15.56	1622
proofs/gate/g__sub_unique_bitvector_17_generated.bend	0	1	15.57	1658
e2e/e2e_vlm_l16_ProposerSlashing_generated.bend	0	1	15.58	2479
e2e/FuluNodeID_e2e_comp_generated.bend	0	1	15.61	3388
e2e/FuluPendingDeposit_e2e_ser_generated.bend	0	1	15.61	3439
proofs/obj/sub_vec_bool_513_generated.bend	0	1	15.61	734
proofs/obj/var_bytes_ExecutionPayloadHeader_unique_generated.bend	0	1	15.61	1445
e2e/vec_uint64_4_e2e_ser_generated.bend	0	1	15.62	3388
proofs/api/FuluAttesterSlashing_encode_ssz_proof_generated.bend	0	1	15.63	1205
proofs/api/vec_bool_512_encode_ssz_proof_generated.bend	0	1	15.64	646
proofs/obj/encx_Validator_generated.bend	0	1	15.64	2114
proofs/api/FuluAttesterSlashing_decode_ssz_proof_generated.bend	0	1	15.65	1368
proofs/gate/g__var_codec_ExecutionRequests_enc_generated.bend	0	1	15.65	2348
proofs/gate/g__sub_unique_vec_uint16_31_generated.bend	0	1	15.66	1691
proofs/obj/encx_VarTestStruct_generated.bend	0	1	15.66	1981
proofs/api/FuluAttestation_decode_ssz_proof_generated.bend	0	1	15.68	1603
proofs/obj/var_codec_IndexedAttestation_encw_generated.bend	0	1	15.68	1036
proofs/obj/words_obj.bend	0	1	15.69	860
e2e/FuluBlobIdentifier_e2e_comp_generated.bend	0	1	15.71	3419
e2e/bitvector_6_e2e_witness_generated.bend	0	1	15.71	2790
e2e/FuluGwei_e2e_comp_generated.bend	0	1	15.72	3398
proofs/gate/g__var_codec_ProgressiveBitsStruct_generated.bend	0	1	15.75	2533
proofs/obj/spec_unique_small_generated.bend	0	1	15.78	1064
e2e/FuluBytes96_e2e_ser_generated.bend	0	1	15.79	3286
proofs/api/FuluBeaconBlockHeader_hashtreeroot_proof_generated.bend	0	1	15.79	1213
proofs/obj/ulist_obj.bend	0	1	15.80	1137
e2e/FuluPendingConsolidation_e2e_ser_generated.bend	0	1	15.85	3318
proofs/gate/g__var_bytes_ExecutionPayloadHeader_unique_generated.bend	0	1	15.85	1311
e2e/FuluHash32_e2e_comp_generated.bend	0	1	15.86	3219
e2e/FuluKZGProof_e2e_ser_generated.bend	0	1	15.86	3249
e2e/FuluParticipationFlags_e2e_comp_generated.bend	0	1	15.86	3278
e2e/FuluBlob_e2e_ser_generated.bend	0	1	15.87	3386
e2e/FuluDomain_e2e_comp_generated.bend	0	1	15.87	3140
e2e/vec_uint16_3_e2e_ser_generated.bend	0	1	15.88	3067
e2e/FuluDepositData_e2e_comp_generated.bend	0	1	15.89	3201
e2e/e2e_dfx_generated.bend	0	1	15.89	4687
proofs/obj/encx_l16_ProposerSlashing_generated.bend	0	1	15.89	1937
proofs/api/FuluAggregateAndProof_decode_ssz_proof_generated.bend	0	1	15.91	1482
e2e/FuluCommitmentIndex_e2e_ser_generated.bend	0	1	15.93	3260
e2e/FuluSignedBeaconBlockHeader_e2e_set_generated.bend	0	1	15.93	3514
e2e/FuluCommitteeIndex_e2e_comp_generated.bend	0	1	15.95	3106
e2e/vec_uint16_2_e2e_ser_generated.bend	0	1	15.95	3128
e2e/bitvector_3_e2e_witness_generated.bend	0	1	15.97	3337
proofs/obj/vvl_v2_VarTestStruct_generated.bend	0	1	15.97	2120
e2e/FuluSignedBeaconBlockHeader_e2e_comp_generated.bend	0	1	16.00	3348
proofs/api/bitvector_9_decode_ssz_proof_generated.bend	0	1	16.00	1898
proofs/obj/cidx.bend	0	1	16.00	1108
e2e/e2e_grl_generated.bend	0	1	16.01	2243
e2e/FuluHash32_e2e_ser_generated.bend	0	1	16.02	3211
e2e/bitlist_513_e2e_decrep_generated.bend	0	1	16.02	3659
e2e/bitvector_5_e2e_witness_generated.bend	0	1	16.04	3086
e2e/e2e_vl_l1099511627776_Validator_generated.bend	0	1	16.04	2026
proofs/gate/g__var_bitc_Attestation_generated.bend	0	1	16.04	1142
e2e/FuluHistoricalSummary_e2e_set_generated.bend	0	1	16.05	3263
proofs/gate/g__var_bitc_Attestation_rej_generated.bend	0	1	16.06	1223
e2e/FuluEther_e2e_comp_generated.bend	0	1	16.07	3386
proofs/obj/list_root.bend	0	1	16.07	996
proofs/obj/var_codec_AttesterSlashing_enc_generated.bend	0	1	16.07	1053
e2e/boolean_e2e_dec_generated.bend	0	1	16.09	3706
proofs/obj/cells.bend	0	1	16.10	1159
proofs/gate/g__var_bytes_LightClientBootstrap_enc_generated.bend	0	1	16.11	1713
proofs/obj/vfx_v4_FixedTestStruct_generated.bend	0	1	16.12	1941
proofs/obj/sub_unique_vec_uint8_512_generated.bend	0	1	16.15	1529
proofs/api/FuluParticipationFlags_decode_ssz_proof_generated.bend	0	1	16.16	1192
e2e/bitlist_512_e2e_decrep_generated.bend	0	1	16.17	4034
proofs/obj/var_codec_ProgressiveTestStruct_generated.bend	0	1	16.20	2562
proofs/gate/g__var_bytes_LightClientOptimisticUpdate_generated.bend	0	1	16.21	1024
proofs/gate/g__var_codec_AttesterSlashing_unique_generated.bend	0	1	16.21	1363
proofs/obj/cached_l2048_Eth1Data_generated.bend	0	1	16.21	1277
proofs/obj/cloc.bend	0	1	16.21	1116
proofs/obj/vuwl_bv1281_generated.bend	0	1	16.21	2054
proofs/obj/vvl_l8_Attestation_generated.bend	0	1	16.22	1954
e2e/FuluSignedBLSToExecutionChange_e2e_ser_generated.bend	0	1	16.25	3310
proofs/gate/g__var_win_SignedAggregateAndProof_top_generated.bend	0	1	16.25	1205
e2e/FuluDomain_e2e_ser_generated.bend	0	1	16.27	3378
proofs/api/FuluBytes8_hashtreeroot_proof_generated.bend	0	1	16.27	1203
proofs/obj/encx_IndexedAttestation_iface_generated.bend	0	1	16.27	2165
proofs/obj/var_win_AggregateAndProof_unique_generated.bend	0	1	16.30	1519
e2e/FuluKZGCommitment_e2e_comp_generated.bend	0	1	16.32	3445
proofs/obj/var_bitc_enc_PendingAttestation_generated.bend	0	1	16.32	2358
proofs/obj/vfixw_u32.bend	0	1	16.32	2663
proofs/obj/vvl_pl_ProgressiveVarTestStruct_generated.bend	0	1	16.32	2451
e2e/bitvector_15_e2e_witness_generated.bend	0	1	16.35	2892
proofs/api/FuluExecutionRequests_encode_ssz_proof_generated.bend	0	1	16.35	2483
e2e/bitvector_1_e2e_witness_generated.bend	0	1	16.36	3495
proofs/api/bitvector_5_decode_ssz_proof_generated.bend	0	1	16.36	1883
proofs/obj/var_codec_ProgressiveSingleListContainerTestStruct_enc_generated.bend	0	1	16.42	2036
e2e/FuluKZGProof_e2e_comp_generated.bend	0	1	16.43	3318
e2e/bitvector_7_e2e_witness_generated.bend	0	1	16.43	3021
e2e/bitlist_32_e2e_decrep_generated.bend	0	1	16.44	3788
proofs/gate/g__spec_unique_small_generated.bend	0	1	16.44	1238
proofs/obj/prog_root.bend	0	1	16.44	1060
e2e/FuluHistoricalSummary_e2e_comp_generated.bend	0	1	16.45	3448
e2e/bitlist_511_e2e_decrep_generated.bend	0	1	16.46	3996
e2e/bitlist_5_e2e_decrep_generated.bend	0	1	16.46	3648
e2e/bitvector_511_e2e_witness_generated.bend	0	1	16.47	3517
e2e/FuluPendingConsolidation_e2e_comp_generated.bend	0	1	16.50	3409
proofs/api/FuluBLSPubkey_hashtreeroot_proof_generated.bend	0	1	16.50	1203
e2e/bitlist_7_e2e_decrep_generated.bend	0	1	16.52	3745
e2e/bitvector_16_e2e_witness_generated.bend	0	1	16.54	3435
proofs/obj/ccost.bend	0	1	16.55	1033
e2e/FuluAttestationData_e2e_ser_generated.bend	0	1	16.57	3411
e2e/bitlist_33_e2e_decrep_generated.bend	0	1	16.57	3594
e2e/bitlist_9_e2e_decrep_generated.bend	0	1	16.57	3659
proofs/api/bitvector_513_decode_ssz_proof_generated.bend	0	1	16.57	1886
proofs/obj/var_codec_ProgressiveComplexTestStruct_generated.bend	0	1	16.57	2762
e2e/FuluPendingPartialWithdrawal_e2e_comp_generated.bend	0	1	16.58	3182
proofs/api/FuluExecutionPayloadHeader_decode_ssz_proof_generated.bend	0	1	16.58	1500
proofs/api/bitvector_3_decode_ssz_proof_generated.bend	0	1	16.60	1906
proofs/api/proglist_uint8_decode_ssz_proof_generated.bend	0	1	16.60	1952
proofs/obj/encx_AttesterSlashing_generated.bend	0	1	16.61	1781
e2e/FuluPayloadId_e2e_ser_generated.bend	0	1	16.62	3094
e2e/bitvector_33_e2e_witness_generated.bend	0	1	16.63	2844
proofs/api/uint8_decode_ssz_proof_generated.bend	0	1	16.63	1122
proofs/obj/encx_BitsStruct_iface_generated.bend	0	1	16.63	2208
proofs/gate/g__var_bytes_LightClientHeader_rej_generated.bend	0	1	16.64	1323
proofs/api/bitvector_4_decode_ssz_proof_generated.bend	0	1	16.65	1892
proofs/obj/encx_ExecutionRequests_iface_generated.bend	0	1	16.65	1763
proofs/obj/vvl_pl_VarTestStruct_generated.bend	0	1	16.65	2487
e2e/FuluSigningData_e2e_ser_generated.bend	0	1	16.66	3434
proofs/obj/cached_l16_SignedBLSToExecutionChange_generated.bend	0	1	16.66	1184
e2e/bitlist_15_e2e_decrep_generated.bend	0	1	16.70	3608
proofs/obj/var_codec_AttesterSlashing_unique_generated.bend	0	1	16.71	1341
proofs/obj/vvl_pl_pl_VarTestStruct_generated.bend	0	1	16.71	2147
proofs/api/FuluTransaction_hashtreeroot_proof_generated.bend	0	1	16.72	1122
proofs/api/bitvector_1_decode_ssz_proof_generated.bend	0	1	16.72	1860
e2e/bitlist_6_e2e_decrep_generated.bend	0	1	16.75	3719
e2e/bitvector_8_e2e_witness_generated.bend	0	1	16.75	3379
proofs/api/FuluConsolidationRequest_hashtreeroot_proof_generated.bend	0	1	16.75	1179
proofs/obj/sub_unique_vec_uint8_513_generated.bend	0	1	16.75	1817
proofs/type_validator_complete.bend	0	1	16.76	1317
proofs/api/bitvector_15_decode_ssz_proof_generated.bend	0	1	16.78	1856
e2e/uint8_e2e_ser_generated.bend	0	1	16.79	2903
proofs/api/bitvector_7_hashtreeroot_proof_generated.bend	0	1	16.79	1356
e2e/FuluDepositRequest_e2e_set_generated.bend	0	1	16.80	3401
e2e/bitvector_9_e2e_witness_generated.bend	0	1	16.80	2836
proofs/obj/cset.bend	0	1	16.81	1247
e2e/bitlist_4_e2e_decrep_generated.bend	0	1	16.82	3599
proofs/gate/g__var_codec_ProgressiveComplexTestStruct_generated.bend	0	1	16.83	2765
e2e/FuluAttesterSlashing_e2e_decrep_generated.bend	0	1	16.84	4124
e2e/boolean_e2e_root_generated.bend	0	1	16.86	3360
e2e/vec_uint256_1_e2e_ser_generated.bend	0	1	16.86	3429
e2e/bitlist_16_e2e_decrep_generated.bend	0	1	16.87	4056
proofs/gate/g__root_Transaction_generated.bend	0	1	16.87	1122
e2e/FuluG2Point_e2e_comp_generated.bend	0	1	16.88	3322
proofs/obj/cloop.bend	0	1	16.88	1066
proofs/obj/var_bytes_LightClientBootstrap_win_generated.bend	0	1	16.88	1225
proofs/obj/var_bytes_LightClientHeader_rej_generated.bend	0	1	16.88	1326
e2e/FuluAttestationData_e2e_set_generated.bend	0	1	16.89	2793
e2e/FuluCommitmentIndex_e2e_comp_generated.bend	0	1	16.89	3386
e2e/bitlist_31_e2e_decrep_generated.bend	0	1	16.89	4107
e2e/bitlist_8_e2e_decrep_generated.bend	0	1	16.89	3983
e2e/bitvector_17_e2e_witness_generated.bend	0	1	16.89	3460
e2e/bitvector_2_e2e_witness_generated.bend	0	1	16.92	3424
proofs/api/FuluEth1Block_hashtreeroot_proof_generated.bend	0	1	16.94	1194
proofs/api/FuluBytes96_hashtreeroot_proof_generated.bend	0	1	16.95	1176
proofs/api/FuluVersionedHash_hashtreeroot_proof_generated.bend	0	1	16.95	1191
e2e/FuluEth1Data_e2e_ser_generated.bend	0	1	16.98	3450
e2e/FuluTransaction_e2e_decrep_generated.bend	0	1	16.98	3842
e2e/bitvector_8_e2e_comp_generated.bend	0	1	16.99	3314
e2e/FuluDataColumnSidecar_e2e_set_generated.bend	0	1	17.00	3758
e2e/FuluDeposit_e2e_set_generated.bend	0	1	17.00	3778
e2e/FuluExecutionRequests_e2e_set_generated.bend	0	1	17.00	4366
proofs/obj/cached_l16_SignedVoluntaryExit_generated.bend	0	1	17.00	1352
e2e/FuluKZGCommitment_e2e_ser_generated.bend	0	1	17.02	3236
proofs/gate/g__var_bitc_PendingAttestation_rej_generated.bend	0	1	17.03	1025
proofs/api/bitvector_6_decode_ssz_proof_generated.bend	0	1	17.04	1865
e2e/FuluEth1Data_e2e_set_generated.bend	0	1	17.05	3403
proofs/gate/g__var_codec_ProgressiveSingleListContainerTestStruct_enc_generated.bend	0	1	17.06	2293
proofs/obj/gbits_bitvector_513_generated.bend	0	1	17.09	1205
e2e/bitvector_16_e2e_comp_generated.bend	0	1	17.10	3249
e2e/FuluSignedBLSToExecutionChange_e2e_set_generated.bend	0	1	17.11	2765
e2e/bitlist_3_e2e_decrep_generated.bend	0	1	17.11	3751
proofs/api/bitvector_17_hashtreeroot_proof_generated.bend	0	1	17.11	1435
e2e/e2e_db_generated.bend	0	1	17.12	4304
e2e/bitvector_31_e2e_witness_generated.bend	0	1	17.13	3317
e2e/bitvector_4_e2e_witness_generated.bend	0	1	17.14	3470
proofs/api/FuluBytes32_hashtreeroot_proof_generated.bend	0	1	17.14	1225
e2e/FuluLightClientHeader_e2e_decrep_generated.bend	0	1	17.16	4188
e2e/vec_uint128_1_e2e_ser_generated.bend	0	1	17.18	3349
proofs/api/bitvector_5_hashtreeroot_proof_generated.bend	0	1	17.19	1218
proofs/api/bitvector_7_decode_ssz_proof_generated.bend	0	1	17.19	1883
e2e/FuluCheckpoint_e2e_ser_generated.bend	0	1	17.21	3251
proofs/api/FuluColumnIndex_hashtreeroot_proof_generated.bend	0	1	17.22	1218
proofs/api/FuluPendingAttestation_encode_ssz_proof_generated.bend	0	1	17.22	2347
proofs/obj/encx_ExecutionRequests_iface_o_generated.bend	0	1	17.22	1838
proofs/obj/cloop3.bend	0	1	17.23	1291
proofs/gate/g__gbits_bitvector_513_generated.bend	0	1	17.25	1396
e2e/FuluSubnetID_e2e_ser_generated.bend	0	1	17.27	3381
e2e/bitlist_17_e2e_decrep_generated.bend	0	1	17.27	3673
proofs/obj/encx_ProgressiveVarTestStruct_generated.bend	0	1	17.27	2189
proofs/obj/var_bytesx_ExecutionPayloadHeader_generated.bend	0	1	17.30	2714
e2e/bitlist_2_e2e_decrep_generated.bend	0	1	17.31	3746
proofs/api/FuluBLSSignature_hashtreeroot_proof_generated.bend	0	1	17.31	1210
proofs/obj/gvalid_gbits_small_generated.bend	0	1	17.31	1240
proofs/api/FuluCustodyIndex_hashtreeroot_proof_generated.bend	0	1	17.33	1205
e2e/FuluCellIndex_e2e_comp_generated.bend	0	1	17.36	3095
e2e/FuluSignedVoluntaryExit_e2e_ser_generated.bend	0	1	17.36	3120
e2e/FuluSyncAggregatorSelectionData_e2e_set_generated.bend	0	1	17.36	3411
proofs/api/FuluBytes4_hashtreeroot_proof_generated.bend	0	1	17.36	1165
proofs/obj/gbits_small_generated.bend	0	1	17.36	1204
proofs/obj/var_bytes_LightClientBootstrap_generated.bend	0	1	17.36	1372
proofs/api/FuluDepositData_hashtreeroot_proof_generated.bend	0	1	17.38	1218
proofs/api/FuluMatrixEntry_decode_ssz_proof_generated.bend	0	1	17.39	1506
e2e/bitvector_511_e2e_comp_generated.bend	0	1	17.41	3383
e2e/FuluVersion_e2e_ser_generated.bend	0	1	17.43	3367
proofs/obj/var_winx_ProgressiveComplexTestStruct_generated.bend	0	1	17.43	2339
proofs/api/FuluSignedBLSToExecutionChange_hashtreeroot_proof_generated.bend	0	1	17.44	1193
proofs/api/bitvector_511_decode_ssz_proof_generated.bend	0	1	17.44	1874
proofs/obj/root_Transaction_generated.bend	0	1	17.44	1163
proofs/obj/var_codec_BitsStruct_enc_generated.bend	0	1	17.44	2332
e2e/bitvector_513_e2e_witness_generated.bend	0	1	17.45	2852
proofs/obj/wdstage.bend	0	1	17.45	1067
proofs/obj/sub_unique_FixedTestStruct_generated.bend	0	1	17.49	1518
e2e/bitlist_1_e2e_decrep_generated.bend	0	1	17.50	4052
e2e/FuluSignedAggregateAndProof_e2e_set_generated.bend	0	1	17.51	4370
proofs/api/FuluBLSToExecutionChange_hashtreeroot_proof_generated.bend	0	1	17.54	1197
proofs/api/FuluValidator_hashtreeroot_proof_generated.bend	0	1	17.55	1220
proofs/api/FuluCellIndex_hashtreeroot_proof_generated.bend	0	1	17.56	1200
e2e/bitvector_6_e2e_comp_generated.bend	0	1	17.57	3019
e2e/bitvector_33_e2e_comp_generated.bend	0	1	17.59	3658
proofs/api/bitvector_31_decode_ssz_proof_generated.bend	0	1	17.59	1888
proofs/obj/var_bitc_PendingAttestation_unique_generated.bend	0	1	17.59	1335
e2e/bitvector_17_e2e_comp_generated.bend	0	1	17.61	3356
proofs/api/vec_uint8_512_decode_ssz_proof_generated.bend	0	1	17.62	1494
proofs/obj/var_codec_ComplexTestStruct_generated.bend	0	1	17.62	2611
proofs/api/FixedTestStruct_decode_ssz_proof_generated.bend	0	1	17.63	1673
e2e/FuluEpoch_e2e_comp_generated.bend	0	1	17.66	3275
e2e/FuluPendingDeposit_e2e_comp_generated.bend	0	1	17.66	3457
e2e/FuluWithdrawalIndex_e2e_ser_generated.bend	0	1	17.66	3234
proofs/obj/gbits_bitvector_511_generated.bend	0	1	17.66	1188
proofs/gate/g__gbits_bitvector_511_generated.bend	0	1	17.67	1391
proofs/gate/g__sub_vec_bool_513_generated.bend	0	1	17.67	648
proofs/obj/packed_obj_generated.bend	0	1	17.67	1142
proofs/obj/elems48.bend	0	1	17.68	1241
e2e/FuluExecutionPayloadHeader_e2e_set_generated.bend	0	1	17.69	4317
e2e/bitvector_3_e2e_comp_generated.bend	0	1	17.70	3284
e2e/bitvector_2_e2e_comp_generated.bend	0	1	17.71	3423
e2e/FuluDataColumnsByRootIdentifier_e2e_set_generated.bend	0	1	17.75	3649
e2e/uint64_e2e_ser_generated.bend	0	1	17.75	3391
proofs/api/FuluCheckpoint_hashtreeroot_proof_generated.bend	0	1	17.75	1219
proofs/obj/chist.bend	0	1	17.76	1300
proofs/api/FuluWithdrawalIndex_hashtreeroot_proof_generated.bend	0	1	17.77	1188
e2e/bitvector_513_e2e_comp_generated.bend	0	1	17.79	3690
e2e/vec_uint128_16_e2e_ser_generated.bend	0	1	17.79	3289
e2e/FuluBlobSidecar_e2e_set_generated.bend	0	1	17.80	3607
e2e/FuluDomainType_e2e_comp_generated.bend	0	1	17.80	3092
e2e/bitvector_1_e2e_comp_generated.bend	0	1	17.80	3409
e2e/bitvector_4_e2e_comp_generated.bend	0	1	17.81	3903
e2e/FuluCellIndex_e2e_ser_generated.bend	0	1	17.82	3406
e2e/FuluSigningData_e2e_comp_generated.bend	0	1	17.82	3142
e2e/FuluProposerSlashing_e2e_set_generated.bend	0	1	17.83	4088
e2e/FuluSignedBLSToExecutionChange_e2e_comp_generated.bend	0	1	17.83	3457
proofs/api/FuluCommitteeIndex_hashtreeroot_proof_generated.bend	0	1	17.83	1183
e2e/FuluProposerSlashing_e2e_witness_generated.bend	0	1	17.84	4462
e2e/FuluVersion_e2e_comp_generated.bend	0	1	17.84	3311
e2e/e2e_rec_ExecutionRequests_generated.bend	0	1	17.85	2400
proofs/api/bitvector_2_decode_ssz_proof_generated.bend	0	1	17.85	1865
e2e/FuluBeaconBlockHeader_e2e_ser_generated.bend	0	1	17.86	3400
e2e/FuluMatrixEntry_e2e_set_generated.bend	0	1	17.86	4339
proofs/gate/g__var_win_AggregateAndProof_unique_generated.bend	0	1	17.87	1461
proofs/obj/cached_l16_WithdrawalRequest_generated.bend	0	1	17.87	1390
proofs/obj/gvalid_gbits_bitvector_511_generated.bend	0	1	17.88	1257
e2e/vec_uint128_4_e2e_ser_generated.bend	0	1	17.89	3342
proofs/api/bitvector_2_hashtreeroot_proof_generated.bend	0	1	17.89	1262
proofs/obj/lim_leaf.bend	0	1	17.89	1309
e2e/bitvector_31_e2e_comp_generated.bend	0	1	17.93	3353
e2e/FuluSlot_e2e_ser_generated.bend	0	1	17.94	3322
proofs/gate/g__var_codec_ComplexTestStruct_generated.bend	0	1	17.94	2666
e2e/bitvector_15_e2e_comp_generated.bend	0	1	17.95	3454
proofs/api/FuluBytes48_hashtreeroot_proof_generated.bend	0	1	17.95	1220
proofs/obj/cached_l8192_DepositRequest_generated.bend	0	1	17.96	1172
proofs/obj/root_names_generated.bend	0	1	17.97	1237
proofs/obj/var_bitc_Attestation_unique_generated.bend	0	1	17.97	1356
e2e/FuluLightClientOptimisticUpdate_e2e_decrep_generated.bend	0	1	17.98	4177
e2e/FuluSignedVoluntaryExit_e2e_set_generated.bend	0	1	17.98	3416
e2e/FuluColumnIndex_e2e_ser_generated.bend	0	1	18.00	3405
proofs/api/ProgressiveSingleListContainerTestStruct_encode_ssz_proof_generated.bend	0	1	18.00	1921
proofs/api/bitvector_33_decode_ssz_proof_generated.bend	0	1	18.00	1938
proofs/api/bitvector_3_hashtreeroot_proof_generated.bend	0	1	18.00	1247
proofs/api/bitvector_513_hashtreeroot_proof_generated.bend	0	1	18.00	1391
proofs/obj/encx_ProgressiveSingleListContainerTestStruct_iface_generated.bend	0	1	18.01	2101
e2e/bitvector_512_e2e_comp_generated.bend	0	1	18.03	3581
proofs/api/FuluSignedAggregateAndProof_decode_ssz_proof_generated.bend	0	1	18.03	1497
e2e/FuluEth1Data_e2e_comp_generated.bend	0	1	18.04	3379
e2e/FuluCheckpoint_e2e_comp_generated.bend	0	1	18.05	3056
e2e/FuluSyncAggregate_e2e_ser_generated.bend	0	1	18.05	3266
proofs/obj/cached_l2_ConsolidationRequest_generated.bend	0	1	18.05	1296
proofs/obj/var_win_SignedAggregateAndProof_unique_generated.bend	0	1	18.05	1383
e2e/FuluDepositRequest_e2e_ser_generated.bend	0	1	18.08	3438
proofs/obj/encx_l1099511627776_Validator_generated.bend	0	1	18.08	2378
proofs/obj/wdepth.bend	0	1	18.08	1090
e2e/uint8_e2e_comp_generated.bend	0	1	18.09	3029
proofs/api/FuluCommitmentIndex_hashtreeroot_proof_generated.bend	0	1	18.09	1225
proofs/obj/gvalid_gbits_bitvector_513_generated.bend	0	1	18.10	1330
e2e/FuluLightClientUpdate_e2e_set_generated.bend	0	1	18.11	3753
e2e/FuluDomainType_e2e_ser_generated.bend	0	1	18.12	3237
proofs/api/vec_bool_513_encode_ssz_proof_generated.bend	0	1	18.13	696
e2e/FuluWithdrawal_e2e_set_generated.bend	0	1	18.14	2728
e2e/uint256_e2e_ser_generated.bend	0	1	18.15	3426
proofs/api/bitvector_6_hashtreeroot_proof_generated.bend	0	1	18.15	1247
proofs/obj/cgrow.bend	0	1	18.16	1390
e2e/bitvector_9_e2e_comp_generated.bend	0	1	18.18	3754
proofs/api/vec_uint8_513_decode_ssz_proof_generated.bend	0	1	18.22	1527
e2e/FuluEth1Block_e2e_set_generated.bend	0	1	18.23	2743
proofs/obj/cached_l134217728_PendingPartialWithdrawal_generated.bend	0	1	18.25	1282
proofs/api/FuluBlobSidecar_encode_ssz_proof_generated.bend	0	1	18.26	1268
e2e/bitvector_32_e2e_ser_generated.bend	0	1	18.27	3263
proofs/api/FuluForkDigest_hashtreeroot_proof_generated.bend	0	1	18.30	1179
e2e/vec_uint128_8_e2e_ser_generated.bend	0	1	18.32	3203
proofs/api/bitvector_1_hashtreeroot_proof_generated.bend	0	1	18.32	1335
proofs/api/boolean_decode_ssz_proof_generated.bend	0	1	18.32	1983
proofs/gate/g__var_bitc_Attestation_unique_generated.bend	0	1	18.32	1417
e2e/FuluDepositRequest_e2e_comp_generated.bend	0	1	18.36	3424
e2e/FuluVersionedHash_e2e_comp_generated.bend	0	1	18.36	3142
e2e/FuluSignedVoluntaryExit_e2e_comp_generated.bend	0	1	18.39	3419
e2e/uint64_e2e_comp_generated.bend	0	1	18.39	3075
e2e/FuluValidatorIndex_e2e_ser_generated.bend	0	1	18.41	3373
e2e/bitvector_7_e2e_comp_generated.bend	0	1	18.41	3703
proofs/api/FuluDepositMessage_hashtreeroot_proof_generated.bend	0	1	18.44	1209
proofs/api/FuluLightClientBootstrap_encode_ssz_proof_generated.bend	0	1	18.45	1606
proofs/gate/g__gbits_small_generated.bend	0	1	18.45	1285
proofs/api/FuluSignedVoluntaryExit_hashtreeroot_proof_generated.bend	0	1	18.46	1184
proofs/obj/pbits_obj.bend	0	1	18.47	1267
e2e/bitvector_32_e2e_comp_generated.bend	0	1	18.48	3587
e2e/FuluProposerSlashing_e2e_comp_generated.bend	0	1	18.50	4263
proofs/api/FuluVoluntaryExit_hashtreeroot_proof_generated.bend	0	1	18.50	1196
proofs/api/uint64_hashtreeroot_proof_generated.bend	0	1	18.51	1218
e2e/FuluEth1Block_e2e_ser_generated.bend	0	1	18.52	3234
e2e/FuluVoluntaryExit_e2e_set_generated.bend	0	1	18.52	2734
e2e/FuluWithdrawalRequest_e2e_ser_generated.bend	0	1	18.52	3415
proofs/api/boolean_hashtreeroot_proof_generated.bend	0	1	18.52	1188
proofs/obj/cloop2.bend	0	1	18.52	1227
proofs/obj/cached_l262144_PendingConsolidation_generated.bend	0	1	18.53	1257
proofs/api/CompatibleUnionA_encode_ssz_proof_generated.bend	0	1	18.55	2799
proofs/api/FuluSigningData_hashtreeroot_proof_generated.bend	0	1	18.55	1208
proofs/gate/g__root_names_generated.bend	0	1	18.57	1241
proofs/obj/var_bytes_LightClientHeader_unique_generated.bend	0	1	18.57	1498
e2e/FuluSigningData_e2e_set_generated.bend	0	1	18.61	2727
proofs/obj/encx_l16_Deposit_generated.bend	0	1	18.61	1949
e2e/FuluContributionAndProof_e2e_set_generated.bend	0	1	18.62	4026
e2e/bitvector_512_e2e_ser_generated.bend	0	1	18.62	3271
proofs/api/FuluDepositRequest_hashtreeroot_proof_generated.bend	0	1	18.62	1190
proofs/api/FuluRoot_hashtreeroot_proof_generated.bend	0	1	18.62	1191
proofs/api/bitvector_9_hashtreeroot_proof_generated.bend	0	1	18.62	1301
e2e/FuluSubnetID_e2e_comp_generated.bend	0	1	18.63	3116
proofs/api/FuluEth1Data_hashtreeroot_proof_generated.bend	0	1	18.63	1193
proofs/api/bitvector_31_hashtreeroot_proof_generated.bend	0	1	18.63	1265
proofs/api/vec_bool_2_decode_ssz_proof_generated.bend	0	1	18.64	2444
proofs/api/FixedTestStruct_hashtreeroot_proof_generated.bend	0	1	18.65	1552
e2e/vec_uint128_31_e2e_ser_generated.bend	0	1	18.66	3396
proofs/api/FuluWithdrawal_hashtreeroot_proof_generated.bend	0	1	18.67	1203
proofs/gate/g__sub_unique_vec_uint8_512_generated.bend	0	1	18.67	1535
proofs/api/FuluEther_hashtreeroot_proof_generated.bend	0	1	18.68	1222
proofs/api/FuluValidatorIndex_hashtreeroot_proof_generated.bend	0	1	18.69	1183
proofs/api/bitvector_16_hashtreeroot_proof_generated.bend	0	1	18.69	1405
proofs/obj/encx_Attestation_generated.bend	0	1	18.69	2237
proofs/api/vec_bool_5_decode_ssz_proof_generated.bend	0	1	18.70	2436
proofs/obj/cached_l16777216_HistoricalSummary_generated.bend	0	1	18.71	1369
proofs/api/FuluExecutionAddress_hashtreeroot_proof_generated.bend	0	1	18.72	1187
e2e/FuluDataColumnsByRootIdentifier_e2e_witness_generated.bend	0	1	18.73	4588
proofs/api/FuluDomain_hashtreeroot_proof_generated.bend	0	1	18.74	1196
proofs/api/BitsStruct_encode_ssz_proof_generated.bend	0	1	18.76	2328
proofs/api/FuluSyncCommitteeMessage_hashtreeroot_proof_generated.bend	0	1	18.77	1219
proofs/obj/encx_pl_SmallTestStruct_generated.bend	0	1	18.77	3100
proofs/obj/encx_ProgressiveSingleListContainerTestStruct_iface_o_generated.bend	0	1	18.78	2227
proofs/obj/encx_l1_AttesterSlashing_generated.bend	0	1	18.78	2259
proofs/api/FuluG2Point_hashtreeroot_proof_generated.bend	0	1	18.79	1183
proofs/api/FuluPayloadId_hashtreeroot_proof_generated.bend	0	1	18.79	1200
proofs/obj/cached_l134217728_PendingDeposit_generated.bend	0	1	18.80	1278
e2e/uint8_e2e_witness_generated.bend	0	1	18.81	2807
proofs/api/vec_bool_8_decode_ssz_proof_generated.bend	0	1	18.81	2285
proofs/api/FuluKZGProof_hashtreeroot_proof_generated.bend	0	1	18.83	1219
e2e/FuluSyncAggregatorSelectionData_e2e_ser_generated.bend	0	1	18.86	3286
proofs/api/FuluPendingPartialWithdrawal_hashtreeroot_proof_generated.bend	0	1	18.86	1205
proofs/api/FuluWithdrawalRequest_hashtreeroot_proof_generated.bend	0	1	18.86	1183
e2e/e2e_rls_generated.bend	0	1	18.87	2736
e2e/vec_uint128_512_e2e_ser_generated.bend	0	1	18.87	3284
proofs/api/FuluDomainType_hashtreeroot_proof_generated.bend	0	1	18.87	1222
e2e/FuluWithdrawalRequest_e2e_set_generated.bend	0	1	18.88	3273
e2e/bitvector_5_e2e_comp_generated.bend	0	1	18.88	3842
proofs/obj/cached_l16_Withdrawal_generated.bend	0	1	18.88	1423
proofs/gate/g__spec_arr_BlobSidecar_generated.bend	0	1	18.89	1180
proofs/gate/g__var_bitc_enc_PendingAttestation_generated.bend	0	1	18.89	2253
e2e/FuluContributionAndProof_e2e_witness_generated.bend	0	1	18.91	4388
proofs/api/FuluHash32_hashtreeroot_proof_generated.bend	0	1	18.93	1208
e2e/vec_uint128_2_e2e_ser_generated.bend	0	1	18.94	3389
proofs/api/bitvector_4_hashtreeroot_proof_generated.bend	0	1	18.95	1280
proofs/obj/bitlist_obj.bend	0	1	18.98	1278
proofs/api/FuluHistoricalSummary_hashtreeroot_proof_generated.bend	0	1	19.00	1231
proofs/api/bitvector_511_hashtreeroot_proof_generated.bend	0	1	19.00	1219
proofs/api/FuluBlobIndex_hashtreeroot_proof_generated.bend	0	1	19.02	1201
e2e/FuluAttestation_e2e_set_generated.bend	0	1	19.04	3802
proofs/api/bitvector_8_hashtreeroot_proof_generated.bend	0	1	19.04	1219
proofs/api/FuluFork_hashtreeroot_proof_generated.bend	0	1	19.05	1193
proofs/api/bitvector_33_hashtreeroot_proof_generated.bend	0	1	19.05	1304
proofs/api/FuluSyncAggregate_hashtreeroot_proof_generated.bend	0	1	19.06	1181
e2e/FuluSlot_e2e_comp_generated.bend	0	1	19.07	3320
e2e/uint256_e2e_comp_generated.bend	0	1	19.08	3434
proofs/api/FuluRowIndex_hashtreeroot_proof_generated.bend	0	1	19.08	1181
proofs/api/FuluKZGCommitment_hashtreeroot_proof_generated.bend	0	1	19.09	1190
proofs/api/FuluSubnetID_hashtreeroot_proof_generated.bend	0	1	19.09	1191
proofs/obj/vbv257s.bend	0	1	19.09	3373
proofs/api/FuluForkData_hashtreeroot_proof_generated.bend	0	1	19.10	1195
proofs/api/FuluSlot_hashtreeroot_proof_generated.bend	0	1	19.10	1196
proofs/gate/g__var_codec_AttesterSlashing_enc_generated.bend	0	1	19.11	1189
proofs/gate/g__var_win_SignedAggregateAndProof_unique_generated.bend	0	1	19.11	1513
proofs/obj/encx_AttesterSlashing_iface_generated.bend	0	1	19.12	2211
e2e/FuluAggregateAndProof_e2e_set_generated.bend	0	1	19.13	3696
e2e/vec_uint128_5_e2e_ser_generated.bend	0	1	19.13	3358
proofs/gate/g__sub_unique_FixedTestStruct_generated.bend	0	1	19.14	1561
e2e/FuluAttestationData_e2e_comp_generated.bend	0	1	19.16	3481
e2e/FuluLightClientOptimisticUpdate_e2e_set_generated.bend	0	1	19.16	3770
proofs/api/FuluPendingAttestation_decode_ssz_proof_generated.bend	0	1	19.19	1429
proofs/gate/g__var_codec_BitsStruct_enc_generated.bend	0	1	19.21	2444
e2e/FuluBeaconBlockHeader_e2e_set_generated.bend	0	1	19.23	3430
e2e/FuluVoluntaryExit_e2e_ser_generated.bend	0	1	19.23	3413
proofs/api/FuluVersion_hashtreeroot_proof_generated.bend	0	1	19.24	1220
e2e/FuluEpoch_e2e_ser_generated.bend	0	1	19.27	3039
e2e/FuluEth1Block_e2e_comp_generated.bend	0	1	19.27	3146
e2e/FuluSyncAggregate_e2e_comp_generated.bend	0	1	19.29	3451
e2e/FuluCheckpoint_e2e_set_generated.bend	0	1	19.30	2748
e2e/FuluWithdrawalRequest_e2e_comp_generated.bend	0	1	19.30	3182
proofs/api/FuluGwei_hashtreeroot_proof_generated.bend	0	1	19.32	1218
e2e/FuluSyncCommitteeContribution_e2e_ser_generated.bend	0	1	19.33	3439
e2e/FuluWithdrawalIndex_e2e_comp_generated.bend	0	1	19.33	3416
e2e/FuluPendingAttestation_e2e_set_generated.bend	0	1	19.37	4345
e2e/FuluIndexedAttestation_e2e_set_generated.bend	0	1	19.38	3831
proofs/api/FuluNodeID_hashtreeroot_proof_generated.bend	0	1	19.38	1190
proofs/api/FuluSignedBeaconBlockHeader_hashtreeroot_proof_generated.bend	0	1	19.38	1190
proofs/api/FuluAttestation_encode_ssz_proof_generated.bend	0	1	19.39	3096
e2e/FuluColumnIndex_e2e_comp_generated.bend	0	1	19.41	3112
proofs/api/FuluSyncAggregatorSelectionData_hashtreeroot_proof_generated.bend	0	1	19.42	1192
proofs/obj/pcont_generated.bend	0	1	19.43	1026
e2e/FuluWithdrawal_e2e_ser_generated.bend	0	1	19.44	3444
e2e/vec_uint32_3_e2e_witness_generated.bend	0	1	19.44	3833
proofs/obj/encx_l10_ProgressiveSingleFieldContainerTestStruct_d_generated.bend	0	1	19.49	3236
e2e/vec_uint8_8_e2e_witness_generated.bend	0	1	19.51	3497
e2e/FuluDataColumnsByRootIdentifier_e2e_comp_generated.bend	0	1	19.52	4564
e2e/FuluExecutionPayloadHeader_e2e_witness_generated.bend	0	1	19.52	4938
proofs/api/FuluSingleAttestation_hashtreeroot_proof_generated.bend	0	1	19.53	1206
proofs/obj/prog_list_generated.bend	0	1	19.54	1184
e2e/vec_uint32_4_e2e_witness_generated.bend	0	1	19.55	3842
proofs/obj/var_winx_ComplexTestStruct_generated.bend	0	1	19.55	2746
e2e/FuluSyncAggregate_e2e_set_generated.bend	0	1	19.58	3402
e2e/uint16_e2e_witness_generated.bend	0	1	19.63	3230
e2e/vec_uint32_16_e2e_witness_generated.bend	0	1	19.63	3775
proofs/obj/blist_obj_generated.bend	0	1	19.64	1158
proofs/obj/spec_gany_2_generated.bend	0	1	19.64	1209
proofs/api/FuluSyncCommitteeContribution_hashtreeroot_proof_generated.bend	0	1	19.65	1180
e2e/FuluSignedAggregateAndProof_e2e_decrep_generated.bend	0	1	19.66	5380
e2e/FuluSyncCommitteeContribution_e2e_set_generated.bend	0	1	19.66	3362
e2e/vec_uint8_5_e2e_witness_generated.bend	0	1	19.68	3850
proofs/api/vec_bool_1_decode_ssz_proof_generated.bend	0	1	19.69	2312
proofs/api/bitvector_15_hashtreeroot_proof_generated.bend	0	1	19.71	1260
e2e/vec_uint128_3_e2e_ser_generated.bend	0	1	19.72	3444
e2e/FuluSyncCommitteeMessage_e2e_set_generated.bend	0	1	19.73	3517
proofs/obj/encx_l10_ProgressiveSingleFieldContainerTestStruct_generated.bend	0	1	19.74	3225
proofs/api/FuluG1Point_hashtreeroot_proof_generated.bend	0	1	19.75	1229
proofs/gate/g__var_bytes_LightClientBootstrap_generated.bend	0	1	19.76	1248
e2e/vec_uint32_1_e2e_witness_generated.bend	0	1	19.79	3842
proofs/api/FuluEpoch_hashtreeroot_proof_generated.bend	0	1	19.80	1202
proofs/api/FuluPowBlock_hashtreeroot_proof_generated.bend	0	1	19.80	1212
proofs/api/FuluPendingDeposit_hashtreeroot_proof_generated.bend	0	1	19.81	1218
proofs/obj/capi.bend	0	1	19.81	1281
proofs/obj/vbv257.bend	0	1	19.81	3068
proofs/obj/spec_arr_BlobSidecar_generated.bend	0	1	19.82	1186
e2e/FuluWithdrawal_e2e_comp_generated.bend	0	1	19.84	3247
e2e/FuluAttesterSlashing_e2e_set_generated.bend	0	1	19.88	3742
e2e/FuluSingleAttestation_e2e_set_generated.bend	0	1	19.89	3472
e2e/FuluLightClientHeader_e2e_set_generated.bend	0	1	19.91	4336
e2e/vec_uint128_513_e2e_ser_generated.bend	0	1	19.91	3301
e2e/vec_uint64_2_e2e_witness_generated.bend	0	1	19.91	3886
proofs/obj/vrecb.bend	0	1	19.91	2990
proofs/api/vec_bool_4_decode_ssz_proof_generated.bend	0	1	19.92	2308
e2e/FuluMatrixEntry_e2e_witness_generated.bend	0	1	19.93	3900
e2e/vec_uint32_8_e2e_witness_generated.bend	0	1	19.93	3798
e2e/FuluContributionAndProof_e2e_comp_generated.bend	0	1	19.99	4601
e2e/vec_uint8_1_e2e_witness_generated.bend	0	1	20.04	3853
e2e/vec_uint32_31_e2e_witness_generated.bend	0	1	20.05	3831
proofs/gate/g__var_bitc_PendingAttestation_unique_generated.bend	0	1	20.05	1191
proofs/api/vec_bool_31_decode_ssz_proof_generated.bend	0	1	20.07	2283
e2e/SingleFieldTestStruct_e2e_witness_generated.bend	0	1	20.10	2936
e2e/vec_uint32_2_e2e_witness_generated.bend	0	1	20.11	4153
proofs/obj/encx_ExecutionPayload_generated.bend	0	1	20.11	1808
e2e/vec_uint8_3_e2e_witness_generated.bend	0	1	20.12	3852
proofs/gate/g__sub_unique_vec_uint8_513_generated.bend	0	1	20.13	1835
proofs/gate/g__var_bytes_LightClientHeader_unique_generated.bend	0	1	20.13	1501
e2e/vec_uint256_3_e2e_witness_generated.bend	0	1	20.14	3831
e2e/FuluValidatorIndex_e2e_comp_generated.bend	0	1	20.18	3273
proofs/obj/wbits_obj.bend	0	1	20.18	1266
e2e/FuluSyncCommitteeMessage_e2e_ser_generated.bend	0	1	20.20	3138
e2e/vec_uint256_31_e2e_witness_generated.bend	0	1	20.20	3957
proofs/obj/packed_bytes_generated.bend	0	1	20.20	1160
proofs/obj/encx_CompatibleUnionA_iface_generated.bend	0	1	20.21	3249
proofs/obj/var_codec_CompatibleUnionBC_enc_generated.bend	0	1	20.21	3855
proofs/api/FuluPendingConsolidation_hashtreeroot_proof_generated.bend	0	1	20.24	1183
e2e/vec_uint256_512_e2e_witness_generated.bend	0	1	20.26	3855
e2e/FuluHistoricalBatch_e2e_set_generated.bend	0	1	20.28	4333
e2e/vec_uint256_513_e2e_witness_generated.bend	0	1	20.29	3957
e2e/FixedTestStruct_e2e_witness_generated.bend	0	1	20.32	3840
e2e/vec_uint8_16_e2e_witness_generated.bend	0	1	20.33	3908
e2e/FuluVersionedHash_e2e_ser_generated.bend	0	1	20.34	3241
e2e/vec_uint32_5_e2e_witness_generated.bend	0	1	20.34	4122
proofs/api/vec_bool_16_decode_ssz_proof_generated.bend	0	1	20.35	2105
e2e/FuluAttestation_e2e_decrep_generated.bend	0	1	20.36	5338
proofs/api/vec_bool_3_decode_ssz_proof_generated.bend	0	1	20.37	2302
e2e/vec_uint32_512_e2e_witness_generated.bend	0	1	20.38	4159
proofs/obj/var_bytes_LightClientOptimisticUpdate_rej_generated.bend	0	1	20.38	1361
e2e/SingleFieldTestStruct_e2e_set_generated.bend	0	1	20.40	3594
proofs/gate/g__root_gnames_generated.bend	0	1	20.41	1312
e2e/FuluSyncCommitteeContribution_e2e_comp_generated.bend	0	1	20.45	3133
e2e/vec_uint8_8_e2e_comp_generated.bend	0	1	20.45	3482
e2e/FuluBeaconBlockHeader_e2e_comp_generated.bend	0	1	20.46	3160
e2e/FuluSyncAggregatorSelectionData_e2e_comp_generated.bend	0	1	20.50	3116
proofs/obj/var_bytesx_LightClientHeader_generated.bend	0	1	20.50	2974
e2e/FuluDataColumnSidecar_e2e_witness_generated.bend	0	1	20.52	4602
e2e/vec_uint32_3_e2e_comp_generated.bend	0	1	20.55	3405
e2e/vec_uint32_5_e2e_comp_generated.bend	0	1	20.55	4142
e2e/vec_uint32_16_e2e_comp_generated.bend	0	1	20.56	4215
e2e/vec_uint32_1_e2e_comp_generated.bend	0	1	20.57	3458
proofs/obj/valid_obj2.bend	0	1	20.57	1524
e2e/vec_uint8_4_e2e_witness_generated.bend	0	1	20.59	4083
e2e/FuluAggregateAndProof_e2e_decrep_generated.bend	0	1	20.61	4828
e2e/FuluLightClientBootstrap_e2e_decrep_generated.bend	0	1	20.61	4334
e2e/vec_uint64_3_e2e_comp_generated.bend	0	1	20.62	3859
proofs/obj/var_codec_VarTestStruct_enc_generated.bend	0	1	20.62	3485
e2e/vec_uint32_4_e2e_comp_generated.bend	0	1	20.63	3285
e2e/vec_uint64_8_e2e_witness_generated.bend	0	1	20.63	4108
e2e/FuluExecutionRequests_e2e_witness_generated.bend	0	1	20.64	5179
e2e/FuluSingleAttestation_e2e_ser_generated.bend	0	1	20.64	3436
proofs/api/uint256_hashtreeroot_proof_generated.bend	0	1	20.64	1218
e2e/ProgressiveSingleFieldContainerTestStruct_e2e_witness_generated.bend	0	1	20.66	3230
proofs/obj/encx_CompatibleUnionBC_iface_generated.bend	0	1	20.67	3968
e2e/vec_uint256_4_e2e_witness_generated.bend	0	1	20.70	4136
e2e/vec_uint256_5_e2e_witness_generated.bend	0	1	20.70	4150
proofs/obj/lim_st.bend	0	1	20.74	1241
e2e/vec_uint64_2_e2e_comp_generated.bend	0	1	20.77	3848
e2e/FuluPendingAttestation_e2e_decrep_generated.bend	0	1	20.79	4993
e2e/FuluValidator_e2e_ser_generated.bend	0	1	20.84	3195
e2e/vec_uint32_2_e2e_comp_generated.bend	0	1	20.84	4159
e2e/vec_uint8_2_e2e_witness_generated.bend	0	1	20.84	3503
e2e/vec_uint8_3_e2e_comp_generated.bend	0	1	20.84	3999
e2e/vec_uint256_16_e2e_witness_generated.bend	0	1	20.86	3930
e2e/vec_uint64_513_e2e_witness_generated.bend	0	1	20.87	3818
proofs/obj/encx_ExecutionPayloadHeader_generated.bend	0	1	20.87	1635
proofs/obj/var_codec_ExecutionPayload_generated.bend	0	1	20.87	3028
e2e/SmallTestStruct_e2e_set_generated.bend	0	1	20.89	3894
e2e/vec_uint256_512_e2e_comp_generated.bend	0	1	20.89	3881
e2e/SmallTestStruct_e2e_comp_generated.bend	0	1	20.91	3446
e2e/vec_uint32_513_e2e_comp_generated.bend	0	1	20.91	3935
e2e/vec_uint64_4_e2e_witness_generated.bend	0	1	20.91	3850
proofs/obj/cmut.bend	0	1	20.91	1139
e2e/vec_uint64_16_e2e_comp_generated.bend	0	1	20.93	4152
e2e/vec_uint8_16_e2e_comp_generated.bend	0	1	20.93	3610
proofs/root_domain_broader.bend	0	1	20.93	1575
e2e/vec_uint256_3_e2e_comp_generated.bend	0	1	20.98	4188
e2e/vec_uint64_1_e2e_comp_generated.bend	0	1	20.98	3883
e2e/vec_uint64_512_e2e_witness_generated.bend	0	1	20.98	3826
proofs/obj/var_codec_CompatibleUnionA_enc_generated.bend	0	1	21.00	3407
e2e/uint128_e2e_ser_generated.bend	0	1	21.03	3459
e2e/boolean_e2e_comp_generated.bend	0	1	21.04	4049
e2e/vec_uint8_31_e2e_comp_generated.bend	0	1	21.04	4045
e2e/vec_uint256_8_e2e_witness_generated.bend	0	1	21.06	3421
e2e/vec_uint64_16_e2e_witness_generated.bend	0	1	21.07	3971
e2e/vec_uint32_8_e2e_comp_generated.bend	0	1	21.09	4004
e2e/vec_uint8_31_e2e_witness_generated.bend	0	1	21.09	3962
proofs/api/FuluBlobSidecar_hashtreeroot_proof_generated.bend	0	1	21.09	1737
proofs/obj/var_codec_ProgressiveVarTestStruct_enc_generated.bend	0	1	21.09	3176
e2e/vec_uint8_2_e2e_comp_generated.bend	0	1	21.11	3579
e2e/FuluValidator_e2e_set_generated.bend	0	1	21.13	3472
e2e/FixedTestStruct_e2e_comp_generated.bend	0	1	21.17	4346
e2e/vec_uint32_513_e2e_witness_generated.bend	0	1	21.20	4190
proofs/api/FuluAttesterSlashing_hashtreeroot_proof_generated.bend	0	1	21.20	1919
proofs/obj/encx_pl_SmallTestStruct_d_generated.bend	0	1	21.20	3480
proofs/obj/spec_gany_1_generated.bend	0	1	21.21	1245
e2e/vec_uint8_5_e2e_comp_generated.bend	0	1	21.22	3518
proofs/obj/encx_Attestation_iface_generated.bend	0	1	21.22	2427
e2e/vec_uint256_2_e2e_witness_generated.bend	0	1	21.23	4224
proofs/obj/sub_unique_vec_uint16_512_generated.bend	0	1	21.23	1906
e2e/vec_uint64_3_e2e_witness_generated.bend	0	1	21.27	4122
proofs/gate/g__var_bytes_LightClientOptimisticUpdate_unique_generated.bend	0	1	21.28	1387
e2e/vec_uint64_1_e2e_witness_generated.bend	0	1	21.30	4213
e2e/vec_uint256_4_e2e_comp_generated.bend	0	1	21.31	3344
e2e/vec_uint8_4_e2e_comp_generated.bend	0	1	21.32	4103
proofs/api/SmallTestStruct_hashtreeroot_proof_generated.bend	0	1	21.33	1503
e2e/FuluExecutionPayload_e2e_set_generated.bend	0	1	21.34	6098
proofs/obj/var_bitc_enc_Attestation_generated.bend	0	1	21.34	3080
proofs/obj/var_winx_ExecutionPayload_generated.bend	0	1	21.34	2846
proofs/decode_complete.bend	0	1	21.35	1660
e2e/FuluLightClientFinalityUpdate_e2e_set_generated.bend	0	1	21.36	4374
e2e/vec_uint64_31_e2e_witness_generated.bend	0	1	21.39	3999
e2e/FixedTestStruct_e2e_set_generated.bend	0	1	21.41	3206
e2e/FuluSignedContributionAndProof_e2e_set_generated.bend	0	1	21.41	4335
e2e/ProgressiveSingleFieldContainerTestStruct_e2e_set_generated.bend	0	1	21.44	3093
proofs/api/bitvector_512_hashtreeroot_proof_generated.bend	0	1	21.48	1490
e2e/vec_uint64_8_e2e_comp_generated.bend	0	1	21.49	3453
proofs/obj/spec_gany_0_generated.bend	0	1	21.50	1236
e2e/e2e_bbsl_generated.bend	0	1	21.51	2717
e2e/vec_uint64_512_e2e_comp_generated.bend	0	1	21.52	4110
e2e/vec_uint64_5_e2e_witness_generated.bend	0	1	21.52	4123
proofs/obj/plist_obj.bend	0	1	21.54	1187
e2e/FuluExecutionRequests_e2e_comp_generated.bend	0	1	21.56	6291
proofs/api/FuluAttestation_hashtreeroot_proof_generated.bend	0	1	21.56	1828
e2e/SmallTestStruct_e2e_witness_generated.bend	0	1	21.58	3687
proofs/obj/encx_l8_Attestation_generated.bend	0	1	21.60	2719
proofs/obj/spec_gany_4_generated.bend	0	1	21.64	1262
e2e/vec_uint32_31_e2e_comp_generated.bend	0	1	21.65	3450
e2e/vec_uint64_4_e2e_comp_generated.bend	0	1	21.66	3439
e2e/vec_uint32_512_e2e_comp_generated.bend	0	1	21.68	3496
proofs/api/SingleFieldTestStruct_hashtreeroot_proof_generated.bend	0	1	21.68	1302
proofs/gate/g__var_codec_CompatibleUnionA_enc_generated.bend	0	1	21.68	3098
e2e/FuluVoluntaryExit_e2e_comp_generated.bend	0	1	21.69	3423
e2e/vec_uint8_1_e2e_comp_generated.bend	0	1	21.71	3523
proofs/obj/var_codec_ProgressiveVarTestStruct_enc_o_generated.bend	0	1	21.71	3570
proofs/obj/var_codec_VarTestStruct_enc_o_generated.bend	0	1	21.72	3556
e2e/vec_uint256_8_e2e_comp_generated.bend	0	1	21.75	4283
proofs/api/uint16_hashtreeroot_proof_generated.bend	0	1	21.76	1493
e2e/FuluCell_e2e_witness_generated.bend	0	1	21.77	4119
e2e/uint128_e2e_comp_generated.bend	0	1	21.77	3534
e2e/vec_uint256_1_e2e_witness_generated.bend	0	1	21.80	3467
e2e/vec_uint64_513_e2e_comp_generated.bend	0	1	21.80	4286
e2e/vec_uint256_5_e2e_comp_generated.bend	0	1	21.84	4212
proofs/obj/var_bytes_LightClientOptimisticUpdate_unique_generated.bend	0	1	21.89	1556
proofs/obj/var_codec_CompatibleUnionABCA_enc_generated.bend	0	1	21.90	4160
e2e/vec_uint256_2_e2e_comp_generated.bend	0	1	21.92	4252
e2e/ProgressiveSingleFieldContainerTestStruct_e2e_comp_generated.bend	0	1	21.95	3465
e2e/FuluBlob_e2e_witness_generated.bend	0	1	22.04	4454
proofs/api/bitvector_32_hashtreeroot_proof_generated.bend	0	1	22.10	1269
e2e/FuluTransaction_e2e_witness_generated.bend	0	1	22.11	3611
proofs/api/FuluAggregateAndProof_hashtreeroot_proof_generated.bend	0	1	22.13	1694
proofs/api/FuluBlob_hashtreeroot_proof_generated.bend	0	1	22.14	1749
proofs/obj/root_gnames_generated.bend	0	1	22.14	1280
e2e/FuluExecutionAddress_e2e_dec_generated.bend	0	1	22.16	2251
e2e/vec_uint64_5_e2e_comp_generated.bend	0	1	22.16	4167
proofs/obj/encx_v4_FixedTestStruct_d_generated.bend	0	1	22.17	3002
proofs/api/FuluLightClientHeader_decode_ssz_proof_generated.bend	0	1	22.20	1555
e2e/BitsStruct_e2e_set_generated.bend	0	1	22.21	4073
proofs/obj/encx_CompatibleUnionABCA_iface_generated.bend	0	1	22.23	3596
proofs/api/vec_uint16_512_decode_ssz_proof_generated.bend	0	1	22.24	1522
e2e/FuluLightClientBootstrap_e2e_set_generated.bend	0	1	22.25	4369
e2e/FuluSignedContributionAndProof_e2e_witness_generated.bend	0	1	22.25	4202
e2e/vec_bool_513_e2e_ser_generated.bend	0	1	22.25	3606
proofs/obj/sub_unique_vec_uint16_513_generated.bend	0	1	22.26	1896
proofs/api/CompatibleUnionABCA_encode_ssz_proof_generated.bend	0	1	22.35	3633
e2e/vec_bool_512_e2e_ser_generated.bend	0	1	22.38	3802
e2e/FuluSignedBeaconBlock_e2e_set_generated.bend	0	1	22.40	6159
proofs/obj/encx_v4_FixedTestStruct_generated.bend	0	1	22.40	2955
proofs/gate/g__var_codec_ProgressiveVarTestStruct_enc_generated.bend	0	1	22.41	3815
proofs/gate/g__var_bytes_LightClientOptimisticUpdate_rej_generated.bend	0	1	22.43	1366
proofs/gate/g__var_codec_CompatibleUnionBC_enc_generated.bend	0	1	22.48	3592
e2e/FuluPendingAttestation_e2e_witness_generated.bend	0	1	22.49	5561
e2e/FuluBytes20_e2e_dec_generated.bend	0	1	22.52	2244
proofs/gate/g__var_codec_CompatibleUnionABCA_enc_generated.bend	0	1	22.53	3277
e2e/FuluExecutionPayloadHeader_e2e_comp_generated.bend	0	1	22.55	5584
e2e/FuluLightClientHeader_e2e_witness_generated.bend	0	1	22.56	5010
proofs/gate/g__sub_unique_vec_uint16_512_generated.bend	0	1	22.64	1568
proofs/obj/spec_gany_3_generated.bend	0	1	22.75	1234
e2e/vec_uint64_31_e2e_comp_generated.bend	0	1	22.80	3508
e2e/SingleFieldTestStruct_e2e_comp_generated.bend	0	1	22.84	3716
proofs/gate/g__var_codec_ExecutionPayload_generated.bend	0	1	22.85	3306
proofs/obj/gvalid_Transaction_generated.bend	0	1	22.86	1566
e2e/FuluLightClientOptimisticUpdate_e2e_witness_generated.bend	0	1	22.91	5032
proofs/obj/cspec_l16_SignedBLSToExecutionChange_generated.bend	0	1	22.91	1916
e2e/ComplexTestStruct_e2e_set_generated.bend	0	1	23.04	3820
e2e/FuluNodeID_e2e_dec_generated.bend	0	1	23.05	2610
e2e/bitlist_511_e2e_witness_generated.bend	0	1	23.05	4305
proofs/obj/cspec_l16_WithdrawalRequest_generated.bend	0	1	23.05	1939
e2e/FuluSyncCommittee_e2e_set_generated.bend	0	1	23.06	3776
proofs/obj/encx_pl_ProgressiveVarTestStruct_generated.bend	0	1	23.06	3514
e2e/bitlist_8_e2e_witness_generated.bend	0	1	23.14	4248
proofs/gate/g__sub_unique_vec_uint16_513_generated.bend	0	1	23.14	1576
proofs/gate/g__var_codec_VarTestStruct_enc_generated.bend	0	1	23.14	3543
e2e/bitlist_4_e2e_witness_generated.bend	0	1	23.16	4056
proofs/api/FuluBlobSidecar_decode_ssz_proof_generated.bend	0	1	23.17	1745
proofs/obj/sub_unique_vec_bool_512_generated.bend	0	1	23.19	1904
e2e/e2e_support_generated.bend	0	1	23.20	2061
proofs/api/CompatibleUnionBC_encode_ssz_proof_generated.bend	0	1	23.23	3894
proofs/obj/var_bytes_LightClientBootstrap_rej_generated.bend	0	1	23.23	1561
proofs/api/uint128_hashtreeroot_proof_generated.bend	0	1	23.24	1303
e2e/vec_uint8_512_e2e_witness_generated.bend	0	1	23.25	4012
e2e/vec_uint256_1_e2e_comp_generated.bend	0	1	23.27	4058
e2e/FuluSyncCommitteeMessage_e2e_comp_generated.bend	0	1	23.28	3440
proofs/api/FuluDataColumnsByRootIdentifier_hashtreeroot_proof_generated.bend	0	1	23.28	1801
e2e/bitlist_5_e2e_witness_generated.bend	0	1	23.29	4174
e2e/e2e_bytes_generated.bend	0	1	23.29	2085
e2e/bitlist_33_e2e_witness_generated.bend	0	1	23.32	4604
e2e/vec_uint16_8_e2e_comp_generated.bend	0	1	23.32	3474
e2e/vec_uint16_8_e2e_witness_generated.bend	0	1	23.32	4179
proofs/api/ProgressiveSingleFieldContainerTestStruct_hashtreeroot_proof_generated.bend	0	1	23.35	1204
e2e/bitlist_17_e2e_witness_generated.bend	0	1	23.37	4524
e2e/bitlist_513_e2e_witness_generated.bend	0	1	23.43	3654
e2e/vec_uint16_5_e2e_witness_generated.bend	0	1	23.43	4045
proofs/api/ProgressiveVarTestStruct_encode_ssz_proof_generated.bend	0	1	23.44	3764
proofs/api/FuluCell_hashtreeroot_proof_generated.bend	0	1	23.45	1955
e2e/bitlist_6_e2e_witness_generated.bend	0	1	23.50	4355
e2e/FuluDomain_e2e_dec_generated.bend	0	1	23.53	2736
proofs/obj/encx_pl_ProgressiveVarTestStruct_d_generated.bend	0	1	23.56	3509
e2e/bitlist_1_e2e_witness_generated.bend	0	1	23.65	4272
e2e/FuluG1Point_e2e_dec_generated.bend	0	1	23.68	2834
e2e/FuluVersionedHash_e2e_dec_generated.bend	0	1	23.68	2813
proofs/obj/cspec_l16_SignedVoluntaryExit_generated.bend	0	1	23.72	1979
e2e/bitlist_31_e2e_witness_generated.bend	0	1	23.73	3652
proofs/api/FuluDeposit_hashtreeroot_proof_generated.bend	0	1	23.73	1683
proofs/obj/cspec_l2_ConsolidationRequest_generated.bend	0	1	23.73	1903
e2e/vec_uint8_513_e2e_witness_generated.bend	0	1	23.75	3619
proofs/obj/encx_VarTestStruct_iface_generated.bend	0	1	23.75	3828
proofs/obj/valid_obj.bend	0	1	23.75	1291
proofs/obj/encx_ExecutionPayload_iface_generated.bend	0	1	23.78	2413
e2e/FuluVersion_e2e_dec_generated.bend	0	1	23.82	2674
e2e/FuluWithdrawalIndex_e2e_dec_generated.bend	0	1	23.83	2806
e2e/bitlist_32_e2e_witness_generated.bend	0	1	23.83	4364
e2e/vec_uint256_4_e2e_dec_generated.bend	0	1	23.83	2316
proofs/api/vec_uint16_513_decode_ssz_proof_generated.bend	0	1	23.83	1552
e2e/proglist_uint32_e2e_dec_generated.bend	0	1	23.85	2739
proofs/obj/encx_ProgressiveVarTestStruct_iface_generated.bend	0	1	23.87	3534
proofs/api/FuluLightClientBootstrap_hashtreeroot_proof_generated.bend	0	1	23.88	1769
e2e/vec_uint256_16_e2e_comp_generated.bend	0	1	23.89	3592
proofs/obj/encx_ExecutionPayload_iface_o_generated.bend	0	1	23.89	2457
e2e/bitlist_512_e2e_witness_generated.bend	0	1	23.90	4367
e2e/bitlist_9_e2e_witness_generated.bend	0	1	23.91	4390
e2e/FuluIndexedAttestation_e2e_witness_generated.bend	0	1	23.92	4512
e2e/vec_uint16_513_e2e_ser_generated.bend	0	1	23.94	3687
e2e/bitlist_7_e2e_witness_generated.bend	0	1	23.95	3678
proofs/api/VarTestStruct_encode_ssz_proof_generated.bend	0	1	23.95	3545
e2e/FuluSignedContributionAndProof_e2e_comp_generated.bend	0	1	23.96	4345
proofs/api/FuluContributionAndProof_hashtreeroot_proof_generated.bend	0	1	23.98	1775
e2e/bitlist_15_e2e_witness_generated.bend	0	1	24.05	4241
e2e/uint16_e2e_comp_generated.bend	0	1	24.05	3699
proofs/obj/encx_v2_VarTestStruct_generated.bend	0	1	24.06	3593
e2e/bitlist_3_e2e_witness_generated.bend	0	1	24.07	4388
proofs/obj/var_bitc_encw_Attestation_generated.bend	0	1	24.09	3341
proofs/api/FuluSignedAggregateAndProof_hashtreeroot_proof_generated.bend	0	1	24.15	1727
e2e/FuluBytes32_e2e_dec_generated.bend	0	1	24.19	2721
proofs/gate/g__var_codec_ProgressiveSingleListContainerTestStruct_unique_generated.bend	0	1	24.19	3120
proofs/obj/encx_VarTestStruct_iface_o_generated.bend	0	1	24.19	3570
proofs/obj/var_codec_ProgressiveTestStruct_enc_generated.bend	0	1	24.19	3920
e2e/FuluBlobSidecar_e2e_witness_generated.bend	0	1	24.20	5022
e2e/vec_uint128_1_e2e_dec_generated.bend	0	1	24.23	2641
proofs/obj/encx_pl_VarTestStruct_d_generated.bend	0	1	24.25	3281
e2e/vec_bool_2_e2e_witness_generated.bend	0	1	24.27	3869
proofs/gate/g__var_bitc_enc_Attestation_generated.bend	0	1	24.27	3127
e2e/FuluTransaction_e2e_comp_generated.bend	0	1	24.30	4912
e2e/bitlist_16_e2e_witness_generated.bend	0	1	24.32	3794
e2e/proglist_uint64_e2e_generated.bend	0	1	24.34	2415
proofs/gate/g__var_bytes_LightClientBootstrap_rej_generated.bend	0	1	24.34	1612
proofs/obj/var_codec_ProgressiveSingleListContainerTestStruct_unique_generated.bend	0	1	24.34	2876
e2e/vec_uint8_512_e2e_comp_generated.bend	0	1	24.37	4347
proofs/obj/var_codec_ProgressiveComplexTestStruct_enc_o_generated.bend	0	1	24.37	4161
proofs/api/FuluLightClientUpdate_hashtreeroot_proof_generated.bend	0	1	24.40	1934
proofs/api/FuluHistoricalBatch_hashtreeroot_proof_generated.bend	0	1	24.41	1768
proofs/obj/encx_ComplexTestStruct_iface_o_generated.bend	0	1	24.41	4014
proofs/obj/root_types_generated.bend	0	1	24.42	1708
e2e/vec_bool_3_e2e_witness_generated.bend	0	1	24.44	3868
e2e/FuluBLSPubkey_e2e_dec_generated.bend	0	1	24.46	2780
proofs/obj/encx_v2_VarTestStruct_d_generated.bend	0	1	24.48	3693
proofs/obj/encx_ExecutionPayloadHeader_iface_generated.bend	0	1	24.49	1848
proofs/api/FuluDataColumnSidecar_hashtreeroot_proof_generated.bend	0	1	24.51	1757
proofs/api/FuluExecutionPayloadHeader_hashtreeroot_proof_generated.bend	0	1	24.51	1748
proofs/api/FuluSignedContributionAndProof_hashtreeroot_proof_generated.bend	0	1	24.53	1780
e2e/vec_uint32_16_e2e_dec_generated.bend	0	1	24.54	2691
e2e/FuluCheckpoint_e2e_dec_generated.bend	0	1	24.55	2838
e2e/vec_uint16_2_e2e_witness_generated.bend	0	1	24.56	4188
e2e/vec_uint16_5_e2e_comp_generated.bend	0	1	24.56	4216
e2e/uint128_e2e_dec_generated.bend	0	1	24.59	2354
e2e/vec_uint8_513_e2e_comp_generated.bend	0	1	24.61	4580
proofs/gate/g__spec_arr_unique_BlobSidecar_generated.bend	0	1	24.65	1966
proofs/obj/gvalid_gnames_generated.bend	0	1	24.65	1335
proofs/obj/encx_ProgressiveVarTestStruct_iface_o_generated.bend	0	1	24.67	3842
e2e/vec_uint128_4_e2e_witness_generated.bend	0	1	24.68	3873
e2e/proglist_uint128_e2e_generated.bend	0	1	24.69	2769
e2e/vec_uint16_512_e2e_ser_generated.bend	0	1	24.71	3680
e2e/FuluIndexedAttestation_e2e_comp_generated.bend	0	1	24.73	4711
proofs/obj/encx_ProgressiveTestStruct_iface_o_generated.bend	0	1	24.73	4005
e2e/FuluSubnetID_e2e_dec_generated.bend	0	1	24.74	2837
proofs/api/FuluLightClientFinalityUpdate_hashtreeroot_proof_generated.bend	0	1	24.74	1686
e2e/vec_uint16_2_e2e_comp_generated.bend	0	1	24.75	4248
e2e/vec_bool_2_e2e_comp_generated.bend	0	1	24.76	4259
e2e/FuluSingleAttestation_e2e_comp_generated.bend	0	1	24.82	3468
e2e/bitlist_6_e2e_dec_generated.bend	0	1	24.82	2843
e2e/bitlist_2_e2e_witness_generated.bend	0	1	24.84	4354
e2e/vec_uint128_2_e2e_dec_generated.bend	0	1	24.87	2651
e2e/vec_uint128_5_e2e_witness_generated.bend	0	1	24.88	4143
e2e/vec_uint16_4_e2e_comp_generated.bend	0	1	24.89	4047
proofs/obj/var_bytes_LightClientBootstrap_unique_generated.bend	0	1	24.91	1737
proofs/api/FuluLightClientOptimisticUpdate_hashtreeroot_proof_generated.bend	0	1	24.92	1780
e2e/vec_bool_5_e2e_witness_generated.bend	0	1	24.93	3527
proofs/obj/encx_ProgressiveBitsStruct_generated.bend	0	1	24.95	2938
e2e/FuluDomainType_e2e_dec_generated.bend	0	1	24.96	2762
e2e/vec_uint16_1_e2e_comp_generated.bend	0	1	24.98	3606
e2e/FuluForkDigest_e2e_dec_generated.bend	0	1	24.99	2777
proofs/api/FuluIndexedAttestation_hashtreeroot_proof_generated.bend	0	1	25.00	1786
proofs/api/FuluMatrixEntry_hashtreeroot_proof_generated.bend	0	1	25.00	1903
e2e/vec_uint64_5_e2e_dec_generated.bend	0	1	25.05	2686
proofs/gate/g__root_types_generated.bend	0	1	25.05	1926
proofs/obj/encx_pl_pl_VarTestStruct_generated.bend	0	1	25.07	3503
e2e/FuluSyncAggregate_e2e_dec_generated.bend	0	1	25.09	2652
proofs/obj/encx_ProgressiveTestStruct_generated.bend	0	1	25.10	3921
e2e/vec_bool_8_e2e_witness_generated.bend	0	1	25.11	3938
proofs/gate/g__var_codec_ProgressiveTestStruct_enc_generated.bend	0	1	25.13	3906
e2e/FuluHash32_e2e_dec_generated.bend	0	1	25.15	2796
e2e/vec_uint16_1_e2e_witness_generated.bend	0	1	25.16	3496
e2e/proglist_uint32_e2e_generated.bend	0	1	25.18	2960
e2e/FuluSyncCommittee_e2e_witness_generated.bend	0	1	25.21	4233
e2e/FuluBytes48_e2e_dec_generated.bend	0	1	25.22	2658
e2e/vec_uint128_1_e2e_comp_generated.bend	0	1	25.23	4214
proofs/api/FuluLightClientHeader_hashtreeroot_proof_generated.bend	0	1	25.23	1953
e2e/vec_uint128_513_e2e_comp_generated.bend	0	1	25.24	4105
e2e/FuluRoot_e2e_dec_generated.bend	0	1	25.28	2209
e2e/bitvector_512_e2e_dec_generated.bend	0	1	25.29	2370
e2e/uint256_e2e_dec_generated.bend	0	1	25.33	2771
e2e/FuluFork_e2e_dec_generated.bend	0	1	25.34	2854
e2e/vec_uint16_3_e2e_comp_generated.bend	0	1	25.34	4030
e2e/FuluSlot_e2e_dec_generated.bend	0	1	25.35	2813
e2e/uint16_e2e_generated.bend	0	1	25.35	2592
e2e/vec_uint16_4_e2e_witness_generated.bend	0	1	25.38	3925
e2e/vec_uint128_2_e2e_witness_generated.bend	0	1	25.39	4260
e2e/vec_uint16_16_e2e_comp_generated.bend	0	1	25.39	3500
proofs/obj/var_codec_ProgressiveTestStruct_enc_o_generated.bend	0	1	25.42	3936
e2e/vec_uint256_5_e2e_dec_generated.bend	0	1	25.45	2657
proofs/obj/cspec_l16_Withdrawal_generated.bend	0	1	25.50	1908
e2e/ProgressiveVarTestStruct_e2e_set_generated.bend	0	1	25.54	3490
e2e/FuluValidator_e2e_comp_generated.bend	0	1	25.55	4157
proofs/obj/encx_pl_VarTestStruct_generated.bend	0	1	25.55	3654
e2e/proglist_uint256_e2e_witness_generated.bend	0	1	25.57	4201
e2e/vec_uint128_16_e2e_witness_generated.bend	0	1	25.57	4188
e2e/FuluBytes96_e2e_dec_generated.bend	0	1	25.58	2752
e2e/vec_uint128_2_e2e_comp_generated.bend	0	1	25.61	4229
e2e/vec_bool_3_e2e_comp_generated.bend	0	1	25.62	3892
e2e/FuluColumnIndex_e2e_dec_generated.bend	0	1	25.64	2851
proofs/obj/encx_ComplexTestStruct_generated.bend	0	1	25.64	3688
proofs/obj/var_codec_ComplexTestStruct_enc_generated.bend	0	1	25.64	4006
e2e/FuluForkData_e2e_dec_generated.bend	0	1	25.67	2781
e2e/vec_uint128_1_e2e_witness_generated.bend	0	1	25.67	3465
proofs/obj/sub_unique_vec_bool_513_generated.bend	0	1	25.68	1664
e2e/FuluCustodyIndex_e2e_dec_generated.bend	0	1	25.70	2880
e2e/FuluHistoricalSummary_e2e_dec_generated.bend	0	1	25.70	2861
proofs/api/FuluProposerSlashing_hashtreeroot_proof_generated.bend	0	1	25.70	1891
e2e/FuluBytes4_e2e_dec_generated.bend	0	1	25.72	2736
e2e/vec_uint256_2_e2e_dec_generated.bend	0	1	25.72	2685
proofs/obj/encx_ProgressiveComplexTestStruct_iface_o_generated.bend	0	1	25.72	4177
e2e/FuluBytes8_e2e_dec_generated.bend	0	1	25.73	2760
proofs/api/ProgressiveSingleListContainerTestStruct_decode_ssz_proof_generated.bend	0	1	25.74	3707
e2e/FuluAttesterSlashing_e2e_witness_generated.bend	0	1	25.77	4581
proofs/obj/encx_ComplexTestStruct_iface_generated.bend	0	1	25.77	4133
proofs/gate/g__var_bytes_LightClientBootstrap_unique_generated.bend	0	1	25.79	1663
e2e/FuluExecutionBranch_e2e_dec_generated.bend	0	1	25.80	2818
e2e/VarTestStruct_e2e_set_generated.bend	0	1	25.80	3362
proofs/obj/cspec_l8192_DepositRequest_generated.bend	0	1	25.80	1895
e2e/FuluBeaconBlockBody_e2e_set_generated.bend	0	1	25.81	6100
e2e/vec_uint64_2_e2e_dec_generated.bend	0	1	25.82	2698
proofs/obj/gvalid_packed_generated.bend	0	1	25.83	1358
e2e/proglist_uint16_e2e_witness_generated.bend	0	1	25.84	5181
e2e/vec_uint256_1_e2e_dec_generated.bend	0	1	25.84	2685
e2e/bitlist_512_e2e_dec_generated.bend	0	1	25.85	2844
e2e/proglist_uint32_e2e_witness_generated.bend	0	1	25.87	4162
proofs/gate/g__sub_unique_vec_bool_512_generated.bend	0	1	25.88	1642
e2e/ProgressiveTestStruct_e2e_set_generated.bend	0	1	25.92	3433
e2e/FuluBytes1_e2e_root_generated.bend	0	1	25.94	2326
e2e/e2e_emit_generated.bend	0	1	25.94	2929
proofs/api/ComplexTestStruct_hashtreeroot_proof_generated.bend	0	1	25.94	1635
proofs/api/FuluLightClientOptimisticUpdate_decode_ssz_proof_generated.bend	0	1	25.97	1544
e2e/FuluConsolidationRequest_e2e_dec_generated.bend	0	1	25.98	2797
e2e/vec_bool_4_e2e_witness_generated.bend	0	1	25.98	4213
e2e/vec_uint32_2_e2e_dec_generated.bend	0	1	26.00	2687
e2e/proglist_uint64_e2e_dec_generated.bend	0	1	26.02	2796
e2e/ProgressiveSingleListContainerTestStruct_e2e_set_generated.bend	0	1	26.04	3468
e2e/vec_uint32_4_e2e_dec_generated.bend	0	1	26.04	2699
proofs/api/FuluExecutionPayload_decode_ssz_proof_generated.bend	0	1	26.04	2949
proofs/obj/var_codec_ProgressiveComplexTestStruct_enc_generated.bend	0	1	26.04	4160
e2e/vec_uint16_31_e2e_comp_generated.bend	0	1	26.05	3572
proofs/obj/var_codec_ComplexTestStruct_enc_o_generated.bend	0	1	26.05	3843
END_TO_END.bend	0	1	26.06	2212
e2e/FuluCommitteeIndex_e2e_dec_generated.bend	0	1	26.06	2820
e2e/e2e_chunks_generated.bend	0	1	26.06	2949
e2e/FuluKZGProof_e2e_dec_generated.bend	0	1	26.08	2826
e2e/FuluEther_e2e_dec_generated.bend	0	1	26.10	2820
e2e/proglist_uint128_e2e_dec_generated.bend	0	1	26.10	2755
e2e/vec_uint128_513_e2e_witness_generated.bend	0	1	26.12	4140
e2e/vec_uint64_8_e2e_dec_generated.bend	0	1	26.12	2705
e2e/bitvector_32_e2e_dec_generated.bend	0	1	26.14	2796
e2e/vec_uint128_3_e2e_witness_generated.bend	0	1	26.14	4119
e2e/bitlist_4_e2e_dec_generated.bend	0	1	26.15	2946
e2e/FuluFinalityBranch_e2e_dec_generated.bend	0	1	26.18	2934
e2e/FuluKZGCommitment_e2e_dec_generated.bend	0	1	26.18	2235
e2e/vec_uint32_1_e2e_dec_generated.bend	0	1	26.18	2631
e2e/vec_bool_31_e2e_comp_generated.bend	0	1	26.19	3979
e2e/e2e_e48w_generated.bend	0	1	26.20	2908
e2e/vec_bool_16_e2e_comp_generated.bend	0	1	26.20	3904
e2e/vec_uint16_31_e2e_witness_generated.bend	0	1	26.21	4199
e2e/uint64_e2e_dec_generated.bend	0	1	26.22	2846
e2e/bitlist_5_e2e_dec_generated.bend	0	1	26.23	3011
e2e/proglist_uint64_e2e_witness_generated.bend	0	1	26.23	4238
e2e/vec_uint64_1_e2e_dec_generated.bend	0	1	26.23	2653
proofs/gate/g__sub_unique_vec_bool_513_generated.bend	0	1	26.23	1637
e2e/SmallTestStruct_e2e_generated.bend	0	1	26.26	2691
e2e/FuluEpoch_e2e_dec_generated.bend	0	1	26.27	2819
proofs/api/FuluExecutionRequests_hashtreeroot_proof_generated.bend	0	1	26.28	1901
e2e/bitlist_7_e2e_dec_generated.bend	0	1	26.29	2928
e2e/e2e_bview_generated.bend	0	1	26.33	2697
e2e/FuluFinalityBranch_e2e_generated.bend	0	1	26.34	2839
e2e/FuluSyncCommitteeContribution_e2e_dec_generated.bend	0	1	26.34	2930
proofs/api/ProgressiveTestStruct_encode_ssz_proof_generated.bend	0	1	26.34	3941
e2e/FuluBLSSignature_e2e_dec_generated.bend	0	1	26.36	2796
e2e/FuluExecutionBranch_e2e_generated.bend	0	1	26.37	2824
e2e/vec_uint16_16_e2e_witness_generated.bend	0	1	26.37	4122
proofs/api/FuluPendingAttestation_hashtreeroot_proof_generated.bend	0	1	26.38	1713
e2e/vec_uint128_3_e2e_comp_generated.bend	0	1	26.39	4170
proofs/obj/encx_ExecutionPayload_size_generated.bend	0	1	26.40	2601
e2e/vec_uint128_8_e2e_witness_generated.bend	0	1	26.41	3456
proofs/obj/var_codec_CompatibleUnionA_unique_generated.bend	0	1	26.41	4123
e2e/vec_bool_1_e2e_comp_generated.bend	0	1	26.43	3893
e2e/bitlist_15_e2e_dec_generated.bend	0	1	26.45	2969
proofs/obj/encx_ProgressiveTestStruct_iface_generated.bend	0	1	26.45	3996
e2e/FuluEth1Data_e2e_dec_generated.bend	0	1	26.47	2810
e2e/vec_uint128_31_e2e_witness_generated.bend	0	1	26.47	4141
e2e/vec_uint128_512_e2e_witness_generated.bend	0	1	26.47	3930
e2e/FuluPowBlock_e2e_dec_generated.bend	0	1	26.49	2778
e2e/vec_uint128_8_e2e_dec_generated.bend	0	1	26.49	2838
e2e/vec_uint128_5_e2e_dec_generated.bend	0	1	26.50	2729
e2e/vec_uint128_16_e2e_comp_generated.bend	0	1	26.55	3549
e2e/vec_uint128_5_e2e_comp_generated.bend	0	1	26.59	4072
e2e/FuluAttestation_e2e_witness_generated.bend	0	1	26.61	6300
e2e/FuluBLSToExecutionChange_e2e_dec_generated.bend	0	1	26.61	2382
e2e/FuluEth1Block_e2e_dec_generated.bend	0	1	26.62	2325
e2e/FuluNextSyncCommitteeBranch_e2e_dec_generated.bend	0	1	26.63	2839
proofs/obj/encx_pl_pl_VarTestStruct_d_generated.bend	0	1	26.63	3818
e2e/FuluBeaconBlockHeader_e2e_dec_generated.bend	0	1	26.65	2370
e2e/FuluTransaction_e2e_generated.bend	0	1	26.66	2937
e2e/bitlist_33_e2e_dec_generated.bend	0	1	26.66	2984
e2e/FuluDeposit_e2e_witness_generated.bend	0	1	26.68	5074
e2e/vec_uint32_31_e2e_dec_generated.bend	0	1	26.68	2734
e2e/FuluPayloadId_e2e_dec_generated.bend	0	1	26.69	2723
proofs/obj/encx_ExecutionPayload_size_o_generated.bend	0	1	26.69	2630
e2e/vec_uint256_8_e2e_dec_generated.bend	0	1	26.72	2433
e2e/bitlist_16_e2e_dec_generated.bend	0	1	26.73	2994
e2e/vec_uint32_3_e2e_dec_generated.bend	0	1	26.74	2700
e2e/vec_bool_16_e2e_witness_generated.bend	0	1	26.75	3920
e2e/vec_bool_1_e2e_witness_generated.bend	0	1	26.75	3918
e2e/FuluGwei_e2e_dec_generated.bend	0	1	26.76	2800
proofs/obj/var_codec_CompatibleUnionBC_unique_generated.bend	0	1	26.78	4133
e2e/FuluNextSyncCommitteeBranch_e2e_generated.bend	0	1	26.80	2786
proofs/api/FuluSyncCommittee_hashtreeroot_proof_generated.bend	0	1	26.82	1900
e2e/vec_uint32_5_e2e_dec_generated.bend	0	1	26.84	2658
e2e/FuluG2Point_e2e_dec_generated.bend	0	1	26.85	2658
e2e/vec_uint64_16_e2e_dec_generated.bend	0	1	26.88	2817
proofs/api/ComplexTestStruct_encode_ssz_proof_generated.bend	0	1	26.89	3836
proofs/api/FuluAggregateAndProof_encode_ssz_proof_generated.bend	0	1	26.89	3461
e2e/ProgressiveSingleFieldContainerTestStruct_e2e_generated.bend	0	1	26.91	2592
ROOT_DOMAIN.bend	0	1	26.94	1916
e2e/bitlist_33_e2e_comp_generated.bend	0	1	26.94	5438
e2e/vec_bool_5_e2e_comp_generated.bend	0	1	26.94	4447
e2e/FuluBeaconBlock_e2e_set_generated.bend	0	1	26.95	5653
e2e/proglist_uint128_e2e_witness_generated.bend	0	1	26.95	4156
proofs/obj/encx_ExecutionPayloadHeader_iface_o_generated.bend	0	1	26.95	2261
e2e/ProgressiveComplexTestStruct_e2e_set_generated.bend	0	1	26.98	3458
e2e/bitlist_511_e2e_dec_generated.bend	0	1	26.98	2944
proofs/obj/gvalid_types_generated.bend	0	1	26.98	2122
e2e/FuluSigningData_e2e_dec_generated.bend	0	1	27.02	2695
e2e/bitlist_9_e2e_comp_generated.bend	0	1	27.04	4787
proofs/api/CompatibleUnionABCA_decode_ssz_proof_generated.bend	0	1	27.07	4263
proofs/api/vec_uint16_31_hashtreeroot_proof_generated.bend	0	1	27.09	1804
proofs/obj/spec_arr_unique_BlobSidecar_generated.bend	0	1	27.10	1963
e2e/vec_uint16_3_e2e_witness_generated.bend	0	1	27.11	4155
e2e/FuluBlobIndex_e2e_dec_generated.bend	0	1	27.13	2841
proofs/api/CompatibleUnionBC_decode_ssz_proof_generated.bend	0	1	27.13	4176
proofs/api/vec_uint256_16_hashtreeroot_proof_generated.bend	0	1	27.13	1637
e2e/vec_uint256_3_e2e_dec_generated.bend	0	1	27.14	2729
e2e/proglist_bool_e2e_dec_generated.bend	0	1	27.16	3452
e2e/vec_uint128_3_e2e_dec_generated.bend	0	1	27.16	2680
e2e/FuluCellIndex_e2e_dec_generated.bend	0	1	27.17	2833
e2e/bitlist_513_e2e_dec_generated.bend	0	1	27.17	2860
e2e/bitlist_1_e2e_dec_generated.bend	0	1	27.20	2966
proofs/api/vec_uint16_5_hashtreeroot_proof_generated.bend	0	1	27.20	1637
e2e/e2e_pv8_generated.bend	0	1	27.23	3130
e2e/vec_uint64_4_e2e_dec_generated.bend	0	1	27.24	2705
proofs/api/vec_uint16_513_hashtreeroot_proof_generated.bend	0	1	27.24	1612
e2e/FuluRowIndex_e2e_dec_generated.bend	0	1	27.28	2824
e2e/bitlist_3_e2e_dec_generated.bend	0	1	27.29	2966
e2e/bitlist_511_e2e_comp_generated.bend	0	1	27.30	4835
e2e/proglist_bool_e2e_witness_generated.bend	0	1	27.32	4946
e2e/e2e_plw_generated.bend	0	1	27.33	2894
e2e/e2e_vtx_generated.bend	0	1	27.37	3003
proofs/obj/encx_ProgressiveComplexTestStruct_generated.bend	0	1	27.37	4093
e2e/bitlist_9_e2e_dec_generated.bend	0	1	27.38	2846
proofs/obj/var_codec_BitsStruct_unique_generated.bend	0	1	27.39	4111
e2e/vec_uint128_8_e2e_comp_generated.bend	0	1	27.43	3387
proofs/obj/root_gtypes_generated.bend	0	1	27.43	1558
e2e/proglist_uint8_e2e_witness_generated.bend	0	1	27.44	4493
e2e/FuluLightClientHeader_e2e_comp_generated.bend	0	1	27.45	5067
e2e/FuluValidatorIndex_e2e_dec_generated.bend	0	1	27.45	2799
e2e/bitvector_9_e2e_generated.bend	0	1	27.48	2706
e2e/vec_bool_31_e2e_witness_generated.bend	0	1	27.49	3516
proofs/api/bitlist_16_hashtreeroot_proof_generated.bend	0	1	27.49	1785
e2e/ProgressiveBitsStruct_e2e_set_generated.bend	0	1	27.50	3451
e2e/e2e_cap.bend	0	1	27.50	2827
e2e/FuluWithdrawalRequest_e2e_dec_generated.bend	0	1	27.51	2909
e2e/uint8_e2e_generated.bend	1	0	27.51	2072
e2e/vec_uint16_3_e2e_generated.bend	0	1	27.52	2867
e2e/e2e_load_generated.bend	0	1	27.53	2372
proofs/obj/var_codec_VarTestStruct_unique_generated.bend	0	1	27.53	4069
e2e/FuluHistoricalBatch_e2e_witness_generated.bend	0	1	27.55	5949
e2e/FuluSignedVoluntaryExit_e2e_dec_generated.bend	0	1	27.57	2330
e2e/bitlist_511_e2e_generated.bend	0	1	27.63	3128
proofs/gate/g__var_codec_ComplexTestStruct_enc_generated.bend	0	1	27.63	3599
e2e/FuluDataColumnsByRootIdentifier_e2e_generated.bend	0	1	27.65	2992
e2e/bitvector_6_e2e_generated.bend	0	1	27.65	2690
e2e/FuluSyncAggregatorSelectionData_e2e_dec_generated.bend	0	1	27.66	2829
e2e/vec_uint64_3_e2e_dec_generated.bend	0	1	27.67	2672
e2e/proglist_uint256_e2e_dec_generated.bend	0	1	27.68	2834
proofs/api/vec_uint256_31_hashtreeroot_proof_generated.bend	0	1	27.69	1665
e2e/proglist_uint8_e2e_generated.bend	0	1	27.71	3457
e2e/FuluVoluntaryExit_e2e_dec_generated.bend	0	1	27.72	2724
proofs/api/CompatibleUnionA_hashtreeroot_proof_generated.bend	0	1	27.74	1776
e2e/CompatibleUnionA_e2e_witness_generated.bend	0	1	27.75	6417
e2e/FuluAttesterSlashing_e2e_comp_generated.bend	0	1	27.78	5052
e2e/FuluSyncCommittee_e2e_dec_generated.bend	0	1	27.80	3085
e2e/bitlist_31_e2e_dec_generated.bend	0	1	27.83	2982
e2e/BitsStruct_e2e_witness_generated.bend	0	1	27.84	5674
proofs/api/FuluBeaconBlock_hashtreeroot_proof_generated.bend	0	1	27.84	3256
e2e/vec_bool_8_e2e_comp_generated.bend	0	1	27.85	4364
proofs/api/bitlist_17_hashtreeroot_proof_generated.bend	0	1	27.85	1803
e2e/bitlist_7_e2e_comp_generated.bend	0	1	27.89	5565
e2e/vec_uint16_8_e2e_generated.bend	0	1	27.89	2599
e2e/FuluWithdrawal_e2e_dec_generated.bend	0	1	27.90	2908
proofs/api/vec_uint32_512_hashtreeroot_proof_generated.bend	0	1	27.91	1644
proofs/obj/encx_ProgressiveBitsStruct_iface_generated.bend	0	1	27.93	3848
e2e/vec_uint128_4_e2e_comp_generated.bend	0	1	27.94	3461
e2e/FuluLightClientBootstrap_e2e_witness_generated.bend	0	1	27.95	5450
proofs/gate/g__var_codec_ProgressiveVarTestStruct_unique_generated.bend	0	1	27.96	4159
proofs/gate/g__var_codec_ExecutionPayload_enc_generated.bend	0	1	27.98	2987
proofs/obj/var_codec_ExecutionPayload_enc_o_generated.bend	0	1	27.98	2898
e2e/vec_uint8_1_e2e_generated.bend	0	1	27.99	2732
e2e/FuluPendingAttestation_e2e_comp_generated.bend	0	1	28.00	6400
e2e/FuluSyncCommitteeMessage_e2e_dec_generated.bend	0	1	28.00	2929
proofs/api/vec_uint16_1_hashtreeroot_proof_generated.bend	0	1	28.00	1644
proofs/api/vec_uint256_5_hashtreeroot_proof_generated.bend	0	1	28.02	1594
e2e/vec_bool_16_e2e_generated.bend	0	1	28.04	2789
e2e/bitlist_15_e2e_comp_generated.bend	0	1	28.05	5850
e2e/FuluCurrentSyncCommitteeBranch_e2e_generated.bend	0	1	28.07	2864
proofs/api/vec_bool_512_decode_ssz_proof_generated.bend	0	1	28.07	2430
proofs/api/ProgressiveTestStruct_decode_ssz_proof_generated.bend	0	1	28.09	3842
proofs/api/bitlist_511_hashtreeroot_proof_generated.bend	0	1	28.10	1651
proofs/api/vec_uint128_8_hashtreeroot_proof_generated.bend	0	1	28.15	1606
proofs/obj/var_winx_LightClientUpdate_generated.bend	0	1	28.15	3581
e2e/bitlist_2_e2e_dec_generated.bend	0	1	28.18	2949
proofs/gate/g__var_codec_CompatibleUnionA_unique_generated.bend	0	1	28.18	3470
e2e/FuluBlobIdentifier_e2e_dec_generated.bend	0	1	28.19	2700
proofs/api/vec_uint256_3_hashtreeroot_proof_generated.bend	0	1	28.23	1808
e2e/FuluAggregateAndProof_e2e_witness_generated.bend	0	1	28.25	6039
e2e/progbitlist_e2e_witness_generated.bend	0	1	28.25	3845
proofs/api/bitlist_6_hashtreeroot_proof_generated.bend	0	1	28.25	1640
e2e/vec_uint32_8_e2e_dec_generated.bend	0	1	28.27	2700
e2e/FuluCommitmentIndex_e2e_dec_generated.bend	0	1	28.29	2817
e2e/FuluCurrentSyncCommitteeBranch_e2e_dec_generated.bend	0	1	28.29	2721
e2e/bitlist_32_e2e_comp_generated.bend	0	1	28.29	4797
e2e/ProgressiveSingleFieldContainerTestStruct_e2e_dec_generated.bend	0	1	28.34	2967
e2e/vec_uint128_512_e2e_comp_generated.bend	0	1	28.34	3506
e2e/bitlist_17_e2e_dec_generated.bend	0	1	28.36	2939
proofs/obj/var_codec_CompatibleUnionABCA_unique_generated.bend	0	1	28.40	4244
e2e/bitvector_3_e2e_generated.bend	0	1	28.41	2613
e2e/bitlist_2_e2e_generated.bend	0	1	28.44	3434
proofs/api/CompatibleUnionABCA_hashtreeroot_proof_generated.bend	0	1	28.45	1678
e2e/bitlist_8_e2e_dec_generated.bend	0	1	28.46	2970
e2e/vec_uint16_8_e2e_dec_generated.bend	0	1	28.47	2903
proofs/api/vec_uint16_2_hashtreeroot_proof_generated.bend	0	1	28.47	1644
proofs/api/vec_uint64_4_hashtreeroot_proof_generated.bend	0	1	28.48	1665
proofs/obj/var_codec_ProgressiveVarTestStruct_unique_generated.bend	0	1	28.49	4115
proofs/api/bitlist_15_hashtreeroot_proof_generated.bend	0	1	28.53	1788
e2e/FuluDepositMessage_e2e_dec_generated.bend	0	1	28.54	2849
e2e/bitlist_31_e2e_comp_generated.bend	0	1	28.55	5567
e2e/proglist_uint256_e2e_generated.bend	0	1	28.55	2973
proofs/obj/var_codec_ExecutionPayload_enc_generated.bend	0	1	28.56	2620
proofs/api/vec_uint128_31_hashtreeroot_proof_generated.bend	0	1	28.59	1616
proofs/api/bitlist_513_hashtreeroot_proof_generated.bend	0	1	28.60	1646
e2e/SingleFieldTestStruct_e2e_generated.bend	0	1	28.62	2989
e2e/vec_bool_4_e2e_comp_generated.bend	0	1	28.62	4556
e2e/FuluDataColumnsByRootIdentifier_e2e_dec_generated.bend	0	1	28.63	3253
e2e/proglist_uint8_e2e_dec_generated.bend	0	1	28.63	3574
proofs/api/vec_uint16_16_hashtreeroot_proof_generated.bend	0	1	28.65	1637
proofs/obj/encx_ExecutionPayloadHeader_size_o_generated.bend	0	1	28.65	2735
proofs/obj/gvalid_gpacked_generated.bend	0	1	28.66	1381
e2e/bitlist_8_e2e_comp_generated.bend	0	1	28.67	4632
proofs/api/vec_uint128_3_hashtreeroot_proof_generated.bend	0	1	28.69	1637
e2e/bitlist_33_e2e_generated.bend	0	1	28.70	3339
e2e/FuluCell_e2e_generated.bend	0	1	28.71	2785
proofs/gate/g__var_codec_ProgressiveBitsStruct_unique_generated.bend	0	1	28.71	4388
e2e/bitlist_3_e2e_generated.bend	0	1	28.72	3428
e2e/bitvector_511_e2e_generated.bend	0	1	28.73	2666
e2e/bitlist_1_e2e_comp_generated.bend	0	1	28.78	5639
proofs/api/BitsStruct_hashtreeroot_proof_generated.bend	0	1	28.80	1683
proofs/api/bitlist_3_hashtreeroot_proof_generated.bend	0	1	28.83	1629
e2e/bitvector_16_e2e_generated.bend	0	1	28.84	2606
e2e/bitlist_4_e2e_comp_generated.bend	0	1	28.85	5569
e2e/bitlist_512_e2e_generated.bend	0	1	28.85	3329
e2e/bitlist_5_e2e_comp_generated.bend	0	1	28.86	5264
proofs/obj/var_codec_AggregateAndProof_enc_generated.bend	0	1	28.86	3435
e2e/FuluLightClientOptimisticUpdate_e2e_comp_generated.bend	0	1	28.87	5500
e2e/bitlist_17_e2e_generated.bend	0	1	28.87	3342
proofs/api/vec_uint256_4_hashtreeroot_proof_generated.bend	0	1	28.88	1649
proofs/obj/encx_ProgressiveComplexTestStruct_iface_generated.bend	0	1	28.91	4083
proofs/obj/var_codec_ProgressiveBitsStruct_unique_generated.bend	0	1	28.94	4363
proofs/obj/var_bytesx_LightClientFinalityUpdate_generated.bend	0	1	28.95	3931
e2e/proglist_bool_e2e_generated.bend	0	1	28.96	3623
proofs/api/vec_bool_8_hashtreeroot_proof_generated.bend	0	1	29.03	1623
proofs/api/vec_uint16_3_hashtreeroot_proof_generated.bend	0	1	29.03	1644
proofs/obj/var_codec_ProgressiveComplexTestStruct_unique_generated.bend	0	1	29.03	4495
e2e/bitlist_4_e2e_generated.bend	0	1	29.06	3322
e2e/vec_uint16_4_e2e_generated.bend	0	1	29.08	3064
e2e/vec_uint8_8_e2e_dec_generated.bend	0	1	29.09	2963
e2e/bitlist_512_e2e_comp_generated.bend	0	1	29.14	5353
proofs/api/vec_uint32_31_hashtreeroot_proof_generated.bend	0	1	29.15	1792
e2e/FuluContributionAndProof_e2e_generated.bend	0	1	29.16	2771
e2e/FuluExecutionRequests_e2e_dec_generated.bend	0	1	29.17	3222
proofs/api/VarTestStruct_decode_ssz_proof_generated.bend	0	1	29.17	4047
proofs/api/vec_uint64_31_hashtreeroot_proof_generated.bend	0	1	29.18	1652
e2e/FuluTransaction_e2e_dec_generated.bend	0	1	29.19	3430
e2e/bitlist_7_e2e_generated.bend	0	1	29.21	3411
e2e/bitlist_16_e2e_comp_generated.bend	0	1	29.23	4652
e2e/bitlist_513_e2e_comp_generated.bend	0	1	29.25	5257
proofs/api/vec_uint256_1_hashtreeroot_proof_generated.bend	0	1	29.25	1812
proofs/gate/g__var_codec_AggregateAndProof_enc_generated.bend	0	1	29.26	3435
e2e/bitlist_2_e2e_comp_generated.bend	0	1	29.27	5281
e2e/proglist_uint16_e2e_generated.bend	0	1	29.29	3385
proofs/api/ComplexTestStruct_decode_ssz_proof_generated.bend	0	1	29.30	4101
proofs/api/bitlist_4_hashtreeroot_proof_generated.bend	0	1	29.30	1798
e2e/bitlist_17_e2e_comp_generated.bend	0	1	29.32	5710
e2e/CompatibleUnionABCA_e2e_witness_generated.bend	0	1	29.33	7155
e2e/bitvector_15_e2e_generated.bend	0	1	29.33	2542
proofs/api/vec_uint128_1_hashtreeroot_proof_generated.bend	0	1	29.35	1573
e2e/FuluMatrixEntry_e2e_comp_generated.bend	0	1	29.38	5416
e2e/vec_uint128_4_e2e_dec_generated.bend	0	1	29.39	2709
proofs/gate/g__var_codec_ProgressiveComplexTestStruct_enc_generated.bend	0	1	29.40	3482
e2e/vec_uint64_31_e2e_dec_generated.bend	0	1	29.43	2980
proofs/api/bitlist_9_hashtreeroot_proof_generated.bend	0	1	29.44	1625
e2e/bitlist_3_e2e_comp_generated.bend	0	1	29.45	5360
proofs/api/ProgressiveSingleListContainerTestStruct_hashtreeroot_proof_generated.bend	0	1	29.46	1680
proofs/api/vec_uint128_2_hashtreeroot_proof_generated.bend	0	1	29.46	1645
proofs/api/vec_bool_5_hashtreeroot_proof_generated.bend	0	1	29.47	1613
proofs/api/CompatibleUnionA_decode_ssz_proof_generated.bend	0	1	29.50	4197
proofs/api/ProgressiveComplexTestStruct_encode_ssz_proof_generated.bend	0	1	29.51	4140
e2e/vec_bool_5_e2e_generated.bend	0	1	29.52	2658
proofs/api/ProgressiveComplexTestStruct_hashtreeroot_proof_generated.bend	0	1	29.52	1637
proofs/api/vec_uint8_3_hashtreeroot_proof_generated.bend	0	1	29.52	1640
proofs/api/vec_uint16_4_hashtreeroot_proof_generated.bend	0	1	29.53	1652
e2e/bitlist_32_e2e_dec_generated.bend	0	1	29.56	2995
e2e/vec_bool_2_e2e_generated.bend	0	1	29.56	2799
e2e/bitlist_31_e2e_generated.bend	0	1	29.58	3314
e2e/e2e_blist_generated.bend	0	1	29.59	3011
e2e/e2e_bx_generated.bend	0	1	29.59	3079
e2e/vec_uint16_5_e2e_generated.bend	0	1	29.62	2748
e2e/FuluPendingConsolidation_e2e_dec_generated.bend	0	1	29.63	2832
proofs/api/vec_uint8_512_hashtreeroot_proof_generated.bend	0	1	29.63	1638
proofs/gate/g__var_codec_CompatibleUnionABCA_unique_generated.bend	0	1	29.63	4243
proofs/api/vec_uint16_8_hashtreeroot_proof_generated.bend	0	1	29.66	1609
proofs/api/vec_uint32_4_hashtreeroot_proof_generated.bend	0	1	29.69	1624
proofs/api/vec_uint256_512_hashtreeroot_proof_generated.bend	0	1	29.70	1587
proofs/api/vec_uint32_16_hashtreeroot_proof_generated.bend	0	1	29.70	1625
proofs/api/bitlist_2_hashtreeroot_proof_generated.bend	0	1	29.73	1600
proofs/api/vec_uint128_513_hashtreeroot_proof_generated.bend	0	1	29.74	1636
proofs/gate/g__var_codec_ProgressiveBitsStruct_enc_generated.bend	0	1	29.75	3859
proofs/obj/root_ExecutionPayload_generated.bend	0	1	29.75	3268
e2e/bitvector_7_e2e_generated.bend	0	1	29.76	3036
proofs/obj/var_codec_LightClientUpdate_generated.bend	0	1	29.77	4181
proofs/api/ProgressiveTestStruct_hashtreeroot_proof_generated.bend	0	1	29.80	1688
proofs/api/vec_uint32_2_hashtreeroot_proof_generated.bend	0	1	29.80	1655
e2e/vec_uint8_5_e2e_generated.bend	0	1	29.81	2705
PROOF.bend	0	1	29.84	2578
proofs/api/FuluLightClientBootstrap_decode_ssz_proof_generated.bend	0	1	29.84	1678
proofs/api/BitsStruct_decode_ssz_proof_generated.bend	0	1	29.85	4105
e2e/FuluCell_e2e_comp_generated.bend	0	1	29.87	4334
proofs/obj/encx_ExecutionPayloadHeader_size_generated.bend	0	1	29.87	2507
proofs/api/bitlist_5_hashtreeroot_proof_generated.bend	0	1	29.88	1639
e2e/vec_uint128_16_e2e_dec_generated.bend	0	1	29.90	2947
e2e/vec_uint8_8_e2e_generated.bend	0	1	29.90	2619
e2e/vec_bool_3_e2e_generated.bend	0	1	29.93	2780
proofs/api/vec_uint256_8_hashtreeroot_proof_generated.bend	0	1	29.93	1805
e2e/progbitlist_e2e_dec_generated.bend	0	1	29.96	3344
proofs/api/VarTestStruct_hashtreeroot_proof_generated.bend	0	1	29.97	1591
proofs/api/vec_uint256_513_hashtreeroot_proof_generated.bend	0	1	29.98	1616
e2e/FuluAttestationData_e2e_dec_generated.bend	0	1	29.99	2411
e2e/bitlist_15_e2e_generated.bend	0	1	29.99	3313
proofs/api/vec_uint32_1_hashtreeroot_proof_generated.bend	0	1	30.01	1635
e2e/vec_uint8_4_e2e_generated.bend	0	1	30.04	2704
e2e/e2e_bsw_generated.bend	0	1	30.08	3307
proofs/api/vec_uint128_4_hashtreeroot_proof_generated.bend	0	1	30.08	1784
e2e/CompatibleUnionBC_e2e_witness_generated.bend	0	1	30.11	7127
proofs/api/ProgressiveVarTestStruct_hashtreeroot_proof_generated.bend	0	1	30.13	1634
e2e/bitlist_1_e2e_generated.bend	0	1	30.16	3304
proofs/api/vec_uint128_5_hashtreeroot_proof_generated.bend	0	1	30.18	1632
proofs/api/vec_uint16_512_hashtreeroot_proof_generated.bend	0	1	30.18	1645
proofs/api/ProgressiveVarTestStruct_decode_ssz_proof_generated.bend	0	1	30.19	4087
proofs/api/bitlist_1_hashtreeroot_proof_generated.bend	0	1	30.22	1644
proofs/obj/encx_ProgressiveBitsStruct_size_generated.bend	0	1	30.22	3742
proofs/api/vec_uint256_2_hashtreeroot_proof_generated.bend	0	1	30.24	1588
e2e/vec_uint128_31_e2e_dec_generated.bend	0	1	30.25	3226
proofs/api/vec_uint128_512_hashtreeroot_proof_generated.bend	0	1	30.25	1631
e2e/FuluDepositData_e2e_dec_generated.bend	0	1	30.27	2978
e2e/uint16_e2e_dec_generated.bend	0	1	30.27	3249
proofs/api/ProgressiveBitsStruct_hashtreeroot_proof_generated.bend	0	1	30.28	1574
proofs/api/bitlist_31_hashtreeroot_proof_generated.bend	0	1	30.28	1654
e2e/vec_uint128_31_e2e_comp_generated.bend	0	1	30.29	4417
e2e/vec_uint8_16_e2e_dec_generated.bend	0	1	30.29	3002
proofs/api/proglist_uint16_hashtreeroot_proof_generated.bend	0	1	30.36	1612
e2e/ComplexTestStruct_e2e_witness_generated.bend	0	1	30.37	6780
proofs/api/vec_uint8_1_hashtreeroot_proof_generated.bend	0	1	30.38	1652
proofs/gate/g__var_codec_VarTestStruct_unique_generated.bend	0	1	30.38	4157
proofs/api/vec_uint8_8_hashtreeroot_proof_generated.bend	0	1	30.40	1661
e2e/vec_uint16_16_e2e_generated.bend	0	1	30.42	2704
proofs/api/vec_bool_31_hashtreeroot_proof_generated.bend	0	1	30.46	1581
proofs/obj/var_codec_ProgressiveTestStruct_unique_generated.bend	0	1	30.46	4371
proofs/gate/g__var_codec_BitsStruct_unique_generated.bend	0	1	30.49	4237
proofs/api/vec_uint8_2_hashtreeroot_proof_generated.bend	0	1	30.51	1633
proofs/api/bitlist_8_hashtreeroot_proof_generated.bend	0	1	30.54	1602
proofs/api/vec_bool_513_decode_ssz_proof_generated.bend	0	1	30.56	2534
proofs/gate/g__root_SignedBeaconBlock_generated.bend	0	1	30.57	3284
e2e/vec_bool_8_e2e_generated.bend	0	1	30.59	3073
proofs/api/vec_uint32_5_hashtreeroot_proof_generated.bend	0	1	30.60	1647
e2e/bitvector_5_e2e_generated.bend	0	1	30.63	2618
e2e/bitvector_8_e2e_generated.bend	0	1	30.63	2602
e2e/vec_uint16_31_e2e_dec_generated.bend	0	1	30.63	2981
e2e/bitvector_513_e2e_generated.bend	0	1	30.64	3171
e2e/FuluSignedAggregateAndProof_e2e_witness_generated.bend	0	1	30.66	6200
e2e/bitvector_7_e2e_dec_generated.bend	0	1	30.67	2974
e2e/bitvector_31_e2e_generated.bend	0	1	30.68	2545
e2e/vec_uint16_4_e2e_dec_generated.bend	0	1	30.68	3297
proofs/api/vec_uint64_5_hashtreeroot_proof_generated.bend	0	1	30.69	1786
e2e/vec_bool_4_e2e_generated.bend	0	1	30.70	3270
proofs/api/vec_uint64_512_hashtreeroot_proof_generated.bend	0	1	30.70	1610
proofs/gate/g__var_codec_LightClientUpdate_generated.bend	0	1	30.70	3790
proofs/gate/g__var_codec_ProgressiveTestStruct_unique_generated.bend	0	1	30.70	4363
e2e/progbitlist_e2e_generated.bend	0	1	30.73	3436
e2e/bitvector_33_e2e_generated.bend	0	1	30.77	3092
e2e/vec_uint8_31_e2e_dec_generated.bend	0	1	30.78	3058
proofs/api/FuluBeaconBlockBody_hashtreeroot_proof_generated.bend	0	1	30.79	3425
proofs/api/vec_uint64_513_hashtreeroot_proof_generated.bend	0	1	30.79	1599
proofs/api/vec_uint64_2_hashtreeroot_proof_generated.bend	0	1	30.80	1628
proofs/api/bitlist_7_hashtreeroot_proof_generated.bend	0	1	30.81	1649
proofs/api/bitlist_33_hashtreeroot_proof_generated.bend	0	1	30.82	1575
proofs/gate/g__var_codec_CompatibleUnionBC_unique_generated.bend	0	1	30.85	4134
e2e/bitlist_5_e2e_generated.bend	0	1	30.86	3412
e2e/bitvector_4_e2e_generated.bend	0	1	30.86	3054
e2e/e2e_bvw_generated.bend	0	1	30.86	3172
e2e/FuluDepositRequest_e2e_dec_generated.bend	0	1	30.89	2987
proofs/api/bitlist_32_hashtreeroot_proof_generated.bend	0	1	30.89	1603
e2e/bitvector_2_e2e_generated.bend	0	1	30.91	2548
proofs/obj/var_codec_ProgressiveBitsStruct_enc_generated.bend	0	1	30.91	4008
e2e/e2e_bitl_generated.bend	0	1	30.92	3540
e2e/FuluPendingPartialWithdrawal_e2e_dec_generated.bend	0	1	30.93	2901
proofs/api/proglist_uint8_hashtreeroot_proof_generated.bend	0	1	30.93	1815
proofs/api/vec_uint32_3_hashtreeroot_proof_generated.bend	0	1	30.94	1620
proofs/api/vec_bool_1_hashtreeroot_proof_generated.bend	0	1	30.95	1792
e2e/vec_uint16_2_e2e_generated.bend	0	1	30.98	2651
e2e/vec_uint16_2_e2e_dec_generated.bend	0	1	30.99	3236
proofs/api/vec_bool_4_hashtreeroot_proof_generated.bend	0	1	31.01	1795
e2e/FuluSignedBLSToExecutionChange_e2e_dec_generated.bend	0	1	31.02	2836
proofs/api/FuluExecutionPayload_encode_ssz_proof_generated.bend	0	1	31.07	2644
proofs/api/proglist_uint128_hashtreeroot_proof_generated.bend	0	1	31.08	1606
proofs/api/vec_uint64_1_hashtreeroot_proof_generated.bend	0	1	31.09	1630
proofs/obj/root_BeaconBlock_generated.bend	0	1	31.15	3328
proofs/gate/g__root_gtypes_generated.bend	0	1	31.16	1646
proofs/obj/root_gtypes2_generated.bend	0	1	31.16	1568
proofs/api/vec_uint32_513_hashtreeroot_proof_generated.bend	0	1	31.17	1792
proofs/api/vec_uint32_8_hashtreeroot_proof_generated.bend	0	1	31.20	1666
e2e/FuluContributionAndProof_e2e_dec_generated.bend	0	1	31.24	3164
proofs/api/vec_bool_3_hashtreeroot_proof_generated.bend	0	1	31.25	1640
e2e/FuluMatrixEntry_e2e_generated.bend	0	1	31.29	3252
e2e/vec_uint16_3_e2e_dec_generated.bend	0	1	31.31	2823
e2e/FuluBeaconState_e2e_set_generated.bend	0	1	31.34	5579
proofs/api/vec_uint8_31_hashtreeroot_proof_generated.bend	0	1	31.35	1624
e2e/vec_uint8_2_e2e_generated.bend	0	1	31.37	3048
e2e/VarTestStruct_e2e_witness_generated.bend	0	1	31.42	6564
e2e/vec_uint8_2_e2e_dec_generated.bend	0	1	31.43	3325
e2e/FuluPendingDeposit_e2e_dec_generated.bend	0	1	31.46	2453
proofs/api/vec_uint8_5_hashtreeroot_proof_generated.bend	0	1	31.46	1553
e2e/vec_uint8_1_e2e_dec_generated.bend	0	1	31.48	3291
e2e/bitvector_4_e2e_dec_generated.bend	0	1	31.54	3154
proofs/api/ProgressiveBitsStruct_encode_ssz_proof_generated.bend	0	1	31.55	3268
proofs/api/vec_uint8_16_hashtreeroot_proof_generated.bend	0	1	31.55	1592
e2e/bitvector_15_e2e_dec_generated.bend	0	1	31.56	2957
proofs/api/vec_bool_512_hashtreeroot_proof_generated.bend	0	1	31.56	1604
e2e/VarTestStruct_e2e_dec_generated.bend	0	1	31.58	4469
proofs/gate/g__var_bytesx_LightClientFinalityUpdate_dec_generated.bend	0	1	31.58	4075
e2e/bitlist_6_e2e_comp_generated.bend	0	1	31.59	5342
proofs/api/proglist_bool_hashtreeroot_proof_generated.bend	0	1	31.59	1575
e2e/bitvector_17_e2e_generated.bend	0	1	31.60	3059
proofs/obj/encx_LightClientHeader_generated.bend	0	1	31.61	2637
proofs/api/progbitlist_hashtreeroot_proof_generated.bend	0	1	31.63	1697
e2e/e2e_vlm_l8_Attestation_generated.bend	0	1	31.68	4784
e2e/vec_bool_1_e2e_generated.bend	0	1	31.70	3083
proofs/api/vec_uint8_4_hashtreeroot_proof_generated.bend	0	1	31.71	1788
e2e/FuluExecutionPayloadHeader_e2e_dec_generated.bend	0	1	31.72	3545
proofs/api/vec_uint64_8_hashtreeroot_proof_generated.bend	0	1	31.73	1632
proofs/api/CompatibleUnionBC_hashtreeroot_proof_generated.bend	0	1	31.76	1684
proofs/gate/g__root_ExecutionPayload_generated.bend	0	1	31.80	3282
e2e/proglist_uint16_e2e_dec_generated.bend	0	1	31.82	3631
proofs/api/bitlist_512_hashtreeroot_proof_generated.bend	0	1	31.82	1644
proofs/api/vec_bool_16_hashtreeroot_proof_generated.bend	0	1	31.82	1805
e2e/CompatibleUnionBC_e2e_dec_generated.bend	0	1	31.83	4196
e2e/ProgressiveSingleListContainerTestStruct_e2e_witness_generated.bend	0	1	31.84	6416
proofs/api/vec_uint64_3_hashtreeroot_proof_generated.bend	0	1	31.84	1642
e2e/FuluBlob_e2e_generated.bend	0	1	31.86	3447
e2e/bitlist_16_e2e_generated.bend	0	1	31.86	3344
e2e/vec_uint8_31_e2e_generated.bend	0	1	31.86	2730
proofs/api/vec_uint64_16_hashtreeroot_proof_generated.bend	0	1	31.88	1623
proofs/api/vec_uint128_16_hashtreeroot_proof_generated.bend	0	1	31.89	1585
e2e/bitvector_6_e2e_dec_generated.bend	0	1	31.91	2978
e2e/FuluDataColumnSidecar_e2e_dec_generated.bend	0	1	31.92	3528
e2e/FuluSignedContributionAndProof_e2e_generated.bend	0	1	31.94	3346
e2e/bitlist_6_e2e_generated.bend	0	1	31.96	3430
e2e/bitlist_9_e2e_generated.bend	0	1	31.98	3296
e2e/bitlist_32_e2e_generated.bend	0	1	31.99	3327
proofs/api/proglist_uint32_hashtreeroot_proof_generated.bend	0	1	32.05	1544
e2e/FuluDeposit_e2e_comp_generated.bend	0	1	32.08	5385
e2e/e2e_bbdec_generated.bend	0	1	32.10	4202
e2e/bitlist_513_e2e_generated.bend	0	1	32.11	3429
e2e/FuluIndexedAttestation_e2e_dec_generated.bend	0	1	32.13	3300
proofs/gate/g__root_BeaconBlockBody_generated.bend	0	1	32.17	3279
e2e/e2e_gprog_generated.bend	0	1	32.19	4179
e2e/FixedTestStruct_e2e_dec_generated.bend	0	1	32.20	2883
e2e/vec_uint8_3_e2e_generated.bend	0	1	32.25	3039
proofs/obj/var_bytesx_LightClientFinalityUpdate_dec_generated.bend	0	1	32.25	4358
proofs/obj/root_BeaconBlockBody_generated.bend	0	1	32.31	3284
e2e/bitvector_1_e2e_generated.bend	0	1	32.33	3055
proofs/api/ProgressiveBitsStruct_decode_ssz_proof_generated.bend	0	1	32.36	3908
e2e/bitvector_33_e2e_dec_generated.bend	0	1	32.37	2972
e2e/ProgressiveVarTestStruct_e2e_witness_generated.bend	0	1	32.38	6370
proofs/api/proglist_uint64_hashtreeroot_proof_generated.bend	0	1	32.39	1643
e2e/vec_uint256_16_e2e_dec_generated.bend	0	1	32.41	3218
e2e/SingleFieldTestStruct_e2e_dec_generated.bend	0	1	32.42	3404
e2e/vec_uint8_3_e2e_dec_generated.bend	0	1	32.44	3245
e2e/vec_bool_31_e2e_generated.bend	0	1	32.50	2811
e2e/vec_uint8_16_e2e_generated.bend	0	1	32.52	3257
e2e/vec_uint16_5_e2e_dec_generated.bend	0	1	32.53	3122
e2e/FuluSignedContributionAndProof_e2e_dec_generated.bend	0	1	32.57	3041
e2e/vec_bool_8_e2e_dec_generated.bend	0	1	32.64	3052
e2e/vec_uint16_16_e2e_dec_generated.bend	0	1	32.65	2852
e2e/vec_bool_16_e2e_dec_generated.bend	0	1	32.67	3648
proofs/api/ProgressiveComplexTestStruct_decode_ssz_proof_generated.bend	0	1	32.67	4799
proofs/api/vec_uint8_513_hashtreeroot_proof_generated.bend	0	1	32.71	1546
e2e/vec_uint16_1_e2e_generated.bend	0	1	32.72	2733
e2e/FuluLightClientFinalityUpdate_e2e_witness_generated.bend	0	1	32.74	6844
e2e/FuluSignedBeaconBlockHeader_e2e_dec_generated.bend	0	1	32.74	2989
e2e/SmallTestStruct_e2e_dec_generated.bend	0	1	32.76	3215
e2e/e2e_gpb_generated.bend	0	1	32.76	3246
proofs/obj/var_codec_ComplexTestStruct_unique_generated.bend	0	1	32.76	4258
e2e/vec_bool_512_e2e_witness_generated.bend	0	1	32.77	4128
proofs/api/proglist_uint256_hashtreeroot_proof_generated.bend	0	1	32.77	1624
e2e/vec_uint8_4_e2e_dec_generated.bend	0	1	32.83	3044
proofs/gate/g__root_BeaconBlock_generated.bend	0	1	32.87	3321
e2e/vec_bool_2_e2e_dec_generated.bend	0	1	32.89	3690
e2e/FuluDataColumnSidecar_e2e_generated.bend	0	1	32.92	3734
e2e/FuluProposerSlashing_e2e_generated.bend	0	1	32.94	2820
proofs/obj/root_SignedBeaconBlock_generated.bend	0	1	32.96	3306
e2e/FuluLightClientBootstrap_e2e_comp_generated.bend	0	1	32.98	5270
e2e/bitvector_16_e2e_dec_generated.bend	0	1	32.98	2984
e2e/FixedTestStruct_e2e_generated.bend	0	1	33.00	2755
e2e/vec_uint8_5_e2e_dec_generated.bend	0	1	33.01	3111
proofs/obj/var_winx_BeaconState_generated.bend	0	1	33.02	4286
e2e/uint8_e2e_dec_generated.bend	0	1	33.05	3040
e2e/vec_uint16_1_e2e_dec_generated.bend	0	1	33.16	3229
e2e/bitvector_9_e2e_dec_generated.bend	0	1	33.17	2975
e2e/e2e_hvk_generated.bend	0	1	33.22	3195
e2e/bitvector_31_e2e_dec_generated.bend	0	1	33.26	3283
e2e/FuluAttesterSlashing_e2e_dec_generated.bend	0	1	33.28	3485
e2e/vec_bool_513_e2e_witness_generated.bend	0	1	33.34	4141
e2e/e2e_vw_ExecutionPayloadHeader_generated.bend	0	1	33.36	3580
proofs/api/vec_bool_2_hashtreeroot_proof_generated.bend	0	1	33.36	1665
e2e/e2e_mw_light_generated.bend	0	1	33.37	3302
e2e/FuluBytes4_e2e_generated.bend	0	1	33.38	3380
e2e/bitlist_8_e2e_generated.bend	0	1	33.39	3338
e2e/CompatibleUnionA_e2e_dec_generated.bend	0	1	33.42	4105
proofs/api/vec_bool_513_hashtreeroot_proof_generated.bend	0	1	33.42	1638
proofs/gate/g__root_gtypes2_generated.bend	0	1	33.48	1582
e2e/bitvector_1_e2e_dec_generated.bend	0	1	33.49	2981
proofs/gate/g__var_codec_ProgressiveComplexTestStruct_unique_generated.bend	0	1	33.49	4486
e2e/e2e_ve_DataColumnSidecar_generated.bend	0	1	33.50	3857
e2e/e2e_ve_ExecutionPayloadHeader_generated.bend	0	1	33.52	4345
e2e/e2e_vlm_l1_AttesterSlashing_generated.bend	0	1	33.54	4842
e2e/vec_uint16_513_e2e_witness_generated.bend	0	1	33.56	4366
proofs/obj/gvalid_gtypes2_generated.bend	0	1	33.58	1816
e2e/bitvector_5_e2e_dec_generated.bend	0	1	33.61	3283
e2e/bitvector_511_e2e_dec_generated.bend	0	1	33.62	2956
proofs/obj/var_codec_BeaconState_generated.bend	0	1	33.67	4525
e2e/FuluBytes1_e2e_generated.bend	0	1	33.70	3071
e2e/FuluValidatorIndex_e2e_generated.bend	0	1	33.70	3443
e2e/e2e_bsl_generated.bend	0	1	33.70	4291
e2e/FuluValidator_e2e_dec_generated.bend	0	1	33.71	3078
proofs/obj/var_codec_SignedAggregateAndProof_enc_generated.bend	0	1	33.73	4127
e2e/e2e_wxa_generated.bend	0	1	33.74	4375
proofs/api/FuluSignedBeaconBlock_hashtreeroot_proof_generated.bend	0	1	33.74	3257
e2e/FuluExecutionPayloadHeader_e2e_generated.bend	0	1	33.75	4039
e2e/FuluAttestation_e2e_comp_generated.bend	0	1	33.80	6645
e2e/FuluForkData_e2e_generated.bend	0	1	33.80	3371
e2e/FuluCellIndex_e2e_generated.bend	0	1	33.89	3402
e2e/FuluBytes1_e2e_dec_generated.bend	0	1	33.92	2850
e2e/bitvector_3_e2e_dec_generated.bend	0	1	33.93	3199
e2e/FuluSigningData_e2e_generated.bend	0	1	33.94	3260
e2e/vec_uint16_512_e2e_witness_generated.bend	0	1	34.00	3743
e2e/FuluForkDigest_e2e_generated.bend	0	1	34.03	3363
e2e/FuluCurrentSyncCommitteeBranch_e2e_root_generated.bend	0	1	34.04	2859
e2e/FuluBytes32_e2e_generated.bend	0	1	34.06	3425
e2e/e2e_gvt_generated.bend	0	1	34.10	4136
e2e/vec_bool_3_e2e_dec_generated.bend	0	1	34.16	3629
e2e/CompatibleUnionABCA_e2e_dec_generated.bend	0	1	34.19	4216
e2e/vec_bool_31_e2e_dec_generated.bend	0	1	34.19	3709
proofs/gate/g__var_codec_ComplexTestStruct_unique_generated.bend	0	1	34.21	4357
proofs/api/FuluExecutionPayload_hashtreeroot_proof_generated.bend	0	1	34.23	3248
e2e/FuluFork_e2e_generated.bend	0	1	34.26	3037
e2e/FuluLightClientUpdate_e2e_witness_generated.bend	0	1	34.26	6687
e2e/FuluEth1Block_e2e_generated.bend	0	1	34.34	3419
e2e/bitvector_2_e2e_dec_generated.bend	0	1	34.40	2820
e2e/FuluBytes20_e2e_generated.bend	0	1	34.42	3066
e2e/e2e_ml_l16_ProposerSlashing_generated.bend	0	1	34.43	4408
proofs/gate/g__var_codec_SignedAggregateAndProof_enc_generated.bend	0	1	34.43	3535
e2e/FuluNodeID_e2e_generated.bend	0	1	34.45	3207
e2e/FuluConsolidationRequest_e2e_generated.bend	0	1	34.47	3297
e2e/FuluExecutionRequests_e2e_generated.bend	0	1	34.47	4942
proofs/api/FuluLightClientUpdate_decode_ssz_proof_generated.bend	0	1	34.48	4167
e2e/bitvector_513_e2e_dec_generated.bend	0	1	34.57	3289
e2e/FuluSyncCommittee_e2e_generated.bend	0	1	34.58	3376
e2e/FuluParticipationFlags_e2e_dec_generated.bend	0	1	34.59	3003
e2e/FuluWithdrawalIndex_e2e_generated.bend	0	1	34.60	3062
e2e/e2e_hvg_generated.bend	0	1	34.62	3510
e2e/FuluVoluntaryExit_e2e_generated.bend	0	1	34.65	3388
proofs/api/FuluBeaconState_decode_ssz_proof_generated.bend	0	1	34.67	4532
e2e/e2e_vbxD_LightClientHeader_generated.bend	0	1	34.70	4750
e2e/ProgressiveTestStruct_e2e_witness_generated.bend	0	1	34.71	7047
e2e/FuluLightClientHeader_e2e_generated.bend	0	1	34.72	3416
e2e/FuluDomainType_e2e_generated.bend	0	1	34.77	3358
e2e/FuluGwei_e2e_generated.bend	0	1	34.80	3231
e2e/vec_bool_5_e2e_dec_generated.bend	0	1	34.81	3711
e2e/bitvector_17_e2e_dec_generated.bend	0	1	34.83	2960
e2e/FuluEpoch_e2e_generated.bend	0	1	34.90	3219
e2e/e2e_vlm_l16_Deposit_generated.bend	0	1	34.90	4689
e2e/FuluColumnIndex_e2e_generated.bend	0	1	34.98	3395
e2e/FuluPayloadId_e2e_generated.bend	0	1	34.98	3399
e2e/vec_bool_1_e2e_dec_generated.bend	0	1	35.00	3600
e2e/BitsStruct_e2e_generated.bend	0	1	35.03	3989
e2e/FuluSyncCommitteeContribution_e2e_generated.bend	0	1	35.03	3286
e2e/e2e_bsx_generated.bend	0	1	35.04	4836
e2e/e2e_hv_generated.bend	0	1	35.07	2764
e2e/e2e_hvo_generated.bend	0	1	35.14	3534
e2e/e2e_pbh_generated.bend	0	1	35.28	3678
e2e/vec_uint16_512_e2e_comp_generated.bend	0	1	35.28	4729
e2e/FuluWithdrawalRequest_e2e_generated.bend	0	1	35.32	3207
e2e/FuluBlobIdentifier_e2e_generated.bend	0	1	35.33	3426
proofs/api/FuluSignedAggregateAndProof_encode_ssz_proof_generated.bend	0	1	35.35	3719
e2e/e2e_gcx_generated.bend	0	1	35.42	4484
e2e/FuluSlot_e2e_generated.bend	0	1	35.45	3344
e2e/FuluProposerSlashing_e2e_dec_generated.bend	0	1	35.50	3512
e2e/vec_uint16_31_e2e_generated.bend	0	1	35.55	3093
e2e/FuluIndexedAttestation_e2e_generated.bend	0	1	35.57	3486
e2e/e2e_bsenc_generated.bend	0	1	35.63	4093
e2e/e2e_encpd_generated.bend	0	1	35.64	4233
e2e/e2e_fx_generated.bend	0	1	35.65	4386
e2e/FuluParticipationFlags_e2e_generated.bend	0	1	35.70	3040
e2e/FuluSingleAttestation_e2e_dec_generated.bend	0	1	35.70	3042
e2e/ComplexTestStruct_e2e_dec_generated.bend	0	1	35.71	4638
e2e/e2e_gvl_generated.bend	0	1	35.73	4443
e2e/ProgressiveBitsStruct_e2e_witness_generated.bend	0	1	35.78	7465
e2e/FuluCommitteeIndex_e2e_generated.bend	0	1	35.86	3279
e2e/vec_uint128_3_e2e_generated.bend	0	1	35.87	3240
e2e/e2e_ve_LightClientHeader_generated.bend	0	1	35.89	4143
e2e/FuluSyncCommitteeMessage_e2e_generated.bend	0	1	35.90	3137
e2e/e2e_bl48_generated.bend	0	1	35.91	3909
e2e/FuluDomain_e2e_generated.bend	0	1	35.92	3399
e2e/vec_uint256_1_e2e_generated.bend	0	1	35.92	3290
e2e/FuluEth1Data_e2e_generated.bend	0	1	35.94	3416
e2e/FuluSyncAggregate_e2e_generated.bend	0	1	35.95	3109
e2e/ProgressiveComplexTestStruct_e2e_witness_generated.bend	0	1	35.95	6918
e2e/FuluSyncAggregatorSelectionData_e2e_generated.bend	0	1	35.99	3453
e2e/FuluBlobIndex_e2e_generated.bend	0	1	36.00	3294
e2e/FuluCheckpoint_e2e_generated.bend	0	1	36.00	3375
e2e/e2e_ve_LightClientOptimisticUpdate_generated.bend	0	1	36.11	4471
e2e/FuluVersion_e2e_generated.bend	0	1	36.17	3374
e2e/FuluWithdrawal_e2e_generated.bend	0	1	36.17	3253
e2e/e2e_vbx_ExecutionPayload_generated.bend	0	1	36.17	5414
e2e/FuluCustodyIndex_e2e_generated.bend	0	1	36.18	3387
e2e/FuluHash32_e2e_generated.bend	0	1	36.19	3246
e2e/e2e_encp_generated.bend	0	1	36.21	4407
e2e/vec_uint8_513_e2e_dec_generated.bend	0	1	36.22	3194
e2e/FuluPowBlock_e2e_generated.bend	0	1	36.24	3408
e2e/bitvector_8_e2e_dec_generated.bend	0	1	36.25	3233
e2e/FuluSignedBLSToExecutionChange_e2e_generated.bend	0	1	36.26	3119
proofs/api/FuluLightClientFinalityUpdate_decode_ssz_proof_generated.bend	0	1	36.35	4314
e2e/FuluExecutionAddress_e2e_generated.bend	0	1	36.39	3030
e2e/vec_uint256_31_e2e_comp_generated.bend	0	1	36.48	3736
e2e/ProgressiveTestStruct_e2e_dec_generated.bend	0	1	36.52	5105
e2e/e2e_vw_LightClientHeader_generated.bend	0	1	36.55	3850
e2e/FuluDepositData_e2e_generated.bend	0	1	36.60	3322
e2e/vec_bool_4_e2e_dec_generated.bend	0	1	36.63	3598
e2e/FuluLightClientHeader_e2e_dec_generated.bend	0	1	36.65	3539
e2e/FuluBLSSignature_e2e_generated.bend	0	1	36.67	3078
e2e/FuluBytes8_e2e_generated.bend	0	1	36.70	3387
e2e/FuluLightClientOptimisticUpdate_e2e_generated.bend	0	1	36.80	3490
e2e/FuluRowIndex_e2e_generated.bend	0	1	36.85	3381
e2e/FuluHistoricalSummary_e2e_generated.bend	0	1	36.90	3363
e2e/FuluSignedAggregateAndProof_e2e_comp_generated.bend	0	1	37.05	7936
e2e/FuluPendingConsolidation_e2e_generated.bend	0	1	37.13	3430
proofs/gate/g__var_codec_BeaconState_generated.bend	0	1	37.17	4314
e2e/FuluG2Point_e2e_generated.bend	0	1	37.22	3350
e2e/e2e_ml_l16_Deposit_generated.bend	0	1	37.22	4458
e2e/FuluCommitmentIndex_e2e_generated.bend	0	1	37.26	3004
e2e/FuluDepositMessage_e2e_generated.bend	0	1	37.29	3445
e2e/e2e_bswh_generated.bend	0	1	37.29	3351
e2e/e2e_vbxD_ExecutionPayloadHeader_generated.bend	0	1	37.29	4397
e2e/FuluRoot_e2e_generated.bend	0	1	37.31	3073
e2e/e2e_wxah_generated.bend	0	1	37.34	4079
e2e/FuluBytes96_e2e_generated.bend	0	1	37.40	3454
e2e/FuluPendingAttestation_e2e_generated.bend	0	1	37.55	4682
e2e/uint256_e2e_generated.bend	0	1	37.56	3081
e2e/e2e_vw_LightClientBootstrap_generated.bend	0	1	37.62	3367
e2e/FuluBytes48_e2e_generated.bend	0	1	37.64	3415
e2e/FuluPendingPartialWithdrawal_e2e_generated.bend	0	1	37.66	3428
e2e/bitvector_511_e2e_root_generated.bend	0	1	37.68	3211
e2e/e2e_pbsw_generated.bend	0	1	37.68	3409
e2e/e2e_eptx_generated.bend	0	1	37.74	4189
e2e/CompatibleUnionA_e2e_generated.bend	0	1	37.81	5142
e2e/FuluG1Point_e2e_generated.bend	0	1	37.81	3323
e2e/FuluBLSPubkey_e2e_generated.bend	0	1	37.84	3227
e2e/vec_uint8_512_e2e_dec_generated.bend	0	1	37.84	3008
e2e/FuluBLSToExecutionChange_e2e_generated.bend	0	1	37.86	3381
e2e/FuluKZGCommitment_e2e_generated.bend	0	1	37.93	3081
e2e/vec_uint128_5_e2e_generated.bend	0	1	37.94	3206
e2e/FuluKZGProof_e2e_generated.bend	0	1	38.11	3334
proofs/api/FuluBeaconBlockBody_decode_ssz_proof_generated.bend	0	1	38.12	5222
proofs/obj/gvalid_ExecutionPayload_generated.bend	0	1	38.18	3450
e2e/vec_uint32_5_e2e_generated.bend	0	1	38.19	3160
e2e/FuluSignedVoluntaryExit_e2e_generated.bend	0	1	38.24	3354
e2e/FuluAttesterSlashing_e2e_generated.bend	0	1	38.26	2989
e2e/FuluEther_e2e_generated.bend	0	1	38.27	3224
e2e/FuluAttestationData_e2e_generated.bend	0	1	38.32	3113
e2e/vec_uint32_3_e2e_generated.bend	0	1	38.50	3245
proofs/obj/gvalid_BeaconBlockBody_generated.bend	0	1	38.52	3000
e2e/FuluDepositRequest_e2e_generated.bend	0	1	38.54	3128
e2e/vec_uint256_5_e2e_generated.bend	0	1	38.56	3313
e2e/FuluBeaconBlockHeader_e2e_generated.bend	0	1	38.58	3446
e2e/vec_uint256_3_e2e_generated.bend	0	1	38.59	3310
e2e/e2e_vw_LightClientOptimisticUpdate_generated.bend	0	1	38.62	3798
e2e/vec_uint64_5_e2e_generated.bend	0	1	38.65	3214
e2e/vec_uint16_513_e2e_comp_generated.bend	0	1	38.68	4574
e2e/vec_uint64_512_e2e_generated.bend	0	1	38.69	3341
proofs/obj/gvalid_SignedBeaconBlock_generated.bend	0	1	38.70	3464
proofs/obj/var_codec_BeaconBlockBody_generated.bend	0	1	38.80	4893
e2e/FuluVersionedHash_e2e_generated.bend	0	1	38.82	3071
e2e/e2e_vbx_ExecutionPayloadHeader_generated.bend	0	1	38.86	5196
e2e/FuluSubnetID_e2e_generated.bend	0	1	39.07	3291
e2e/e2e_vbx_LightClientHeader_generated.bend	0	1	39.15	4571
e2e/vec_uint32_1_e2e_generated.bend	0	1	39.33	3256
proofs/obj/encx_LightClientHeader_iface_o_generated.bend	0	1	39.39	3969
e2e/uint64_e2e_generated.bend	0	1	39.40	3391
e2e/FuluSignedBeaconBlockHeader_e2e_generated.bend	0	1	39.42	3289
e2e/e2e_encrd_generated.bend	0	1	39.55	5665
proofs/obj/gvalid_gtypes_generated.bend	0	1	39.63	1745
e2e/vec_uint64_1_e2e_generated.bend	0	1	39.72	3100
e2e/bitvector_1_e2e_root_generated.bend	0	1	39.80	2765
e2e/ProgressiveVarTestStruct_e2e_dec_generated.bend	0	1	39.82	5217
e2e/vec_uint8_513_e2e_generated.bend	0	1	39.85	3478
e2e/FuluAggregateAndProof_e2e_dec_generated.bend	0	1	39.87	4254
e2e/FuluTransaction_e2e_root_generated.bend	0	1	39.92	3541
e2e/FuluSignedAggregateAndProof_e2e_dec_generated.bend	0	1	39.97	4234
e2e/VarTestStruct_e2e_generated.bend	0	1	40.02	5366
e2e/ProgressiveVarTestStruct_e2e_generated.bend	0	1	40.05	4911
e2e/vec_uint8_512_e2e_generated.bend	0	1	40.07	3461
e2e/uint128_e2e_generated.bend	0	1	40.12	3414
e2e/e2e_attw.bend	0	1	40.14	4191
e2e/ProgressiveSingleListContainerTestStruct_e2e_dec_generated.bend	0	1	40.15	5342
proofs/obj/gvalid_BeaconBlock_generated.bend	0	1	40.20	3440
e2e/vec_uint256_513_e2e_generated.bend	0	1	40.24	3255
e2e/vec_uint64_3_e2e_generated.bend	0	1	40.24	3270
proofs/obj/encx_LightClientFinalityUpdate_generated.bend	0	1	40.27	4102
e2e/FuluPendingDeposit_e2e_generated.bend	0	1	40.30	3431
e2e/CompatibleUnionBC_e2e_generated.bend	0	1	40.32	5568
e2e/e2e_encvd_generated.bend	0	1	40.36	5789
e2e/FuluBlobSidecar_e2e_generated.bend	0	1	40.39	3923
e2e/FuluPendingAttestation_e2e_dec_generated.bend	0	1	40.47	3925
e2e/e2e_encr_generated.bend	0	1	40.54	5805
e2e/e2e_gph_generated.bend	0	1	40.86	4986
e2e/FuluAttestation_e2e_generated.bend	0	1	40.98	5127
proofs/obj/var_winx_BeaconBlockBody_generated.bend	0	1	41.01	5080
e2e/vec_bool_512_e2e_comp_generated.bend	0	1	41.09	5217
proofs/obj/encx_LightClientHeader_iface_generated.bend	0	1	41.11	4233
e2e/FuluDeposit_e2e_dec_generated.bend	0	1	41.15	4061
e2e/FuluLightClientBootstrap_e2e_generated.bend	0	1	41.47	3700
e2e/e2e_pbsh_generated.bend	0	1	41.49	4957
e2e/e2e_aapw.bend	0	1	41.54	4044
e2e/FuluAttestation_e2e_dec_generated.bend	0	1	41.56	3486
e2e/FuluExecutionRequests_e2e_root_generated.bend	0	1	41.57	3545
e2e/e2e_encqd_generated.bend	0	1	41.58	5521
e2e/bitvector_4_e2e_root_generated.bend	0	1	41.66	2792
e2e/FuluValidator_e2e_generated.bend	0	1	41.72	3310
e2e/vec_uint16_512_e2e_dec_generated.bend	0	1	41.82	3143
e2e/FuluExecutionPayload_e2e_witness_generated.bend	0	1	41.84	7019
e2e/CompatibleUnionABCA_e2e_generated.bend	0	1	41.95	5709
e2e/e2e_vbx_LightClientFinalityUpdate_generated.bend	0	1	42.01	6457
e2e/bitvector_513_e2e_root_generated.bend	0	1	42.10	2748
e2e/vec_uint128_1_e2e_generated.bend	0	1	42.12	3213
e2e/e2e_encq_generated.bend	0	1	42.13	5725
e2e/ProgressiveComplexTestStruct_e2e_dec_generated.bend	0	1	42.15	5434
e2e/FuluSingleAttestation_e2e_generated.bend	0	1	42.24	3153
e2e/e2e_ve_LightClientBootstrap_generated.bend	0	1	42.25	3625
e2e/FuluSignedAggregateAndProof_e2e_root_generated.bend	0	1	42.61	3832
e2e/vec_uint128_512_e2e_generated.bend	0	1	42.79	3261
e2e/FuluExecutionPayload_e2e_dec_generated.bend	0	1	42.83	5255
e2e/FuluLightClientHeader_e2e_root_generated.bend	0	1	42.86	3499
e2e/FuluHistoricalBatch_e2e_generated.bend	0	1	42.92	4183
e2e/FuluLightClientOptimisticUpdate_e2e_dec_generated.bend	0	1	43.13	3665
e2e/FuluDataColumnsByRootIdentifier_e2e_root_generated.bend	0	1	43.25	3943
e2e/FixedTestStruct_e2e_root_generated.bend	0	1	43.30	3636
e2e/FuluAttesterSlashing_e2e_root_generated.bend	0	1	43.34	3887
e2e/ProgressiveSingleListContainerTestStruct_e2e_generated.bend	0	1	43.35	5821
e2e/FuluLightClientOptimisticUpdate_e2e_root_generated.bend	0	1	43.40	3962
proofs/obj/var_codec_LightClientFinalityUpdate_enc_o_generated.bend	0	1	43.42	4172
e2e/e2e_epr_generated.bend	0	1	43.48	4549
proofs/gate/g__var_codec_LightClientFinalityUpdate_enc_generated.bend	0	1	43.52	4197
e2e/e2e_bbatt_generated.bend	0	1	43.67	5296
proofs/api/FuluBeaconBlock_decode_ssz_proof_generated.bend	0	1	43.67	5039
proofs/obj/var_codec_LightClientFinalityUpdate_enc_generated.bend	0	1	43.67	4147
e2e/FuluHistoricalBatch_e2e_dec_generated.bend	0	1	43.70	5123
proofs/api/FuluBeaconState_hashtreeroot_proof_generated.bend	0	1	43.73	3147
e2e/FuluBlob_e2e_root_generated.bend	0	1	43.81	3719
proofs/obj/encx_LightClientFinalityUpdate_iface_o_generated.bend	0	1	43.84	4130
e2e/FuluPendingAttestation_e2e_root_generated.bend	0	1	43.97	3419
e2e/BitsStruct_e2e_dec_generated.bend	0	1	44.04	4973
e2e/ComplexTestStruct_e2e_generated.bend	0	1	44.19	5831
e2e/vec_uint16_513_e2e_dec_generated.bend	0	1	44.28	3990
e2e/FuluExecutionPayloadHeader_e2e_root_generated.bend	0	1	44.46	3526
e2e/FuluAttestation_e2e_root_generated.bend	0	1	44.52	3505
e2e/bitvector_32_e2e_generated.bend	0	1	44.54	3466
e2e/FuluLightClientUpdate_e2e_root_generated.bend	0	1	44.76	3828
e2e/e2e_vbxD_LightClientUpdate_generated.bend	0	1	44.81	6483
e2e/e2e_encld_generated.bend	0	1	44.82	6158
e2e/bitvector_512_e2e_generated.bend	0	1	44.85	3624
e2e/FuluSignedContributionAndProof_e2e_root_generated.bend	0	1	44.91	3631
e2e/FuluIndexedAttestation_e2e_root_generated.bend	0	1	44.92	3963
proofs/obj/var_codec_BeaconBlock_generated.bend	0	1	45.02	5737
e2e/FuluDataColumnSidecar_e2e_root_generated.bend	0	1	45.04	3436
proofs/obj/encx_LightClientFinalityUpdate_iface_generated.bend	0	1	45.07	4199
proofs/obj/var_winx_BeaconBlock_generated.bend	0	1	45.34	5156
e2e/FuluAggregateAndProof_e2e_root_generated.bend	0	1	45.44	3438
e2e/FuluAggregateAndProof_e2e_comp_generated.bend	0	1	45.64	6634
proofs/obj/encx_LightClientUpdate_generated.bend	0	1	45.84	4703
e2e/FuluLightClientBootstrap_e2e_dec_generated.bend	0	1	45.85	4048
e2e/ProgressiveTestStruct_e2e_generated.bend	0	1	45.90	6593
e2e/ProgressiveBitsStruct_e2e_generated.bend	0	1	46.05	6015
e2e/FuluAggregateAndProof_e2e_generated.bend	0	1	46.27	5341
e2e/vec_bool_513_e2e_comp_generated.bend	0	1	46.57	4336
e2e/FuluLightClientBootstrap_e2e_root_generated.bend	0	1	46.65	4239
e2e/FuluLightClientFinalityUpdate_e2e_root_generated.bend	0	1	46.73	3483
proofs/gate/g__var_codec_BeaconBlockBody_generated.bend	0	1	46.83	4845
e2e/ProgressiveComplexTestStruct_e2e_generated.bend	0	1	46.99	6145
e2e/proglist_uint16_e2e_root_generated.bend	0	1	47.19	4007
e2e/vec_uint16_513_e2e_root_generated.bend	0	1	47.61	3583
proofs/obj/var_codec_BeaconBlock_enc_o_generated.bend	0	1	47.63	3804
proofs/api/FuluLightClientFinalityUpdate_encode_ssz_proof_generated.bend	0	1	47.69	4158
e2e/e2e_vbxY_BeaconBlockBody_generated.bend	0	1	47.74	7992
e2e/FuluCell_e2e_dec_generated.bend	0	1	47.87	4163
e2e/vec_bool_513_e2e_generated.bend	0	1	47.88	2986
proofs/obj/encx_BeaconBlockBody_generated.bend	0	1	47.92	4200
proofs/obj/var_codec_LightClientUpdate_enc_generated.bend	0	1	48.08	4474
e2e/FuluDeposit_e2e_generated.bend	0	1	48.42	3965
e2e/e2e_vhl8_generated.bend	0	1	48.54	5909
proofs/obj/var_codec_LightClientUpdate_enc_o_generated.bend	0	1	48.59	4631
e2e/proglist_uint32_e2e_root_generated.bend	0	1	48.83	3728
proofs/obj/encx_BeaconBlock_iface_generated.bend	0	1	48.85	3726
proofs/obj/root_state_generated.bend	0	1	48.88	2414
e2e/ProgressiveComplexTestStruct_e2e_root_generated.bend	0	1	48.91	4062
proofs/obj/encx_BeaconBlock_iface_o_generated.bend	0	1	48.98	3743
e2e/ComplexTestStruct_e2e_root_generated.bend	0	1	49.01	3757
e2e/FuluLightClientFinalityUpdate_e2e_dec_generated.bend	0	1	49.04	6013
proofs/gate/g__var_codec_BeaconBlock_generated.bend	0	1	49.13	4901
proofs/obj/root_BeaconState_generated.bend	0	1	49.20	3384
e2e/e2e_pbs_generated.bend	0	1	49.27	5728
e2e/vec_bool_5_e2e_root_generated.bend	0	1	49.36	3608
proofs/obj/encx_BeaconBlockBody_size_generated.bend	0	1	49.44	3675
proofs/obj/var_codec_BeaconBlock_enc_generated.bend	0	1	49.49	3789
e2e/proglist_uint128_e2e_root_generated.bend	0	1	49.53	4010
proofs/obj/encx_LightClientUpdate_iface_o_generated.bend	0	1	49.57	4626
e2e/FuluLightClientUpdate_e2e_dec_generated.bend	0	1	49.65	5787
e2e/vec_uint128_1_e2e_root_generated.bend	0	1	50.00	3859
e2e/ProgressiveVarTestStruct_e2e_root_generated.bend	0	1	50.05	3771
proofs/api/FuluBeaconBlockBody_encode_ssz_proof_generated.bend	0	1	50.31	3781
proofs/obj/var_codec_SignedBeaconBlock_generated.bend	0	1	50.33	5011
e2e/vec_bool_512_e2e_generated.bend	0	1	50.36	3015
e2e/ProgressiveBitsStruct_e2e_root_generated.bend	0	1	50.45	3819
proofs/gate/g__root_BeaconState_generated.bend	0	1	50.60	3027
proofs/obj/var_winx_SignedBeaconBlock_generated.bend	0	1	50.62	4816
proofs/obj/encx_LightClientUpdate_iface_generated.bend	0	1	50.90	4723
e2e/vec_uint16_2_e2e_root_generated.bend	0	1	50.91	3604
e2e/vec_uint16_512_e2e_generated.bend	0	1	50.92	3892
e2e/bitlist_33_e2e_root_generated.bend	0	1	50.93	3761
e2e/ProgressiveSingleListContainerTestStruct_e2e_root_generated.bend	0	1	50.94	3920
e2e/vec_bool_1_e2e_root_generated.bend	0	1	50.99	3636
e2e/proglist_uint64_e2e_root_generated.bend	0	1	51.01	3713
e2e/vec_uint8_31_e2e_root_generated.bend	0	1	51.03	3518
e2e/vec_uint8_16_e2e_root_generated.bend	0	1	51.16	3607
proofs/obj/var_codec_BeaconBlockBody_enc_generated.bend	0	1	51.22	3703
proofs/obj/encx_BeaconBlockBody_size_o_generated.bend	0	1	51.25	3710
proofs/obj/encx_BeaconBlockBody_iface_generated.bend	0	1	51.27	3667
e2e/e2e_encq2d_generated.bend	0	1	51.30	6574
e2e/proglist_uint8_e2e_root_generated.bend	0	1	51.40	3196
e2e/progbitlist_e2e_root_generated.bend	0	1	51.53	3736
e2e/vec_uint8_512_e2e_root_generated.bend	0	1	51.54	3589
proofs/api/FuluBeaconBlock_encode_ssz_proof_generated.bend	0	1	51.73	4537
e2e/proglist_bool_e2e_root_generated.bend	0	1	51.76	3720
e2e/VarTestStruct_e2e_root_generated.bend	0	1	51.85	3760
e2e/vec_uint256_1_e2e_root_generated.bend	0	1	51.87	4037
e2e/vec_uint128_512_e2e_root_generated.bend	0	1	52.01	3804
e2e/BitsStruct_e2e_root_generated.bend	0	1	52.07	3373
proofs/obj/encx_BeaconBlockBody_iface_o_generated.bend	0	1	52.21	3671
proofs/obj/var_codec_SignedBeaconBlock_enc_o_generated.bend	0	1	52.48	4670
proofs/obj/encx_BeaconBlock_generated.bend	0	1	52.49	3638
e2e/FuluSignedAggregateAndProof_e2e_generated.bend	0	1	52.71	6127
proofs/gate/g__var_codec_SignedBeaconBlock_generated.bend	0	1	52.72	6234
e2e/bitlist_1_e2e_root_generated.bend	0	1	52.82	3698
proofs/gate/g__var_codec_LightClientUpdate_enc_generated.bend	0	1	52.90	4506
e2e/vec_bool_8_e2e_root_generated.bend	0	1	52.93	3581
e2e/vec_uint64_1_e2e_root_generated.bend	0	1	52.97	3720
e2e/e2e_pbsd_generated.bend	0	1	53.29	6675
e2e/bitlist_8_e2e_root_generated.bend	0	1	53.31	4002
proofs/api/FuluLightClientUpdate_encode_ssz_proof_generated.bend	0	1	53.31	4591
e2e/vec_bool_512_e2e_dec_generated.bend	0	1	53.41	4323
e2e/FuluBlobSidecar_e2e_dec_generated.bend	0	1	53.53	5193
e2e/proglist_uint256_e2e_root_generated.bend	0	1	53.64	4014
e2e/FuluSignedBeaconBlock_e2e_root_generated.bend	0	1	53.83	5370
e2e/e2e_mwd_generated.bend	0	1	54.03	5577
e2e/FuluExecutionPayload_e2e_root_generated.bend	0	1	54.16	5888
e2e/e2e_vbxY_BeaconBlock_generated.bend	0	1	54.18	7791
e2e/e2e_stv_generated.bend	0	1	54.24	6672
proofs/obj/var_codec_SignedBeaconBlock_enc_generated.bend	0	1	54.39	3792
e2e/ProgressiveTestStruct_e2e_root_generated.bend	0	1	54.55	3785
e2e/FuluBeaconBlockBody_e2e_root_generated.bend	0	1	54.75	5667
e2e/vec_uint32_1_e2e_root_generated.bend	0	1	54.86	4032
e2e/CompatibleUnionABCA_e2e_root_generated.bend	0	1	54.91	3956
e2e/vec_uint16_4_e2e_root_generated.bend	0	1	55.03	3536
e2e/FuluBeaconBlock_e2e_root_generated.bend	0	1	55.36	6013
e2e/e2e_mw_generated.bend	0	1	55.47	5317
proofs/obj/var_codec_BeaconBlockBody_enc_o_generated.bend	0	1	55.57	3768
e2e/vec_uint16_513_e2e_generated.bend	0	1	55.63	3641
e2e/FuluLightClientFinalityUpdate_e2e_generated.bend	0	1	55.85	5955
proofs/obj/gvalid_BeaconState_generated.bend	0	1	55.90	3620
e2e/CompatibleUnionBC_e2e_root_generated.bend	0	1	56.02	3950
e2e/vec_bool_3_e2e_root_generated.bend	0	1	56.42	3571
proofs/api/FuluSignedBeaconBlock_decode_ssz_proof_generated.bend	0	1	56.54	5616
e2e/CompatibleUnionA_e2e_root_generated.bend	0	1	56.62	4095
proofs/gate/g__var_codec_BeaconBlock_enc_generated.bend	0	1	56.73	3717
proofs/obj/encx_SignedBeaconBlock_iface_o_generated.bend	0	1	56.84	3743
e2e/ProgressiveBitsStruct_e2e_dec_generated.bend	0	1	56.90	5622
e2e/e2e_vbxY_SignedBeaconBlock_generated.bend	0	1	57.29	7315
proofs/obj/encx_BeaconState_generated.bend	0	1	57.45	4334
e2e/FuluMatrixEntry_e2e_dec_generated.bend	0	1	57.56	3412
proofs/obj/encx_SignedBeaconBlock_generated.bend	0	1	58.15	3785
proofs/obj/encx_SignedBeaconBlock_iface_generated.bend	0	1	58.34	3737
e2e/e2e_vbx_BeaconState_generated.bend	0	1	59.32	7408
proofs/gate/g__var_codec_SignedBeaconBlock_enc_generated.bend	0	1	59.33	3745
proofs/obj/encx_BeaconState_size_generated.bend	0	1	59.94	5836
proofs/gate/g__var_codec_BeaconBlockBody_enc_generated.bend	0	1	60.02	3720
proofs/obj/var_codec_BeaconState_enc_generated.bend	0	1	60.30	6029
e2e/FuluExecutionPayload_e2e_generated.bend	0	1	61.08	6231
proofs/api/FuluSignedBeaconBlock_encode_ssz_proof_generated.bend	0	1	61.91	3684
proofs/api/FuluBeaconState_encode_ssz_proof_generated.bend	0	1	62.35	5838
e2e/vec_bool_513_e2e_dec_generated.bend	0	1	64.69	4607
proofs/obj/encx_BeaconState_iface_generated.bend	0	1	64.72	5917
e2e/e2e_vhb_BeaconBlock_generated.bend	0	1	66.48	9443
e2e/FuluBeaconState_e2e_root_generated.bend	0	1	66.85	5396
e2e/FuluBeaconState_e2e_dec_generated.bend	0	1	67.54	7222
proofs/obj/encx_BeaconState_o_generated.bend	0	1	67.94	5389
e2e/e2e_rec_BeaconBlockBody_generated.bend	0	1	69.30	6130
e2e/vec_uint256_31_e2e_dec_generated.bend	0	1	69.43	3430
e2e/e2e_vhb_SignedBeaconBlock_generated.bend	0	1	70.17	9555
e2e/FuluLightClientUpdate_e2e_generated.bend	0	1	70.40	5604
e2e/e2e_rec_BeaconBlock_generated.bend	0	1	70.99	5961
e2e/e2e_rec_SignedBeaconBlock_generated.bend	0	1	71.63	6586
e2e/FuluBeaconBlock_e2e_generated.bend	0	1	72.61	6832
e2e/FuluSignedBeaconBlock_e2e_generated.bend	0	1	72.84	5926
e2e/FuluBeaconBlockBody_e2e_dec_generated.bend	0	1	72.88	8920
e2e/e2e_dbs_generated.bend	0	1	75.16	7796
e2e/FuluBeaconBlock_e2e_dec_generated.bend	0	1	75.20	9033
proofs/gate/g__var_codec_BeaconState_enc_generated.bend	0	1	75.64	5863
e2e/e2e_vhb_BeaconBlockBody_generated.bend	0	1	77.22	7917
e2e/FuluBeaconBlockBody_e2e_generated.bend	0	1	83.58	6220
proofs/obj/encx_BeaconState_iface_o_generated.bend	0	1	86.44	6686
proofs/obj/var_codec_BeaconState_enc_o_generated.bend	0	1	87.18	6303
proofs/obj/encx_BeaconState_size_o_generated.bend	0	1	89.34	6668
e2e/FuluBeaconState_e2e_generated.bend	0	1	103.36	8898
e2e/FuluBeaconBlock_e2e_witness_generated.bend	0	1	104.30	8885
e2e/FuluSignedBeaconBlock_e2e_dec_generated.bend	0	1	107.82	7305
e2e/FuluBeaconBlockBody_e2e_witness_generated.bend	0	1	111.03	7831
e2e/FuluSignedBeaconBlock_e2e_witness_generated.bend	0	1	114.50	8715
e2e/FuluBeaconState_e2e_decrep_generated.bend	0	1	114.99	7991
e2e/FuluBeaconState_e2e_comp_generated.bend	0	1	154.56	8824
proofs/obj/coll_api_2_generated.bend	0	1	180.44	1334
proofs/obj/coll_bytes_generated.bend	0	1	193.21	644
proofs/obj/coll_api_4_generated.bend	0	1	194.68	652
proofs/obj/coll_api_1_generated.bend	0	1	195.06	1160
proofs/obj/coll_api_6_generated.bend	0	1	196.16	641
proofs/obj/coll_api_3_generated.bend	0	1	197.49	645
e2e/FuluBeaconState_e2e_witness_generated.bend	0	1	198.15	9486
proofs/obj/coll_bits_generated.bend	0	1	199.26	796
proofs/obj/coll_words.bend	0	1	206.83	566
proofs/obj/coll_api_0_generated.bend	0	1	207.87	922
proofs/obj/coll_api_5_generated.bend	0	1	208.51	1297
